time_s,temperature_C,pwm,heat_cool
0.12,35.66,0,1
0.24,35.66,0,1
0.37,35.66,0,1
0.49,35.66,0,1
0.61,35.66,0,1
0.73,35.66,0,1
0.85,35.66,0,1
0.98,35.66,0,1
1.1,35.66,0,1
1.22,35.66,0,1
1.34,35.66,0,1
1.47,35.66,0,1
1.59,35.66,0,1
1.71,35.66,0,1
1.83,35.66,0,1
1.95,35.66,0,1
2.08,35.66,0,1
2.2,35.66,0,1
2.32,35.66,0,1
2.44,35.66,0,1
2.57,35.66,0,1
2.69,35.66,0,1
2.81,35.66,0,1
2.93,35.66,0,1
3.05,35.66,0,1
3.18,35.66,0,1
3.3,35.66,0,1
3.42,35.66,0,1
3.54,35.66,0,1
3.66,35.66,0,1
3.79,35.66,0,1
3.91,35.66,0,1
4.03,35.66,0,1
4.15,35.66,0,1
4.28,35.66,0,1
4.4,35.66,0,1
4.52,35.66,0,1
4.64,35.66,0,1
4.76,35.66,0,1
4.89,35.66,0,1
5.01,35.66,0,1
5.13,35.66,0,1
5.25,35.66,0,1
5.38,35.66,0,1
5.5,35.66,0,1
5.62,35.66,0,1
5.74,35.66,0,1
5.86,35.66,0,1
5.99,35.66,0,1
6.11,35.66,0,1
6.23,35.66,0,1
6.35,35.66,0,1
6.48,35.66,0,1
6.6,35.66,0,1
6.72,35.66,0,1
6.84,35.66,0,1
6.97,35.66,0,1
7.09,35.66,0,1
7.21,35.66,0,1
7.33,35.66,0,1
7.45,35.66,0,1
7.57,35.66,0,1
7.7,35.66,0,1
7.82,35.66,0,1
7.94,35.66,0,1
8.06,35.66,0,1
8.19,35.66,0,1
8.31,35.66,0,1
8.43,35.66,0,1
8.55,35.66,0,1
8.68,35.66,0,1
8.8,35.66,0,1
8.92,35.66,0,1
9.04,35.66,0,1
9.16,35.66,0,1
9.29,35.66,0,1
9.41,35.66,0,1
9.53,35.66,0,1
9.65,35.66,0,1
9.78,35.66,0,1
9.9,35.66,0,1
10.02,35.66,0,1
10.14,35.66,0,1
10.26,35.66,0,1
10.39,35.66,0,1
10.51,35.66,0,1
10.63,35.66,0,1
10.75,35.66,0,1
10.88,35.66,0,1
11.0,35.66,0,1
11.12,35.66,0,1
11.24,35.66,0,1
11.36,35.66,0,1
11.49,35.66,0,1
11.61,35.66,0,1
11.73,35.66,0,1
11.85,35.66,0,1
11.98,35.66,0,1
12.1,35.66,0,1
12.22,35.66,0,1
12.34,35.66,0,1
12.47,35.66,0,1
12.59,35.66,0,1
12.71,35.66,0,1
12.83,35.66,0,1
12.95,35.66,0,1
13.08,35.66,0,1
13.2,35.66,0,1
13.32,35.66,0,1
13.44,35.66,0,1
13.56,35.66,0,1
13.69,35.66,0,1
13.81,35.66,0,1
13.93,35.66,0,1
14.06,35.66,0,1
14.18,35.66,0,1
14.3,35.66,0,1
14.42,35.66,0,1
14.54,35.66,0,1
14.67,35.66,0,1
14.79,35.66,0,1
14.91,35.66,0,1
15.03,35.66,0,1
15.16,35.66,0,1
15.28,35.66,0,1
15.4,35.66,0,1
15.52,35.66,0,1
15.64,35.66,0,1
15.77,35.66,0,1
15.89,35.66,0,1
16.01,35.66,0,1
16.13,35.66,0,1
16.26,35.66,0,1
16.38,35.66,0,1
16.5,35.66,0,1
16.62,35.66,0,1
16.75,35.66,0,1
16.87,35.66,0,1
16.99,35.66,0,1
17.11,35.66,0,1
17.23,35.66,0,1
17.36,35.66,0,1
17.48,35.66,0,1
17.6,35.66,0,1
17.72,35.66,0,1
17.85,35.66,0,1
17.97,35.66,0,1
18.09,35.66,0,1
18.21,35.66,0,1
18.33,35.66,0,1
18.46,35.66,0,1
18.58,35.66,0,1
18.7,35.66,0,1
18.82,35.66,0,1
18.95,35.66,0,1
19.07,35.66,0,1
19.19,35.66,0,1
19.31,35.66,0,1
19.43,35.66,0,1
19.56,35.66,0,1
19.68,35.66,0,1
19.8,35.66,0,1
19.92,35.66,0,1
20.05,35.66,0,1
20.17,35.66,0,1
20.29,35.66,0,1
20.41,35.66,0,1
20.54,35.66,0,1
20.66,35.66,0,1
20.78,35.66,0,1
20.9,35.66,0,1
21.02,35.66,0,1
21.15,35.66,0,1
21.27,35.66,0,1
21.39,35.66,0,1
21.51,35.66,0,1
21.64,35.65,0,1
21.76,35.65,0,1
21.88,35.66,0,1
22.0,35.66,0,1
22.12,35.66,0,1
22.25,35.66,0,1
22.37,35.66,0,1
22.49,35.66,0,1
22.61,35.66,0,1
22.74,35.66,0,1
22.86,35.66,0,1
22.98,35.65,0,1
23.1,35.66,0,1
23.23,35.66,0,1
23.35,35.66,0,1
23.47,35.65,0,1
23.59,35.66,0,1
23.71,35.66,0,1
23.84,35.66,0,1
23.96,35.66,0,1
24.08,35.65,0,1
24.2,35.65,0,1
24.33,35.65,0,1
24.45,35.65,0,1
24.57,35.65,0,1
24.69,35.65,0,1
24.81,35.65,0,1
24.94,35.65,0,1
25.06,35.65,0,1
25.18,35.65,0,1
25.3,35.65,0,1
25.43,35.65,0,1
25.55,35.65,0,1
25.67,35.65,0,1
25.79,35.65,0,1
25.92,35.65,0,1
26.04,35.65,0,1
26.16,35.65,0,1
26.28,35.65,0,1
26.4,35.65,0,1
26.53,35.65,0,1
26.65,35.65,0,1
26.77,35.65,0,1
26.89,35.65,0,1
27.02,35.65,0,1
27.14,35.65,0,1
27.26,35.65,0,1
27.38,35.65,0,1
27.5,35.65,0,1
27.63,35.65,0,1
27.75,35.65,0,1
27.87,35.65,0,1
28.0,35.65,0,1
28.12,35.66,0,1
28.24,35.66,0,1
28.36,35.66,0,1
28.48,35.66,0,1
28.61,35.66,0,1
28.73,35.66,0,1
28.85,35.66,0,1
28.97,35.66,0,1
29.09,35.66,0,1
29.22,35.66,0,1
29.34,35.66,0,1
29.46,35.66,0,1
29.58,35.66,0,1
29.71,35.66,0,1
29.83,35.65,0,1
29.95,35.66,0,1
30.07,35.66,0,1
30.19,35.66,0,1
30.32,35.66,0,1
30.44,35.66,0,1
30.56,35.66,0,1
30.68,35.66,0,1
30.81,35.66,0,1
30.93,35.66,0,1
31.05,35.66,0,1
31.17,35.66,0,1
31.3,35.65,0,1
31.42,35.66,0,1
31.54,35.66,0,1
31.66,35.66,0,1
31.78,35.65,0,1
31.91,35.65,0,1
32.03,35.66,0,1
32.15,35.66,0,1
32.27,35.65,0,1
32.4,35.66,0,1
32.52,35.66,0,1
32.64,35.65,0,1
32.76,35.66,0,1
32.88,35.66,0,1
33.01,35.66,0,1
33.13,35.66,0,1
33.25,35.66,0,1
33.38,35.66,0,1
33.5,35.66,0,1
33.62,35.66,0,1
33.74,35.66,0,1
33.86,35.65,0,1
33.99,35.66,0,1
34.11,35.66,0,1
34.23,35.66,0,1
34.35,35.65,0,1
34.48,35.66,0,1
34.6,35.66,0,1
34.72,35.65,0,1
34.84,35.66,0,1
34.96,35.66,0,1
35.09,35.65,0,1
35.21,35.66,0,1
35.33,35.66,0,1
35.45,35.66,0,1
35.58,35.66,0,1
35.7,35.66,0,1
35.82,35.66,0,1
35.94,35.66,0,1
36.06,35.66,0,1
36.19,35.66,0,1
36.31,35.66,0,1
36.43,35.66,0,1
36.55,35.66,0,1
36.68,35.66,0,1
36.8,35.66,0,1
36.92,35.66,0,1
37.04,35.66,0,1
37.17,35.66,0,1
37.29,35.66,0,1
37.41,35.66,0,1
37.53,35.66,0,1
37.65,35.66,0,1
37.78,35.66,0,1
37.9,35.66,0,1
38.02,35.66,0,1
38.14,35.66,0,1
38.27,35.66,0,1
38.39,35.66,0,1
38.51,35.66,0,1
38.63,35.66,0,1
38.76,35.66,0,1
38.88,35.66,0,1
39.0,35.66,0,1
39.12,35.66,0,1
39.24,35.66,0,1
39.37,35.66,0,1
39.49,35.66,0,1
39.61,35.66,0,1
39.73,35.66,0,1
39.86,35.65,0,1
39.98,35.66,0,1
40.1,35.66,0,1
40.22,35.66,0,1
40.34,35.66,0,1
40.47,35.66,0,1
40.59,35.65,0,1
40.71,35.65,0,1
40.83,35.66,0,1
40.96,35.66,0,1
41.08,35.65,0,1
41.2,35.65,0,1
41.32,35.66,0,1
41.45,35.65,0,1
41.57,35.65,0,1
41.69,35.65,0,1
41.81,35.65,0,1
41.93,35.65,0,1
42.06,35.65,0,1
42.18,35.65,0,1
42.3,35.66,0,1
42.42,35.65,0,1
42.55,35.65,0,1
42.67,35.65,0,1
42.79,35.65,0,1
42.91,35.65,0,1
43.04,35.65,0,1
43.16,35.66,0,1
43.28,35.65,0,1
43.4,35.65,0,1
43.52,35.65,0,1
43.65,35.66,0,1
43.77,35.65,0,1
43.89,35.65,0,1
44.01,35.65,0,1
44.13,35.65,0,1
44.26,35.66,0,1
44.38,35.66,0,1
44.5,35.66,0,1
44.62,35.65,0,1
44.75,35.66,0,1
44.87,35.65,0,1
44.99,35.65,0,1
45.11,35.65,0,1
45.24,35.65,0,1
45.36,35.65,0,1
45.48,35.65,0,1
45.6,35.66,0,1
45.72,35.65,0,1
45.85,35.65,0,1
45.97,35.65,0,1
46.09,35.66,0,1
46.21,35.66,0,1
46.34,35.66,0,1
46.46,35.66,0,1
46.58,35.66,0,1
46.7,35.66,0,1
46.83,35.66,0,1
46.95,35.66,0,1
47.07,35.66,0,1
47.19,35.66,0,1
47.31,35.66,0,1
47.44,35.66,0,1
47.56,35.66,0,1
47.68,35.66,0,1
47.8,35.66,0,1
47.93,35.66,0,1
48.05,35.66,0,1
48.17,35.65,0,1
48.29,35.66,0,1
48.42,35.66,0,1
48.54,35.65,0,1
48.66,35.65,0,1
48.78,35.65,0,1
48.9,35.65,0,1
49.03,35.65,0,1
49.15,35.65,0,1
49.27,35.65,0,1
49.39,35.65,0,1
49.52,35.65,0,1
49.64,35.65,0,1
49.76,35.65,0,1
49.88,35.65,0,1
50.0,35.65,0,1
50.13,35.65,0,1
50.25,35.65,0,1
50.37,35.65,0,1
50.49,35.65,0,1
50.62,35.65,0,1
50.74,35.65,0,1
50.86,35.65,0,1
50.98,35.65,0,1
51.11,35.65,0,1
51.23,35.65,0,1
51.35,35.65,0,1
51.47,35.65,0,1
51.59,35.65,0,1
51.72,35.65,0,1
51.84,35.65,0,1
51.96,35.65,0,1
52.08,35.65,0,1
52.21,35.65,0,1
52.33,35.65,0,1
52.45,35.65,0,1
52.57,35.65,0,1
52.7,35.65,0,1
52.82,35.65,0,1
52.94,35.65,0,1
53.06,35.65,0,1
53.18,35.65,0,1
53.31,35.65,0,1
53.43,35.65,0,1
53.55,35.65,0,1
53.67,35.65,0,1
53.79,35.65,0,1
53.92,35.65,0,1
54.04,35.65,0,1
54.16,35.65,0,1
54.28,35.65,0,1
54.41,35.65,0,1
54.53,35.65,0,1
54.65,35.65,0,1
54.77,35.65,0,1
54.9,35.65,0,1
55.02,35.65,0,1
55.14,35.65,0,1
55.26,35.65,0,1
55.38,35.65,0,1
55.51,35.65,0,1
55.63,35.65,0,1
55.75,35.65,0,1
55.87,35.65,0,1
56.0,35.65,0,1
56.12,35.65,0,1
56.24,35.65,0,1
56.36,35.65,0,1
56.49,35.65,0,1
56.61,35.65,0,1
56.73,35.65,0,1
56.85,35.65,0,1
56.97,35.65,0,1
57.1,35.65,0,1
57.22,35.65,0,1
57.34,35.65,0,1
57.46,35.65,0,1
57.59,35.65,0,1
57.71,35.65,0,1
57.83,35.65,0,1
57.95,35.65,0,1
58.08,35.65,0,1
58.2,35.65,0,1
58.32,35.65,0,1
58.44,35.65,0,1
58.56,35.65,0,1
58.69,35.65,0,1
58.81,35.65,0,1
58.93,35.65,0,1
59.05,35.65,0,1
59.18,35.65,0,1
59.3,35.65,0,1
59.42,35.65,0,1
59.54,35.65,0,1
59.67,35.65,0,1
59.79,35.65,0,1
59.91,35.65,0,1
60.03,35.65,0,1
60.15,35.65,0,1
60.28,35.65,0,1
60.4,35.65,0,1
60.52,35.65,0,1
60.64,35.65,0,1
60.77,35.65,0,1
60.89,35.65,0,1
61.01,35.65,0,1
61.13,35.65,0,1
61.25,35.65,0,1
61.38,35.65,0,1
61.5,35.65,0,1
61.62,35.65,0,1
61.74,35.65,0,1
61.87,35.65,0,1
61.99,35.65,0,1
62.11,35.65,0,1
62.23,35.65,0,1
62.36,35.65,0,1
62.48,35.65,0,1
62.6,35.65,0,1
62.72,35.65,0,1
62.84,35.65,0,1
62.97,35.65,0,1
63.09,35.65,0,1
63.21,35.65,0,1
63.33,35.65,0,1
63.46,35.65,0,1
63.58,35.65,0,1
63.7,35.65,0,1
63.82,35.65,0,1
63.94,35.65,0,1
64.07,35.65,0,1
64.19,35.65,0,1
64.31,35.65,0,1
64.43,35.65,0,1
64.56,35.65,0,1
64.68,35.65,0,1
64.8,35.65,0,1
64.92,35.65,0,1
65.04,35.65,0,1
65.17,35.65,0,1
65.29,35.65,0,1
65.41,35.65,0,1
65.53,35.65,0,1
65.66,35.65,0,1
65.78,35.65,0,1
65.9,35.65,0,1
66.02,35.65,0,1
66.14,35.65,0,1
66.27,35.65,0,1
66.39,35.65,0,1
66.51,35.65,0,1
66.63,35.65,0,1
66.76,35.65,0,1
66.88,35.65,0,1
67.0,35.65,0,1
67.12,35.65,0,1
67.25,35.65,0,1
67.37,35.65,0,1
67.49,35.65,0,1
67.61,35.64,0,1
67.73,35.65,0,1
67.86,35.65,0,1
67.98,35.65,0,1
68.1,35.65,0,1
68.22,35.65,0,1
68.35,35.65,0,1
68.47,35.65,0,1
68.59,35.65,0,1
68.71,35.65,0,1
68.83,35.64,0,1
68.96,35.65,0,1
69.08,35.65,0,1
69.2,35.65,0,1
69.32,35.65,0,1
69.45,35.65,0,1
69.57,35.64,0,1
69.69,35.65,0,1
69.81,35.65,0,1
69.94,35.64,0,1
70.06,35.65,0,1
70.18,35.65,0,1
70.3,35.65,0,1
70.43,35.64,0,1
70.55,35.65,0,1
70.67,35.65,0,1
70.79,35.65,0,1
70.91,35.65,0,1
71.04,35.65,0,1
71.16,35.65,0,1
71.28,35.65,0,1
71.4,35.65,0,1
71.52,35.65,0,1
71.65,35.64,0,1
71.77,35.65,0,1
71.89,35.65,0,1
72.01,35.64,0,1
72.14,35.65,0,1
72.26,35.65,0,1
72.38,35.64,0,1
72.5,35.64,0,1
72.63,35.65,0,1
72.75,35.65,0,1
72.87,35.64,0,1
72.99,35.65,0,1
73.11,35.65,0,1
73.24,35.64,0,1
73.36,35.65,0,1
73.48,35.65,0,1
73.6,35.64,0,1
73.73,35.64,0,1
73.85,35.65,0,1
73.97,35.65,0,1
74.09,35.64,0,1
74.22,35.65,0,1
74.34,35.65,0,1
74.46,35.64,0,1
74.58,35.65,0,1
74.7,35.65,0,1
74.83,35.65,0,1
74.95,35.65,0,1
75.07,35.65,0,1
75.19,35.65,0,1
75.32,35.65,0,1
75.44,35.65,0,1
75.56,35.65,0,1
75.68,35.65,0,1
75.8,35.65,0,1
75.93,35.65,0,1
76.05,35.65,0,1
76.17,35.65,0,1
76.29,35.65,0,1
76.42,35.65,0,1
76.54,35.65,0,1
76.66,35.65,0,1
76.78,35.65,0,1
76.91,35.65,0,1
77.03,35.65,0,1
77.15,35.65,0,1
77.27,35.65,0,1
77.39,35.65,0,1
77.52,35.65,0,1
77.64,35.65,0,1
77.76,35.65,0,1
77.88,35.65,0,1
78.01,35.65,0,1
78.13,35.65,0,1
78.25,35.65,0,1
78.37,35.65,0,1
78.5,35.65,0,1
78.62,35.65,0,1
78.74,35.65,0,1
78.86,35.65,0,1
78.98,35.65,0,1
79.11,35.65,0,1
79.23,35.65,0,1
79.35,35.65,0,1
79.47,35.65,0,1
79.6,35.65,0,1
79.72,35.65,0,1
79.84,35.65,0,1
79.96,35.65,0,1
80.08,35.65,0,1
80.21,35.65,0,1
80.33,35.65,0,1
80.45,35.65,0,1
80.57,35.65,0,1
80.7,35.65,0,1
80.82,35.65,0,1
80.94,35.65,0,1
81.06,35.65,0,1
81.18,35.65,0,1
81.31,35.65,0,1
81.43,35.65,0,1
81.55,35.65,0,1
81.68,35.65,0,1
81.8,35.65,0,1
81.92,35.65,0,1
82.04,35.65,0,1
82.16,35.65,0,1
82.29,35.65,0,1
82.41,35.65,0,1
82.53,35.65,0,1
82.65,35.65,0,1
82.77,35.65,0,1
82.9,35.65,0,1
83.02,35.65,0,1
83.14,35.65,0,1
83.26,35.65,0,1
83.39,35.65,0,1
83.51,35.65,0,1
83.63,35.65,0,1
83.75,35.65,0,1
83.87,35.65,0,1
84.0,35.65,0,1
84.12,35.64,0,1
84.24,35.65,0,1
84.36,35.65,0,1
84.49,35.65,0,1
84.61,35.65,0,1
84.73,35.65,0,1
84.85,35.65,0,1
84.98,35.65,0,1
85.1,35.65,0,1
85.22,35.65,0,1
85.34,35.65,0,1
85.46,35.64,0,1
85.59,35.65,0,1
85.71,35.65,0,1
85.83,35.65,0,1
85.95,35.65,0,1
86.08,35.65,0,1
86.2,35.64,0,1
86.32,35.65,0,1
86.44,35.65,0,1
86.56,35.65,0,1
86.69,35.65,0,1
86.81,35.65,0,1
86.93,35.64,0,1
87.05,35.65,0,1
87.18,35.65,0,1
87.3,35.65,0,1
87.42,35.64,0,1
87.54,35.65,0,1
87.67,35.65,0,1
87.79,35.65,0,1
87.91,35.65,0,1
88.03,35.65,0,1
88.15,35.65,0,1
88.28,35.64,0,1
88.4,35.65,0,1
88.52,35.65,0,1
88.64,35.64,0,1
88.77,35.65,0,1
88.89,35.65,0,1
89.01,35.65,0,1
89.13,35.65,0,1
89.25,35.65,0,1
89.38,35.64,0,1
89.5,35.64,0,1
89.62,35.65,0,1
89.75,35.65,0,1
89.87,35.64,0,1
89.99,35.65,0,1
90.11,35.64,0,1
90.23,35.64,0,1
90.36,35.65,0,1
90.48,35.65,0,1
90.6,35.65,0,1
90.72,35.65,0,1
90.85,35.65,0,1
90.97,35.65,0,1
91.09,35.64,0,1
91.21,35.65,0,1
91.33,35.65,0,1
91.46,35.64,0,1
91.58,35.64,0,1
91.7,35.65,0,1
91.82,35.65,0,1
91.94,35.65,0,1
92.07,35.64,0,1
92.19,35.65,0,1
92.31,35.65,0,1
92.43,35.65,0,1
92.56,35.65,0,1
92.68,35.65,0,1
92.8,35.64,0,1
92.92,35.65,0,1
93.05,35.65,0,1
93.17,35.64,0,1
93.29,35.65,0,1
93.41,35.65,0,1
93.54,35.65,0,1
93.66,35.64,0,1
93.78,35.64,0,1
93.9,35.65,0,1
94.02,35.64,0,1
94.15,35.64,0,1
94.27,35.65,0,1
94.39,35.64,0,1
94.51,35.64,0,1
94.64,35.65,0,1
94.76,35.64,0,1
94.88,35.64,0,1
95.0,35.65,0,1
95.12,35.64,0,1
95.25,35.64,0,1
95.37,35.65,0,1
95.49,35.65,0,1
95.61,35.64,0,1
95.74,35.65,0,1
95.86,35.65,0,1
95.98,35.65,0,1
96.1,35.64,0,1
96.23,35.64,0,1
96.35,35.65,0,1
96.47,35.64,0,1
96.59,35.64,0,1
96.71,35.65,0,1
96.84,35.65,0,1
96.96,35.64,0,1
97.08,35.64,0,1
97.2,35.65,0,1
97.33,35.64,0,1
97.45,35.64,0,1
97.57,35.64,0,1
97.69,35.65,0,1
97.81,35.64,0,1
97.94,35.65,0,1
98.06,35.64,0,1
98.18,35.64,0,1
98.3,35.64,0,1
98.43,35.64,0,1
98.55,35.64,0,1
98.67,35.64,0,1
98.79,35.65,0,1
98.92,35.64,0,1
99.04,35.64,0,1
99.16,35.65,0,1
99.28,35.64,0,1
99.4,35.64,0,1
99.53,35.64,0,1
99.65,35.64,0,1
99.77,35.65,0,1
99.89,35.64,0,1
100.02,35.64,0,1
100.14,35.65,0,1
100.26,35.64,0,1
100.38,35.64,0,1
100.5,35.65,0,1
100.63,35.64,0,1
100.75,35.64,0,1
100.87,35.64,0,1
101.0,35.64,0,1
101.12,35.64,0,1
101.24,35.65,0,1
101.36,35.64,0,1
101.48,35.64,0,1
101.61,35.64,0,1
101.73,35.64,0,1
101.85,35.64,0,1
101.97,35.64,0,1
102.09,35.64,0,1
102.22,35.64,0,1
102.34,35.64,0,1
102.46,35.65,0,1
102.58,35.65,0,1
102.71,35.64,0,1
102.83,35.65,0,1
102.95,35.64,0,1
103.07,35.64,0,1
103.2,35.64,0,1
103.32,35.65,0,1
103.44,35.64,0,1
103.56,35.64,0,1
103.69,35.64,0,1
103.81,35.65,0,1
103.93,35.64,0,1
104.05,35.64,0,1
104.18,35.64,0,1
104.3,35.64,0,1
104.42,35.64,0,1
104.54,35.64,0,1
104.66,35.64,0,1
104.79,35.64,0,1
104.91,35.64,0,1
105.03,35.64,0,1
105.15,35.64,0,1
105.28,35.64,0,1
105.4,35.65,0,1
105.52,35.65,0,1
105.64,35.64,0,1
105.76,35.64,0,1
105.89,35.64,0,1
106.01,35.64,0,1
106.13,35.64,0,1
106.25,35.64,0,1
106.38,35.64,0,1
106.5,35.64,0,1
106.62,35.64,0,1
106.74,35.64,0,1
106.87,35.64,0,1
106.99,35.64,0,1
107.11,35.64,0,1
107.23,35.64,0,1
107.36,35.64,0,1
107.48,35.64,0,1
107.6,35.64,0,1
107.72,35.64,0,1
107.84,35.64,0,1
107.97,35.64,0,1
108.09,35.64,0,1
108.21,35.64,0,1
108.33,35.64,0,1
108.46,35.64,0,1
108.58,35.64,0,1
108.7,35.64,0,1
108.82,35.64,0,1
108.95,35.64,0,1
109.07,35.64,0,1
109.19,35.64,0,1
109.31,35.64,0,1
109.43,35.64,0,1
109.56,35.64,0,1
109.68,35.64,0,1
109.8,35.64,0,1
109.93,35.64,0,1
110.05,35.64,0,1
110.17,35.64,0,1
110.29,35.64,0,1
110.41,35.64,0,1
110.54,35.64,0,1
110.66,35.64,0,1
110.78,35.64,0,1
110.9,35.65,0,1
111.03,35.64,0,1
111.15,35.64,0,1
111.27,35.64,0,1
111.39,35.64,0,1
111.51,35.64,0,1
111.64,35.64,0,1
111.76,35.64,0,1
111.88,35.64,0,1
112.0,35.64,0,1
112.13,35.64,0,1
112.25,35.64,0,1
112.37,35.64,0,1
112.49,35.64,0,1
112.62,35.64,0,1
112.74,35.64,0,1
112.86,35.64,0,1
112.98,35.64,0,1
113.11,35.64,0,1
113.23,35.64,0,1
113.35,35.64,0,1
113.47,35.64,0,1
113.59,35.64,0,1
113.72,35.64,0,1
113.84,35.64,0,1
113.96,35.64,0,1
114.08,35.64,0,1
114.21,35.64,0,1
114.33,35.64,0,1
114.45,35.64,0,1
114.57,35.64,0,1
114.7,35.64,0,1
114.82,35.64,0,1
114.94,35.64,0,1
115.06,35.64,0,1
115.18,35.64,0,1
115.31,35.64,0,1
115.43,35.64,0,1
115.55,35.64,0,1
115.67,35.64,0,1
115.8,35.64,0,1
115.92,35.64,0,1
116.04,35.64,0,1
116.16,35.64,0,1
116.29,35.64,0,1
116.41,35.64,0,1
116.53,35.64,0,1
116.65,35.64,0,1
116.77,35.64,0,1
116.9,35.64,0,1
117.02,35.64,0,1
117.14,35.64,0,1
117.26,35.64,0,1
117.39,35.64,0,1
117.51,35.64,0,1
117.63,35.64,0,1
117.75,35.64,0,1
117.88,35.64,0,1
118.0,35.64,0,1
118.12,35.64,0,1
118.24,35.64,0,1
118.37,35.64,0,1
118.49,35.64,0,1
118.61,35.64,0,1
118.73,35.64,0,1
118.85,35.64,0,1
118.98,35.64,0,1
119.1,35.64,0,1
119.22,35.64,0,1
119.34,35.64,0,1
119.47,35.64,0,1
119.59,35.64,0,1
119.71,35.64,0,1
119.83,35.64,0,1
119.96,35.64,0,1
120.08,35.64,0,1
120.2,35.64,0,1
120.32,35.64,0,1
120.44,35.64,0,1
120.57,35.64,0,1
120.69,35.64,0,1
120.81,35.64,0,1
120.93,35.64,0,1
121.06,35.64,0,1
121.18,35.64,0,1
121.3,35.64,0,1
121.42,35.64,0,1
121.54,35.64,0,1
121.67,35.64,0,1
121.79,35.64,0,1
121.91,35.64,0,1
122.04,35.64,0,1
122.16,35.64,0,1
122.28,35.64,0,1
122.4,35.64,0,1
122.52,35.64,0,1
122.65,35.64,0,1
122.77,35.64,0,1
122.89,35.64,0,1
123.01,35.64,0,1
123.14,35.64,0,1
123.26,35.64,0,1
123.38,35.64,0,1
123.5,35.64,0,1
123.62,35.64,0,1
123.75,35.64,0,1
123.87,35.64,0,1
123.99,35.64,0,1
124.11,35.64,0,1
124.24,35.64,0,1
124.36,35.64,0,1
124.48,35.64,0,1
124.6,35.64,0,1
124.73,35.64,0,1
124.85,35.64,0,1
124.97,35.64,0,1
125.09,35.64,0,1
125.21,35.64,0,1
125.34,35.64,0,1
125.46,35.64,0,1
125.58,35.64,0,1
125.7,35.64,0,1
125.83,35.64,0,1
125.95,35.64,0,1
126.07,35.64,0,1
126.19,35.64,0,1
126.32,35.64,0,1
126.44,35.64,0,1
126.56,35.64,0,1
126.68,35.64,0,1
126.81,35.64,0,1
126.93,35.64,0,1
127.05,35.64,0,1
127.17,35.64,0,1
127.29,35.64,0,1
127.42,35.64,0,1
127.54,35.64,0,1
127.66,35.64,0,1
127.78,35.64,0,1
127.91,35.64,0,1
128.03,35.64,0,1
128.15,35.64,0,1
128.27,35.64,0,1
128.4,35.64,0,1
128.52,35.64,0,1
128.64,35.63,0,1
128.76,35.64,0,1
128.88,35.64,0,1
129.01,35.64,0,1
129.13,35.64,0,1
129.25,35.64,0,1
129.38,35.64,0,1
129.5,35.64,0,1
129.62,35.64,0,1
129.74,35.64,0,1
129.86,35.64,0,1
129.99,35.64,0,1
130.11,35.64,0,1
130.23,35.64,0,1
130.35,35.64,0,1
130.48,35.64,0,1
130.6,35.64,0,1
130.72,35.64,0,1
130.84,35.64,0,1
130.97,35.64,0,1
131.09,35.64,0,1
131.21,35.64,0,1
131.33,35.64,0,1
131.45,35.64,0,1
131.58,35.64,0,1
131.7,35.64,0,1
131.82,35.64,0,1
131.94,35.64,0,1
132.07,35.64,0,1
132.19,35.64,0,1
132.31,35.64,0,1
132.43,35.63,0,1
132.55,35.64,0,1
132.68,35.64,0,1
132.8,35.64,0,1
132.92,35.64,0,1
133.05,35.64,0,1
133.17,35.64,0,1
133.29,35.63,0,1
133.41,35.64,0,1
133.53,35.64,0,1
133.66,35.64,0,1
133.78,35.64,0,1
133.9,35.64,0,1
134.02,35.64,0,1
134.15,35.63,0,1
134.27,35.64,0,1
134.39,35.64,0,1
134.51,35.63,0,1
134.63,35.64,0,1
134.76,35.64,0,1
134.88,35.64,0,1
135.0,35.64,0,1
135.12,35.64,0,1
135.25,35.64,0,1
135.37,35.63,0,1
135.49,35.64,0,1
135.61,35.64,0,1
135.74,35.64,0,1
135.86,35.63,0,1
135.98,35.64,0,1
136.1,35.64,0,1
136.23,35.63,0,1
136.35,35.64,0,1
136.47,35.64,0,1
136.59,35.64,0,1
136.72,35.64,0,1
136.84,35.64,0,1
136.96,35.63,0,1
137.08,35.64,0,1
137.2,35.64,0,1
137.33,35.64,0,1
137.45,35.63,0,1
137.57,35.64,0,1
137.69,35.64,0,1
137.82,35.63,0,1
137.94,35.63,0,1
138.06,35.64,0,1
138.18,35.63,0,1
138.3,35.63,0,1
138.43,35.64,0,1
138.55,35.64,0,1
138.67,35.63,0,1
138.8,35.63,0,1
138.92,35.64,0,1
139.04,35.63,0,1
139.16,35.63,0,1
139.28,35.64,0,1
139.41,35.64,0,1
139.53,35.63,0,1
139.65,35.64,0,1
139.77,35.64,0,1
139.9,35.64,0,1
140.02,35.64,0,1
140.14,35.63,0,1
140.26,35.63,0,1
140.38,35.63,0,1
140.51,35.64,0,1
140.63,35.64,0,1
140.75,35.63,0,1
140.87,35.64,0,1
141.0,35.64,0,1
141.12,35.63,0,1
141.24,35.64,0,1
141.36,35.64,0,1
141.49,35.63,0,1
141.61,35.63,0,1
141.73,35.64,0,1
141.85,35.64,0,1
141.98,35.63,0,1
142.1,35.63,0,1
142.22,35.63,0,1
142.34,35.64,0,1
142.47,35.63,0,1
142.59,35.64,0,1
142.71,35.64,0,1
142.83,35.63,0,1
142.95,35.63,0,1
143.08,35.64,0,1
143.2,35.63,0,1
143.32,35.63,0,1
143.44,35.63,0,1
143.57,35.63,0,1
143.69,35.63,0,1
143.81,35.64,0,1
143.93,35.64,0,1
144.05,35.63,0,1
144.18,35.63,0,1
144.3,35.63,0,1
144.42,35.63,0,1
144.54,35.63,0,1
144.67,35.63,0,1
144.79,35.63,0,1
144.91,35.63,0,1
145.03,35.63,0,1
145.16,35.63,0,1
145.28,35.63,0,1
145.4,35.63,0,1
145.52,35.63,0,1
145.65,35.63,0,1
145.77,35.63,0,1
145.89,35.63,0,1
146.01,35.63,0,1
146.13,35.63,0,1
146.26,35.63,0,1
146.38,35.63,0,1
146.5,35.63,0,1
146.62,35.63,0,1
146.75,35.63,0,1
146.87,35.63,0,1
146.99,35.63,0,1
147.11,35.63,0,1
147.24,35.63,0,1
147.36,35.63,0,1
147.48,35.63,0,1
147.6,35.63,0,1
147.73,35.63,0,1
147.85,35.63,0,1
147.97,35.63,0,1
148.09,35.63,0,1
148.21,35.63,0,1
148.34,35.63,0,1
148.46,35.63,0,1
148.58,35.63,0,1
148.7,35.63,0,1
148.83,35.63,0,1
148.95,35.63,0,1
149.07,35.63,0,1
149.19,35.63,0,1
149.32,35.63,0,1
149.44,35.63,0,1
149.56,35.63,0,1
149.68,35.63,0,1
149.8,35.63,0,1
149.93,35.63,0,1
150.05,35.63,0,1
150.17,35.63,0,1
150.29,35.63,0,1
150.42,35.63,0,1
150.54,35.63,0,1
150.66,35.63,0,1
150.78,35.63,0,1
150.91,35.63,0,1
151.03,35.63,0,1
151.15,35.63,0,1
151.27,35.63,0,1
151.4,35.63,0,1
151.52,35.63,0,1
151.64,35.63,0,1
151.76,35.63,0,1
151.88,35.63,0,1
152.01,35.63,0,1
152.13,35.63,0,1
152.25,35.63,0,1
152.37,35.63,0,1
152.5,35.63,0,1
152.62,35.63,0,1
152.74,35.63,0,1
152.86,35.63,0,1
152.99,35.63,0,1
153.11,35.63,0,1
153.23,35.63,0,1
153.35,35.63,0,1
153.48,35.63,0,1
153.6,35.63,0,1
153.72,35.63,0,1
153.84,35.63,0,1
153.96,35.63,0,1
154.09,35.63,0,1
154.21,35.63,0,1
154.33,35.63,0,1
154.45,35.63,0,1
154.58,35.63,0,1
154.7,35.63,0,1
154.82,35.63,0,1
154.94,35.63,0,1
155.07,35.63,0,1
155.19,35.63,0,1
155.31,35.63,0,1
155.43,35.63,0,1
155.55,35.63,0,1
155.68,35.63,0,1
155.8,35.63,0,1
155.92,35.63,0,1
156.04,35.63,0,1
156.17,35.63,0,1
156.29,35.63,0,1
156.41,35.63,0,1
156.53,35.63,0,1
156.66,35.63,0,1
156.78,35.63,0,1
156.9,35.63,0,1
157.02,35.63,0,1
157.14,35.63,0,1
157.27,35.63,0,1
157.39,35.63,0,1
157.51,35.63,0,1
157.63,35.63,0,1
157.76,35.63,0,1
157.88,35.63,0,1
158.0,35.63,0,1
158.12,35.63,0,1
158.25,35.63,0,1
158.37,35.63,0,1
158.49,35.63,0,1
158.61,35.63,0,1
158.74,35.63,0,1
158.86,35.63,0,1
158.98,35.63,0,1
159.1,35.63,0,1
159.22,35.63,0,1
159.35,35.63,0,1
159.47,35.63,0,1
159.59,35.63,0,1
159.71,35.63,0,1
159.84,35.63,0,1
159.96,35.63,0,1
160.08,35.63,0,1
160.2,35.63,0,1
160.33,35.63,0,1
160.45,35.63,0,1
160.57,35.63,0,1
160.69,35.63,0,1
160.82,35.63,0,1
160.94,35.63,0,1
161.06,35.63,0,1
161.18,35.63,0,1
161.3,35.63,0,1
161.43,35.63,0,1
161.55,35.63,0,1
161.67,35.63,0,1
161.79,35.63,0,1
161.91,35.63,0,1
162.04,35.63,0,1
162.16,35.63,0,1
162.28,35.63,0,1
162.4,35.62,0,1
162.53,35.63,0,1
162.65,35.63,0,1
162.77,35.63,0,1
162.89,35.63,0,1
163.02,35.63,0,1
163.14,35.63,0,1
163.26,35.63,0,1
163.38,35.63,0,1
163.51,35.63,0,1
163.63,35.63,0,1
163.75,35.63,0,1
163.87,35.63,0,1
164.0,35.63,0,1
164.12,35.63,0,1
164.24,35.63,0,1
164.36,35.63,0,1
164.48,35.63,0,1
164.61,35.63,0,1
164.73,35.63,0,1
164.85,35.62,0,1
164.97,35.63,0,1
165.1,35.63,0,1
165.22,35.63,0,1
165.34,35.62,0,1
165.46,35.63,0,1
165.59,35.63,0,1
165.71,35.63,0,1
165.83,35.63,0,1
165.95,35.63,0,1
166.07,35.62,0,1
166.2,35.63,0,1
166.32,35.63,0,1
166.44,35.63,0,1
166.56,35.62,0,1
166.69,35.63,0,1
166.81,35.63,0,1
166.93,35.63,0,1
167.05,35.63,0,1
167.18,35.63,0,1
167.3,35.63,0,1
167.42,35.63,0,1
167.54,35.63,0,1
167.66,35.63,0,1
167.79,35.62,0,1
167.91,35.63,0,1
168.03,35.63,0,1
168.15,35.62,0,1
168.28,35.63,0,1
168.4,35.63,0,1
168.52,35.63,0,1
168.64,35.62,0,1
168.77,35.63,0,1
168.89,35.63,0,1
169.01,35.62,0,1
169.13,35.63,0,1
169.26,35.63,0,1
169.38,35.63,0,1
169.5,35.63,0,1
169.62,35.63,0,1
169.74,35.63,0,1
169.87,35.62,0,1
169.99,35.63,0,1
170.11,35.63,0,1
170.23,35.62,0,1
170.36,35.62,0,1
170.48,35.63,0,1
170.6,35.63,0,1
170.72,35.62,0,1
170.85,35.63,0,1
170.97,35.63,0,1
171.09,35.62,0,1
171.21,35.63,0,1
171.33,35.63,0,1
171.46,35.63,0,1
171.58,35.62,0,1
171.7,35.62,0,1
171.82,35.63,0,1
171.95,35.62,0,1
172.07,35.62,0,1
172.19,35.62,0,1
172.31,35.62,0,1
172.44,35.62,0,1
172.56,35.62,0,1
172.68,35.63,0,1
172.8,35.62,0,1
172.92,35.63,0,1
173.05,35.62,0,1
173.17,35.62,0,1
173.29,35.62,0,1
173.41,35.63,0,1
173.54,35.62,0,1
173.66,35.62,0,1
173.78,35.63,0,1
173.9,35.62,0,1
174.03,35.62,0,1
174.15,35.62,0,1
174.27,35.62,0,1
174.39,35.63,0,1
174.52,35.62,0,1
174.64,35.62,0,1
174.76,35.62,0,1
174.88,35.62,0,1
175.0,35.62,0,1
175.13,35.62,0,1
175.25,35.62,0,1
175.37,35.62,0,1
175.49,35.62,0,1
175.62,35.62,0,1
175.74,35.62,0,1
175.86,35.63,0,1
175.98,35.62,0,1
176.11,35.62,0,1
176.23,35.62,0,1
176.35,35.62,0,1
176.47,35.63,0,1
176.59,35.62,0,1
176.72,35.62,0,1
176.84,35.62,0,1
176.96,35.62,0,1
177.08,35.62,0,1
177.21,35.63,0,1
177.33,35.62,0,1
177.45,35.62,0,1
177.57,35.62,0,1
177.7,35.62,0,1
177.82,35.62,0,1
177.94,35.62,0,1
178.06,35.62,0,1
178.19,35.62,0,1
178.31,35.62,0,1
178.43,35.62,0,1
178.55,35.62,0,1
178.67,35.62,0,1
178.8,35.62,0,1
178.92,35.62,0,1
179.04,35.62,0,1
179.16,35.62,0,1
179.29,35.62,0,1
179.41,35.62,0,1
179.53,35.62,0,1
179.65,35.62,0,1
179.77,35.62,0,1
179.9,35.62,0,1
180.02,35.62,0,1
180.14,35.62,0,1
180.26,35.62,0,1
180.39,35.62,0,1
180.51,35.62,0,1
180.63,35.62,0,1
180.75,35.62,0,1
180.88,35.62,0,1
181.0,35.62,0,1
181.12,35.62,0,1
181.24,35.62,0,1
181.37,35.62,0,1
181.49,35.62,0,1
181.61,35.62,0,1
181.73,35.62,0,1
181.86,35.62,0,1
181.98,35.62,0,1
182.1,35.62,0,1
182.22,35.62,0,1
182.34,35.62,0,1
182.47,35.62,0,1
182.59,35.62,0,1
182.71,35.62,0,1
182.83,35.62,0,1
182.96,35.62,0,1
183.08,35.62,0,1
183.2,35.62,0,1
183.32,35.62,0,1
183.45,35.62,0,1
183.57,35.62,0,1
183.69,35.62,0,1
183.81,35.62,0,1
183.93,35.62,0,1
184.06,35.62,0,1
184.18,35.62,0,1
184.3,35.62,0,1
184.42,35.62,0,1
184.55,35.62,0,1
184.67,35.62,0,1
184.79,35.62,0,1
184.91,35.62,0,1
185.04,35.62,0,1
185.16,35.62,0,1
185.28,35.62,0,1
185.4,35.62,0,1
185.52,35.62,0,1
185.65,35.62,0,1
185.77,35.62,0,1
185.89,35.62,0,1
186.01,35.62,0,1
186.14,35.62,0,1
186.26,35.62,0,1
186.38,35.62,0,1
186.5,35.62,0,1
186.63,35.62,0,1
186.75,35.62,0,1
186.87,35.62,0,1
186.99,35.62,0,1
187.12,35.62,0,1
187.24,35.62,0,1
187.36,35.62,0,1
187.48,35.62,0,1
187.6,35.62,0,1
187.73,35.62,0,1
187.85,35.62,0,1
187.97,35.62,0,1
188.09,35.62,0,1
188.22,35.62,0,1
188.34,35.62,0,1
188.46,35.62,0,1
188.58,35.62,0,1
188.71,35.62,0,1
188.83,35.62,0,1
188.95,35.62,0,1
189.07,35.62,0,1
189.2,35.62,0,1
189.32,35.62,0,1
189.44,35.62,0,1
189.56,35.62,0,1
189.68,35.62,0,1
189.81,35.62,0,1
189.93,35.62,0,1
190.05,35.62,0,1
190.17,35.62,0,1
190.3,35.62,0,1
190.42,35.62,0,1
190.54,35.62,0,1
190.66,35.62,0,1
190.79,35.62,0,1
190.91,35.62,0,1
191.03,35.62,0,1
191.15,35.62,0,1
191.27,35.62,0,1
191.4,35.62,0,1
191.52,35.62,0,1
191.64,35.62,0,1
191.76,35.62,0,1
191.89,35.62,0,1
192.01,35.62,0,1
192.13,35.62,0,1
192.25,35.62,0,1
192.38,35.62,0,1
192.5,35.62,0,1
192.62,35.62,0,1
192.74,35.62,0,1
192.87,35.62,0,1
192.99,35.62,0,1
193.11,35.62,0,1
193.23,35.62,0,1
193.35,35.62,0,1
193.48,35.62,0,1
193.6,35.62,0,1
193.72,35.62,0,1
193.84,35.62,0,1
193.97,35.62,0,1
194.09,35.62,0,1
194.21,35.62,0,1
194.33,35.62,0,1
194.46,35.62,0,1
194.58,35.62,0,1
194.7,35.62,0,1
194.82,35.62,0,1
194.95,35.62,0,1
195.07,35.62,0,1
195.19,35.62,0,1
195.31,35.62,0,1
195.43,35.62,0,1
195.56,35.62,0,1
195.68,35.62,0,1
195.8,35.62,0,1
195.92,35.62,0,1
196.05,35.62,0,1
196.17,35.61,0,1
196.29,35.62,0,1
196.41,35.62,0,1
196.54,35.62,0,1
196.66,35.62,0,1
196.78,35.62,0,1
196.9,35.62,0,1
197.02,35.62,0,1
197.15,35.62,0,1
197.27,35.62,0,1
197.39,35.62,0,1
197.51,35.62,0,1
197.64,35.62,0,1
197.76,35.62,0,1
197.88,35.62,0,1
198.0,35.62,0,1
198.13,35.61,0,1
198.25,35.62,0,1
198.37,35.62,0,1
198.49,35.62,0,1
198.62,35.62,0,1
198.74,35.62,0,1
198.86,35.62,0,1
198.98,35.62,0,1
199.1,35.62,0,1
199.23,35.62,0,1
199.35,35.61,0,1
199.47,35.62,0,1
199.59,35.62,0,1
199.72,35.62,0,1
199.84,35.61,0,1
199.96,35.62,0,1
200.08,35.62,0,1
200.21,35.62,0,1
200.33,35.62,0,1
200.45,35.62,0,1
200.57,35.62,0,1
200.69,35.61,0,1
200.82,35.62,0,1
200.94,35.62,0,1
201.06,35.61,0,1
201.18,35.62,0,1
201.31,35.62,0,1
201.43,35.61,0,1
201.55,35.62,0,1
201.67,35.62,0,1
201.8,35.61,0,1
201.92,35.61,0,1
202.04,35.62,0,1
202.16,35.62,0,1
202.29,35.61,0,1
202.41,35.62,0,1
202.53,35.62,0,1
202.65,35.61,0,1
202.77,35.61,0,1
202.9,35.61,0,1
203.02,35.61,0,1
203.14,35.61,0,1
203.26,35.62,0,1
203.38,35.61,0,1
203.51,35.61,0,1
203.63,35.62,0,1
203.75,35.61,0,1
203.88,35.61,0,1
204.0,35.61,0,1
204.12,35.61,0,1
204.24,35.61,0,1
204.36,35.61,0,1
204.49,35.62,0,1
204.61,35.61,0,1
204.73,35.61,0,1
204.85,35.62,0,1
204.98,35.61,0,1
205.1,35.61,0,1
205.22,35.61,0,1
205.34,35.61,0,1
205.47,35.61,0,1
205.59,35.61,0,1
205.71,35.61,0,1
205.83,35.61,0,1
205.96,35.61,0,1
206.08,35.61,0,1
206.2,35.61,0,1
206.32,35.61,0,1
206.44,35.61,0,1
206.57,35.61,0,1
206.69,35.61,0,1
206.81,35.61,0,1
206.93,35.61,0,1
207.05,35.61,0,1
207.18,35.61,0,1
207.3,35.61,0,1
207.42,35.61,0,1
207.55,35.61,0,1
207.67,35.61,0,1
207.79,35.62,0,1
207.91,35.61,0,1
208.03,35.61,0,1
208.16,35.62,0,1
208.28,35.61,0,1
208.4,35.61,0,1
208.52,35.61,0,1
208.65,35.61,0,1
208.77,35.61,0,1
208.89,35.62,0,1
209.01,35.61,0,1
209.13,35.61,0,1
209.26,35.61,0,1
209.38,35.62,0,1
209.5,35.61,0,1
209.63,35.61,0,1
209.75,35.61,0,1
209.87,35.61,0,1
209.99,35.61,0,1
210.11,35.62,0,1
210.24,35.61,0,1
210.36,35.61,0,1
210.48,35.61,0,1
210.6,35.62,0,1
210.73,35.61,0,1
210.85,35.61,0,1
210.97,35.61,0,1
211.09,35.61,0,1
211.22,35.61,0,1
211.34,35.62,0,1
211.46,35.61,0,1
211.58,35.61,0,1
211.7,35.61,0,1
211.83,35.62,0,1
211.95,35.61,0,1
212.07,35.61,0,1
212.19,35.61,0,1
212.32,35.61,0,1
212.44,35.61,0,1
212.56,35.61,0,1
212.68,35.61,0,1
212.8,35.61,0,1
212.93,35.61,0,1
213.05,35.61,0,1
213.17,35.61,0,1
213.3,35.61,0,1
213.42,35.61,0,1
213.54,35.61,0,1
213.66,35.61,0,1
213.78,35.61,0,1
213.91,35.61,0,1
214.03,35.61,0,1
214.15,35.61,0,1
214.27,35.61,0,1
214.4,35.61,0,1
214.52,35.61,0,1
214.64,35.61,0,1
214.76,35.61,0,1
214.88,35.61,0,1
215.01,35.61,0,1
215.13,35.61,0,1
215.25,35.61,0,1
215.37,35.61,0,1
215.5,35.61,0,1
215.62,35.61,0,1
215.74,35.61,0,1
215.86,35.61,0,1
215.99,35.61,0,1
216.11,35.61,0,1
216.23,35.61,0,1
216.35,35.61,0,1
216.48,35.61,0,1
216.6,35.61,0,1
216.72,35.61,0,1
216.84,35.61,0,1
216.97,35.61,0,1
217.09,35.61,0,1
217.21,35.61,0,1
217.33,35.61,0,1
217.45,35.61,0,1
217.58,35.61,0,1
217.7,35.61,0,1
217.82,35.61,0,1
217.94,35.61,0,1
218.07,35.61,0,1
218.19,35.61,0,1
218.31,35.61,0,1
218.43,35.61,0,1
218.55,35.61,0,1
218.68,35.61,0,1
218.8,35.61,0,1
218.92,35.61,0,1
219.04,35.61,0,1
219.17,35.61,0,1
219.29,35.61,0,1
219.41,35.61,0,1
219.53,35.61,0,1
219.66,35.61,0,1
219.78,35.61,0,1
219.9,35.61,0,1
220.02,35.61,0,1
220.15,35.61,0,1
220.27,35.61,0,1
220.39,35.61,0,1
220.51,35.61,0,1
220.63,35.61,0,1
220.76,35.61,0,1
220.88,35.61,0,1
221.0,35.61,0,1
221.12,35.61,0,1
221.25,35.61,0,1
221.37,35.61,0,1
221.49,35.61,0,1
221.61,35.61,0,1
221.74,35.61,0,1
221.86,35.61,0,1
221.98,35.61,0,1
222.1,35.61,0,1
222.23,35.61,0,1
222.35,35.61,0,1
222.47,35.61,0,1
222.59,35.61,0,1
222.71,35.61,0,1
222.84,35.61,0,1
222.96,35.61,0,1
223.08,35.61,0,1
223.2,35.61,0,1
223.33,35.61,0,1
223.45,35.61,0,1
223.57,35.61,0,1
223.69,35.61,0,1
223.82,35.6,0,1
223.94,35.61,0,1
224.06,35.61,0,1
224.18,35.61,0,1
224.3,35.61,0,1
224.43,35.6,0,1
224.55,35.61,0,1
224.67,35.61,0,1
224.79,35.61,0,1
224.92,35.6,0,1
225.04,35.61,0,1
225.16,35.61,0,1
225.28,35.61,0,1
225.41,35.61,0,1
225.53,35.6,0,1
225.65,35.61,0,1
225.77,35.61,0,1
225.9,35.6,0,1
226.02,35.61,0,1
226.14,35.61,0,1
226.26,35.61,0,1
226.38,35.61,0,1
226.51,35.61,0,1
226.63,35.61,0,1
226.75,35.61,0,1
226.87,35.61,0,1
227.0,35.61,0,1
227.12,35.61,0,1
227.24,35.61,0,1
227.36,35.61,0,1
227.49,35.6,0,1
227.61,35.61,0,1
227.73,35.61,0,1
227.85,35.61,0,1
227.97,35.61,0,1
228.1,35.61,0,1
228.22,35.61,0,1
228.34,35.61,0,1
228.46,35.61,0,1
228.59,35.61,0,1
228.71,35.61,0,1
228.83,35.61,0,1
228.95,35.61,0,1
229.08,35.61,0,1
229.2,35.61,0,1
229.32,35.61,0,1
229.44,35.61,0,1
229.56,35.61,0,1
229.69,35.61,0,1
229.81,35.61,0,1
229.93,35.61,0,1
230.05,35.61,0,1
230.18,35.61,0,1
230.3,35.61,0,1
230.42,35.6,0,1
230.54,35.61,0,1
230.67,35.61,0,1
230.79,35.61,0,1
230.91,35.61,0,1
231.03,35.61,0,1
231.16,35.61,0,1
231.28,35.61,0,1
231.4,35.61,0,1
231.52,35.6,0,1
231.64,35.61,0,1
231.77,35.61,0,1
231.89,35.61,0,1
232.01,35.61,0,1
232.13,35.61,0,1
232.26,35.61,0,1
232.38,35.61,0,1
232.5,35.61,0,1
232.62,35.61,0,1
232.75,35.61,0,1
232.87,35.61,0,1
232.99,35.61,0,1
233.11,35.61,0,1
233.23,35.61,0,1
233.36,35.61,0,1
233.48,35.61,0,1
233.6,35.61,0,1
233.72,35.61,0,1
233.85,35.61,0,1
233.97,35.61,0,1
234.09,35.61,0,1
234.21,35.61,0,1
234.34,35.61,0,1
234.46,35.61,0,1
234.58,35.61,0,1
234.7,35.61,0,1
234.83,35.61,0,1
234.95,35.6,0,1
235.07,35.61,0,1
235.19,35.61,0,1
235.31,35.61,0,1
235.44,35.61,0,1
235.56,35.61,0,1
235.68,35.61,0,1
235.8,35.61,0,1
235.93,35.61,0,1
236.05,35.61,0,1
236.17,35.61,0,1
236.29,35.61,0,1
236.42,35.61,0,1
236.54,35.61,0,1
236.66,35.61,0,1
236.78,35.61,0,1
236.9,35.61,0,1
237.03,35.61,0,1
237.15,35.61,0,1
237.27,35.61,0,1
237.39,35.61,0,1
237.52,35.61,0,1
237.64,35.61,0,1
237.76,35.61,0,1
237.88,35.61,0,1
238.01,35.61,0,1
238.13,35.61,0,1
238.25,35.61,0,1
238.37,35.61,0,1
238.49,35.61,0,1
238.62,35.61,0,1
238.74,35.61,0,1
238.86,35.61,0,1
238.98,35.61,0,1
239.11,35.61,0,1
239.23,35.61,0,1
239.35,35.61,0,1
239.47,35.61,0,1
239.6,35.61,0,1
239.72,35.61,0,1
239.84,35.61,0,1
239.96,35.61,0,1
240.09,35.61,0,1
240.21,35.61,0,1
240.33,35.61,0,1
240.45,35.61,0,1
240.57,35.61,0,1
240.7,35.61,0,1
240.82,35.6,0,1
240.94,35.6,0,1
241.06,35.61,0,1
241.19,35.61,0,1
241.31,35.61,0,1
241.43,35.6,0,1
241.55,35.61,0,1
241.68,35.61,0,1
241.8,35.61,0,1
241.92,35.61,0,1
242.04,35.61,0,1
242.16,35.6,0,1
242.29,35.61,0,1
242.41,35.61,0,1
242.53,35.6,0,1
242.65,35.61,0,1
242.78,35.61,0,1
242.9,35.61,0,1
243.02,35.61,0,1
243.14,35.61,0,1
243.27,35.6,0,1
243.39,35.6,0,1
243.51,35.61,0,1
243.63,35.61,0,1
243.76,35.6,0,1
243.88,35.61,0,1
244.0,35.61,0,1
244.12,35.6,0,1
244.24,35.61,0,1
244.37,35.61,0,1
244.49,35.6,0,1
244.61,35.6,0,1
244.73,35.6,0,1
244.86,35.61,0,1
244.98,35.6,0,1
245.1,35.61,0,1
245.22,35.61,0,1
245.35,35.6,0,1
245.47,35.6,0,1
245.59,35.6,0,1
245.71,35.61,0,1
245.83,35.61,0,1
245.96,35.61,0,1
246.08,35.6,0,1
246.2,35.6,0,1
246.32,35.61,0,1
246.45,35.61,0,1
246.57,35.6,0,1
246.69,35.6,0,1
246.81,35.61,0,1
246.94,35.6,0,1
247.06,35.6,0,1
247.18,35.61,0,1
247.3,35.6,0,1
247.43,35.61,0,1
247.55,35.61,0,1
247.67,35.6,0,1
247.79,35.61,0,1
247.91,35.61,0,1
248.04,35.6,0,1
248.16,35.6,0,1
248.28,35.6,0,1
248.4,35.6,0,1
248.52,35.6,0,1
248.65,35.61,0,1
248.77,35.6,0,1
248.89,35.6,0,1
249.02,35.6,0,1
249.14,35.61,0,1
249.26,35.6,0,1
249.38,35.6,0,1
249.5,35.6,0,1
249.63,35.6,0,1
249.75,35.6,0,1
249.87,35.6,0,1
249.99,35.6,0,1
250.12,35.6,0,1
250.24,35.6,0,1
250.36,35.6,0,1
250.48,35.6,0,1
250.61,35.6,0,1
250.73,35.6,0,1
250.85,35.6,0,1
250.97,35.6,0,1
251.1,35.6,0,1
251.22,35.6,0,1
251.34,35.6,0,1
251.46,35.6,0,1
251.58,35.6,0,1
251.71,35.6,0,1
251.83,35.6,0,1
251.95,35.61,0,1
252.07,35.6,0,1
252.2,35.6,0,1
252.32,35.6,0,1
252.44,35.6,0,1
252.56,35.6,0,1
252.69,35.6,0,1
252.81,35.6,0,1
252.93,35.6,0,1
253.05,35.6,0,1
253.17,35.6,0,1
253.3,35.6,0,1
253.42,35.6,0,1
253.54,35.6,0,1
253.66,35.6,18,1
253.79,35.6,34,1
253.91,35.59,44,1
254.03,35.59,48,1
254.16,35.59,56,1
254.28,35.6,67,1
254.4,35.6,74,1
254.52,35.6,74,1
254.65,35.6,74,1
254.77,35.6,74,1
254.89,35.6,74,1
255.01,35.6,74,1
255.14,35.6,74,1
255.26,35.6,74,1
255.38,35.6,74,1
255.5,35.6,74,1
255.63,35.6,74,1
255.75,35.6,74,1
255.87,35.6,74,1
255.99,35.6,74,1
256.11,35.6,74,1
256.24,35.6,74,1
256.36,35.6,74,1
256.48,35.6,74,1
256.6,35.6,74,1
256.72,35.6,74,1
256.85,35.6,74,1
256.97,35.6,74,1
257.09,35.6,74,1
257.21,35.6,74,1
257.34,35.6,74,1
257.46,35.6,74,1
257.58,35.6,74,1
257.7,35.6,74,1
257.82,35.6,74,1
257.95,35.6,74,1
258.07,35.6,74,1
258.19,35.6,74,1
258.31,35.6,74,1
258.44,35.6,74,1
258.56,35.6,74,1
258.68,35.6,74,1
258.8,35.6,74,1
258.92,35.6,74,1
259.05,35.6,74,1
259.17,35.6,74,1
259.29,35.6,74,1
259.41,35.6,74,1
259.54,35.6,74,1
259.66,35.6,74,1
259.78,35.6,74,1
259.9,35.6,74,1
260.02,35.6,74,1
260.15,35.6,74,1
260.27,35.6,74,1
260.39,35.6,74,1
260.51,35.6,74,1
260.64,35.6,74,1
260.76,35.6,74,1
260.88,35.6,74,1
261.0,35.6,74,1
261.13,35.6,74,1
261.25,35.6,74,1
261.37,35.6,74,1
261.49,35.6,74,1
261.61,35.6,74,1
261.74,35.6,74,1
261.86,35.6,74,1
261.98,35.6,74,1
262.1,35.59,44,1
262.23,35.6,19,1
262.35,35.6,0,1
262.47,35.6,0,1
262.59,35.6,0,1
262.72,35.6,0,1
262.84,35.6,0,1
262.96,35.6,0,1
263.08,35.6,0,1
263.2,35.6,0,1
263.33,35.6,0,1
263.45,35.6,0,1
263.57,35.6,0,1
263.69,35.6,0,1
263.82,35.6,0,1
263.94,35.6,0,1
264.06,35.6,0,1
264.18,35.6,0,1
264.3,35.6,0,1
264.43,35.6,0,1
264.55,35.59,2,1
264.67,35.6,31,1
264.8,35.6,54,1
264.92,35.6,54,1
265.04,35.6,54,1
265.16,35.6,54,1
265.28,35.6,54,1
265.41,35.6,54,1
265.53,35.6,54,1
265.65,35.6,54,1
265.77,35.6,54,1
265.89,35.6,54,1
266.02,35.6,54,1
266.14,35.6,54,1
266.26,35.6,54,1
266.38,35.6,54,1
266.51,35.6,54,1
266.63,35.6,54,1
266.75,35.6,54,1
266.87,35.6,54,1
267.0,35.6,54,1
267.12,35.6,54,1
267.24,35.6,54,1
267.36,35.59,58,1
267.49,35.6,83,1
267.61,35.6,91,1
267.73,35.6,91,1
267.85,35.6,91,1
267.98,35.6,91,1
268.1,35.6,91,1
268.22,35.6,91,1
268.34,35.6,91,1
268.47,35.6,91,1
268.59,35.6,91,1
268.71,35.6,91,1
268.83,35.6,91,1
268.95,35.6,91,1
269.08,35.6,91,1
269.2,35.6,91,1
269.32,35.6,91,1
269.44,35.6,91,1
269.56,35.6,91,1
269.69,35.6,91,1
269.81,35.6,91,1
269.93,35.6,91,1
270.05,35.6,91,1
270.18,35.6,91,1
270.3,35.6,91,1
270.42,35.6,91,1
270.54,35.6,91,1
270.66,35.6,91,1
270.79,35.6,91,1
270.91,35.6,91,1
271.03,35.6,91,1
271.15,35.59,91,1
271.28,35.6,34,1
271.4,35.6,34,1
271.52,35.6,34,1
271.64,35.6,34,1
271.77,35.6,34,1
271.89,35.6,34,1
272.01,35.6,34,1
272.13,35.6,34,1
272.25,35.6,34,1
272.38,35.6,34,1
272.5,35.6,34,1
272.62,35.6,34,1
272.74,35.6,34,1
272.87,35.6,34,1
272.99,35.6,34,1
273.11,35.6,34,1
273.23,35.6,34,1
273.35,35.6,34,1
273.48,35.6,34,1
273.6,35.6,0,1
273.72,35.6,0,1
273.84,35.6,0,1
273.97,35.6,0,1
274.09,35.6,0,1
274.21,35.6,0,1
274.33,35.6,0,1
274.45,35.6,0,1
274.58,35.6,0,1
274.7,35.6,0,1
274.82,35.6,0,1
274.94,35.6,0,1
275.07,35.6,0,1
275.19,35.6,0,1
275.31,35.6,0,1
275.43,35.6,0,1
275.55,35.6,0,1
275.68,35.6,0,1
275.8,35.6,0,1
275.92,35.6,0,1
276.04,35.6,0,1
276.17,35.6,0,1
276.29,35.6,0,1
276.41,35.6,0,1
276.53,35.59,0,1
276.65,35.6,0,1
276.77,35.6,0,1
276.9,35.6,0,1
277.02,35.59,0,1
277.14,35.6,0,1
277.26,35.6,0,1
277.39,35.59,0,1
277.51,35.59,0,1
277.63,35.6,0,1
277.75,35.6,0,1
277.88,35.6,0,1
278.0,35.6,0,1
278.12,35.59,0,1
278.24,35.6,0,1
278.36,35.6,0,1
278.49,35.59,0,1
278.61,35.6,0,1
278.73,35.6,0,1
278.85,35.6,0,1
278.97,35.6,0,1
279.1,35.6,0,1
279.22,35.6,0,1
279.34,35.59,0,1
279.46,35.6,0,1
279.58,35.6,0,1
279.71,35.59,0,1
279.83,35.6,0,1
279.95,35.59,0,1
280.07,35.6,0,1
280.2,35.6,0,1
280.32,35.59,0,1
280.44,35.59,0,1
280.56,35.6,0,1
280.68,35.6,0,1
280.81,35.6,0,1
280.93,35.59,0,1
281.05,35.6,0,1
281.17,35.59,0,1
281.3,35.59,0,1
281.42,35.6,0,1
281.54,35.6,0,1
281.66,35.6,0,1
281.78,35.6,0,1
281.91,35.6,0,1
282.03,35.6,0,1
282.15,35.59,0,1
282.27,35.6,0,1
282.39,35.6,0,1
282.52,35.6,0,1
282.64,35.6,0,1
282.76,35.6,0,1
282.88,35.6,0,1
283.01,35.6,0,1
283.13,35.59,0,1
283.25,35.59,0,1
283.37,35.6,0,1
283.49,35.6,0,1
283.62,35.59,0,1
283.74,35.6,0,1
283.86,35.6,0,1
283.98,35.6,0,1
284.11,35.59,0,1
284.23,35.6,0,1
284.35,35.59,0,1
284.47,35.6,0,1
284.59,35.6,0,1
284.72,35.59,0,1
284.84,35.6,0,1
284.96,35.6,0,1
285.08,35.59,0,1
285.2,35.6,0,1
285.33,35.6,0,1
285.45,35.59,0,1
285.57,35.59,0,1
285.69,35.6,0,1
285.82,35.59,0,1
285.94,35.59,0,1
286.06,35.59,0,1
286.18,35.6,0,1
286.3,35.6,0,1
286.43,35.59,0,1
286.55,35.59,0,1
286.67,35.6,0,1
286.79,35.6,0,1
286.91,35.6,0,1
287.04,35.6,0,1
287.16,35.6,0,1
287.28,35.6,0,1
287.4,35.59,0,1
287.52,35.59,0,1
287.65,35.6,0,1
287.77,35.59,0,1
287.89,35.59,0,1
288.01,35.59,0,1
288.14,35.6,0,1
288.26,35.59,0,1
288.38,35.59,0,1
288.5,35.6,0,1
288.63,35.59,0,1
288.75,35.59,0,1
288.87,35.59,0,1
288.99,35.59,0,1
289.11,35.6,0,1
289.23,35.6,0,1
289.36,35.59,0,1
289.48,35.59,0,1
289.6,35.6,0,1
289.72,35.59,0,1
289.85,35.59,0,1
289.97,35.59,0,1
290.09,35.6,0,1
290.21,35.6,0,1
290.33,35.6,0,1
290.46,35.6,0,1
290.58,35.6,0,1
290.7,35.6,0,1
290.82,35.59,0,1
290.95,35.59,0,1
291.07,35.59,0,1
291.19,35.6,0,1
291.31,35.59,0,1
291.43,35.59,0,1
291.56,35.59,0,1
291.68,35.6,0,1
291.8,35.59,0,1
291.92,35.6,0,1
292.05,35.6,0,1
292.17,35.6,0,1
292.29,35.6,0,1
292.41,35.6,0,1
292.53,35.59,0,1
292.66,35.59,0,1
292.78,35.59,0,1
292.9,35.59,0,1
293.02,35.59,0,1
293.14,35.59,0,1
293.27,35.59,0,1
293.39,35.59,0,1
293.51,35.59,0,1
293.63,35.59,0,1
293.76,35.59,0,1
293.88,35.59,0,1
294.0,35.59,0,1
294.12,35.59,0,1
294.24,35.59,0,1
294.37,35.59,0,1
294.49,35.59,0,1
294.61,35.59,0,1
294.73,35.59,0,1
294.86,35.59,0,1
294.98,35.59,0,1
295.1,35.59,0,1
295.22,35.59,0,1
295.34,35.59,0,1
295.47,35.59,0,1
295.59,35.59,0,1
295.71,35.59,0,1
295.83,35.59,0,1
295.95,35.59,0,1
296.08,35.59,0,1
296.2,35.6,0,1
296.32,35.6,0,1
296.44,35.59,0,1
296.57,35.6,0,1
296.69,35.6,0,1
296.81,35.59,0,1
296.93,35.59,0,1
297.05,35.59,0,1
297.18,35.59,0,1
297.3,35.59,0,1
297.42,35.59,0,1
297.54,35.59,0,1
297.66,35.6,0,1
297.79,35.6,0,1
297.91,35.59,0,1
298.03,35.59,0,1
298.15,35.59,0,1
298.27,35.59,0,1
298.4,35.59,0,1
298.52,35.59,0,1
298.64,35.59,0,1
298.76,35.59,0,1
298.89,35.59,0,1
299.01,35.59,0,1
299.13,35.59,0,1
299.25,35.59,0,1
299.37,35.59,0,1
299.5,35.59,0,1
299.62,35.59,0,1
299.74,35.59,0,1
299.86,35.59,0,1
299.98,35.59,0,1
300.11,35.59,0,1
300.23,35.59,0,1
300.35,35.59,0,1
300.47,35.59,0,1
300.6,35.59,0,1
300.72,35.59,0,1
300.84,35.59,0,1
300.96,35.59,0,1
301.08,35.59,0,1
301.21,35.59,0,1
301.33,35.59,0,1
301.45,35.59,0,1
301.57,35.59,0,1
301.7,35.59,0,1
301.82,35.59,0,1
301.94,35.59,0,1
302.06,35.59,0,1
302.18,35.59,0,1
302.31,35.59,0,1
302.43,35.59,0,1
302.55,35.59,0,1
302.67,35.59,0,1
302.8,35.59,0,1
302.92,35.59,0,1
303.04,35.59,0,1
303.16,35.59,0,1
303.28,35.59,0,1
303.41,35.59,0,1
303.53,35.59,0,1
303.65,35.59,0,1
303.77,35.59,0,1
303.89,35.59,0,1
304.02,35.59,0,1
304.14,35.59,0,1
304.26,35.59,0,1
304.38,35.59,0,1
304.51,35.6,0,1
304.63,35.6,0,1
304.75,35.6,0,1
304.87,35.6,0,1
304.99,35.6,0,1
305.12,35.61,0,1
305.24,35.61,0,1
305.36,35.62,0,1
305.48,35.62,0,1
305.6,35.62,0,1
305.73,35.61,0,1
305.85,35.6,0,1
305.97,35.6,0,1
306.09,35.59,0,1
306.22,35.59,0,1
306.34,35.59,0,1
306.46,35.59,0,1
306.58,35.59,0,1
306.7,35.59,0,1
306.83,35.59,0,1
306.95,35.59,0,1
307.07,35.59,0,1
307.19,35.59,0,1
307.32,35.59,0,1
307.44,35.59,0,1
307.56,35.59,0,1
307.68,35.59,0,1
307.8,35.59,0,1
307.93,35.6,0,1
308.05,35.6,0,1
308.17,35.6,0,1
308.29,35.6,0,1
308.41,35.6,0,1
308.54,35.6,0,1
308.66,35.61,0,1
308.78,35.6,0,1
308.9,35.61,0,1
309.02,35.61,0,1
309.15,35.61,0,1
309.27,35.61,0,1
309.39,35.61,0,1
309.51,35.61,0,1
309.64,35.61,0,1
309.76,35.61,0,1
309.88,35.61,0,1
310.0,35.61,0,1
310.12,35.61,0,1
310.25,35.61,0,1
310.37,35.61,0,1
310.49,35.61,0,1
310.61,35.61,0,1
310.73,35.61,0,1
310.86,35.61,0,1
310.98,35.61,0,1
311.1,35.61,0,1
311.22,35.61,0,1
311.35,35.61,0,1
311.47,35.61,0,1
311.59,35.61,0,1
311.71,35.61,0,1
311.83,35.61,0,1
311.96,35.61,0,1
312.08,35.61,0,1
312.2,35.61,0,1
312.32,35.61,0,1
312.45,35.61,0,1
312.57,35.6,0,1
312.69,35.61,0,1
312.81,35.61,0,1
312.93,35.61,0,1
313.06,35.61,0,1
313.18,35.61,0,1
313.3,35.61,0,1
313.42,35.61,0,1
313.55,35.61,0,1
313.67,35.6,0,1
313.79,35.61,0,1
313.91,35.6,0,1
314.03,35.6,0,1
314.16,35.59,0,1
314.28,35.59,0,1
314.4,35.6,0,1
314.52,35.6,0,1
314.64,35.6,0,1
314.77,35.6,0,1
314.89,35.6,0,1
315.01,35.6,0,1
315.13,35.6,0,1
315.26,35.6,0,1
315.38,35.6,0,1
315.5,35.6,0,1
315.62,35.6,0,1
315.74,35.6,0,1
315.87,35.6,0,1
315.99,35.6,0,1
316.11,35.6,0,1
316.23,35.6,0,1
316.35,35.6,0,1
316.48,35.6,0,1
316.6,35.6,0,1
316.72,35.61,0,1
316.84,35.6,0,1
316.97,35.6,0,1
317.09,35.61,0,1
317.21,35.61,0,1
317.33,35.61,0,1
317.45,35.61,0,1
317.58,35.61,0,1
317.7,35.61,0,1
317.82,35.61,0,1
317.94,35.61,0,1
318.06,35.61,0,1
318.19,35.61,0,1
318.31,35.61,0,1
318.43,35.61,0,1
318.55,35.61,0,1
318.67,35.61,0,1
318.8,35.61,0,1
318.92,35.61,0,1
319.04,35.61,0,1
319.16,35.61,0,1
319.29,35.61,0,1
319.41,35.61,0,1
319.53,35.61,0,1
319.65,35.61,0,1
319.77,35.61,0,1
319.9,35.61,0,1
320.02,35.61,0,1
320.14,35.61,0,1
320.26,35.61,0,1
320.39,35.61,0,1
320.51,35.61,0,1
320.63,35.61,0,1
320.75,35.61,0,1
320.87,35.61,0,1
321.0,35.61,0,1
321.12,35.61,0,1
321.24,35.61,0,1
321.36,35.61,0,1
321.48,35.61,0,1
321.61,35.61,0,1
321.73,35.61,0,1
321.85,35.61,0,1
321.97,35.61,0,1
322.1,35.61,0,1
322.22,35.61,0,1
322.34,35.61,0,1
322.46,35.61,0,1
0.12,35.4,0,1
0.24,35.4,0,1
0.37,35.41,0,1
0.49,35.41,0,1
0.61,35.41,0,1
0.73,35.42,0,1
0.85,35.41,0,1
0.98,35.41,0,1
1.1,35.4,0,1
1.22,35.41,0,1
1.34,35.41,0,1
1.47,35.41,0,1
1.59,35.41,0,1
1.71,35.41,0,1
1.83,35.4,0,1
1.95,35.41,0,1
2.08,35.41,0,1
2.2,35.4,0,1
2.32,35.41,0,1
2.44,35.4,0,1
2.57,35.4,0,1
2.69,35.41,0,1
2.81,35.41,0,1
2.93,35.41,0,1
3.05,35.4,0,1
3.18,35.41,0,1
3.3,35.4,20,1
3.42,35.4,20,1
3.54,35.4,20,1
3.66,35.39,20,1
3.79,35.4,20,1
3.91,35.4,20,1
4.03,35.41,20,1
4.15,35.41,20,1
4.28,35.42,20,1
4.4,35.43,20,1
4.52,35.44,20,1
4.64,35.46,20,1
4.76,35.47,20,1
4.89,35.48,20,1
5.01,35.5,20,1
5.13,35.52,20,1
5.25,35.53,20,1
5.37,35.55,20,1
5.5,35.57,20,1
5.62,35.59,20,1
5.74,35.62,20,1
5.86,35.64,20,1
5.98,35.66,20,1
6.11,35.68,20,1
6.23,35.71,20,1
6.35,35.74,20,1
6.47,35.75,20,1
6.59,35.78,20,1
6.72,35.81,100,1
6.84,35.83,100,1
6.96,35.86,100,1
7.08,35.89,100,1
7.21,35.91,100,1
7.33,35.95,100,1
7.45,35.99,100,1
7.57,36.05,100,1
7.69,36.1,100,1
7.82,36.17,100,1
7.94,36.25,100,1
8.06,36.32,100,1
8.18,36.4,100,1
8.31,36.48,100,1
8.43,36.57,100,1
8.55,36.68,100,1
8.67,36.77,100,1
8.79,36.87,100,1
8.92,36.96,100,1
9.04,37.08,100,1
9.16,37.19,100,1
9.28,37.29,100,1
9.4,37.42,100,1
9.53,37.53,100,1
9.65,37.64,100,1
9.77,37.76,100,1
9.89,37.89,100,1
10.02,38.02,100,1
10.14,38.14,100,1
10.26,38.26,100,1
10.38,38.38,100,1
10.5,38.5,100,1
10.63,38.64,100,1
10.75,38.76,100,1
10.87,38.89,100,1
10.99,39.02,100,1
11.11,39.15,100,1
11.24,39.27,100,1
11.36,39.39,100,1
11.48,39.51,100,1
11.6,39.64,100,1
11.73,39.78,100,1
11.85,39.9,100,1
11.97,40.02,100,1
12.09,40.14,100,1
12.22,40.27,100,1
12.34,40.39,100,1
12.46,40.53,100,1
12.58,40.65,100,1
12.7,40.78,100,1
12.83,40.9,100,1
12.95,41.02,100,1
13.07,41.14,100,1
13.19,41.26,100,1
13.32,41.38,100,1
13.44,41.51,100,1
13.56,41.63,100,1
13.68,41.74,100,1
13.8,41.87,100,1
13.93,41.98,100,1
14.05,42.1,100,1
14.17,42.22,100,1
14.29,42.33,100,1
14.42,42.44,100,1
14.54,42.56,100,1
14.66,42.68,100,1
14.78,42.8,100,1
14.9,42.92,100,1
15.03,43.03,100,1
15.15,43.14,100,1
15.27,43.24,100,1
15.39,43.35,100,1
15.52,43.47,100,1
15.64,43.58,100,1
15.76,43.68,100,1
15.88,43.79,100,1
16.0,43.89,100,1
16.12,44.0,100,1
16.25,44.1,100,1
16.37,44.21,100,1
16.49,44.31,100,1
16.61,44.42,100,1
16.74,44.52,100,1
16.86,44.63,100,1
16.98,44.73,100,1
17.1,44.83,100,1
17.22,44.93,100,1
17.35,45.03,100,1
17.47,45.14,100,1
17.59,45.23,100,1
17.71,45.34,100,1
17.84,45.43,100,1
17.96,45.53,100,1
18.08,45.62,100,1
18.2,45.72,100,1
18.32,45.82,100,1
18.45,45.9,100,1
18.57,45.99,100,1
18.69,46.09,100,1
18.81,46.2,100,1
18.94,46.29,100,1
19.06,46.38,100,1
19.18,46.47,100,1
19.3,46.57,100,1
19.42,46.66,100,1
19.55,46.75,100,1
19.67,46.84,100,1
19.79,46.92,100,1
19.91,47.02,100,1
20.04,47.1,100,1
20.16,47.19,100,1
20.28,47.29,100,1
20.4,47.38,100,1
20.52,47.48,100,1
20.65,47.56,100,1
20.77,47.63,100,1
20.89,47.74,100,1
21.01,47.81,100,1
21.14,47.9,100,1
21.26,47.98,100,1
21.38,48.06,100,1
21.5,48.16,100,1
21.62,48.26,100,1
21.75,48.32,100,1
21.87,48.4,100,1
21.99,48.49,100,1
22.11,48.57,100,1
22.24,48.65,100,1
22.36,48.73,100,1
22.48,48.82,100,1
22.6,48.9,100,1
22.72,48.98,100,1
22.85,49.05,100,1
22.97,49.16,100,1
23.09,49.23,100,1
23.21,49.31,100,1
23.33,49.38,100,1
23.46,49.46,100,1
23.58,49.54,100,1
23.7,49.63,100,1
23.82,49.7,100,1
23.95,49.75,100,1
24.07,49.85,100,1
24.19,49.93,100,1
24.31,50.02,100,1
24.43,50.1,100,1
24.56,50.17,100,1
24.68,50.24,100,1
24.8,50.32,100,1
24.92,50.41,100,1
25.05,50.48,100,1
25.17,50.56,100,1
25.29,50.63,100,1
25.41,50.7,100,1
25.53,50.78,100,1
25.66,50.85,100,1
25.78,50.94,100,1
25.9,51.02,100,1
26.02,51.08,100,1
26.14,51.18,100,1
26.27,51.23,100,1
26.39,51.31,100,1
26.51,51.38,100,1
26.63,51.46,100,1
26.76,51.53,100,1
26.88,51.6,100,1
27.0,51.66,100,1
27.12,51.72,100,1
27.25,51.82,100,1
27.37,51.88,100,1
27.49,51.96,100,1
27.61,52.04,100,1
27.73,52.11,100,1
27.86,52.19,100,1
27.98,52.25,100,1
28.1,52.32,100,1
28.22,52.39,100,1
28.35,52.46,100,1
28.47,52.53,100,1
28.59,52.6,100,1
28.71,52.67,100,1
28.83,52.74,100,1
28.96,52.81,100,1
29.08,52.88,100,1
29.2,52.95,100,1
29.32,53.02,100,1
29.45,53.09,100,1
29.57,53.15,100,1
29.69,53.22,100,1
29.81,53.3,100,1
29.93,53.36,100,1
30.06,53.44,100,1
30.18,53.49,100,1
30.3,53.57,100,1
30.42,53.62,100,1
30.54,53.7,100,1
30.67,53.77,100,1
30.79,53.83,100,1
30.91,53.89,100,1
31.03,53.97,100,1
31.16,54.03,100,1
31.28,54.11,100,1
31.4,54.17,100,1
31.52,54.23,100,1
31.64,54.29,100,1
31.77,54.35,100,1
31.89,54.42,100,1
32.01,54.48,100,1
32.13,54.55,100,1
32.26,54.61,100,1
32.38,54.67,100,1
32.5,54.74,100,1
32.62,54.81,100,1
32.75,54.88,100,1
32.87,54.93,100,1
32.99,55.0,100,1
33.11,55.07,100,1
33.23,55.1,100,1
33.36,55.18,100,1
33.48,55.25,100,1
33.6,55.32,100,1
33.72,55.37,100,1
33.85,55.44,100,1
33.97,55.5,100,1
34.09,55.58,100,1
34.21,55.64,100,1
34.33,55.69,100,1
34.46,55.75,100,1
34.58,55.82,100,1
34.7,55.87,100,1
34.82,55.93,100,1
34.95,55.99,100,1
35.07,56.06,100,1
35.19,56.12,100,1
35.31,56.19,100,1
35.43,56.25,100,1
35.56,56.3,100,1
35.68,56.36,100,1
35.8,56.43,100,1
35.92,56.49,100,1
36.04,56.55,100,1
36.17,56.61,100,1
36.29,56.67,100,1
36.41,56.72,100,1
36.53,56.77,100,1
36.66,56.84,100,1
36.78,56.9,100,1
36.9,56.96,100,1
37.02,57.02,100,1
37.15,57.08,100,1
37.27,57.13,100,1
37.39,57.19,100,1
37.51,57.24,100,1
37.63,57.31,100,1
37.76,57.37,100,1
37.88,57.43,100,1
38.0,57.47,100,1
38.12,57.54,100,1
38.25,57.6,100,1
38.37,57.66,100,1
38.49,57.71,100,1
38.61,57.78,100,1
38.73,57.82,100,1
38.86,57.89,100,1
38.98,57.95,100,1
39.1,58.0,100,1
39.22,58.06,100,1
39.35,58.12,100,1
39.47,58.16,100,1
39.59,58.23,100,1
39.71,58.28,100,1
39.83,58.35,100,1
39.96,58.39,100,1
40.08,58.45,100,1
40.2,58.52,100,1
40.32,58.57,100,1
40.44,58.61,100,1
40.57,58.69,100,1
40.69,58.73,100,1
40.81,58.78,100,1
40.93,58.84,100,1
41.06,58.9,100,1
41.18,58.96,100,1
41.3,59.02,100,1
41.42,59.07,100,1
41.54,59.11,100,1
41.67,59.18,100,1
41.79,59.23,100,1
41.91,59.3,100,1
42.03,59.34,100,1
42.15,59.39,100,1
42.28,59.45,100,1
42.4,59.5,100,1
42.52,59.57,100,1
42.64,59.61,100,1
42.77,59.67,100,1
42.89,59.72,100,1
43.01,59.76,100,1
43.13,59.81,100,1
43.25,59.87,100,1
43.38,59.89,100,1
43.5,59.96,100,1
43.62,60.03,0,1
43.76,60.11,0,1
43.91,60.16,0,1
44.05,60.23,0,1
44.2,60.28,0,1
44.34,60.32,0,1
44.48,60.34,0,1
44.63,60.36,0,1
44.77,60.38,0,1
44.91,60.35,0,1
45.06,60.34,0,1
45.2,60.33,0,1
45.35,60.29,0,1
45.49,60.27,0,1
45.63,60.21,0,1
45.78,60.17,0,1
45.92,60.12,0,1
46.06,60.05,0,1
46.21,59.98,100,1
46.33,59.93,100,1
46.45,59.85,100,1
46.57,59.79,100,1
46.7,59.73,100,1
46.82,59.68,100,1
46.94,59.62,100,1
47.06,59.58,100,1
47.19,59.51,100,1
47.31,59.52,100,1
47.43,59.48,100,1
47.55,59.48,100,1
47.67,59.47,100,1
47.8,59.47,100,1
47.92,59.46,100,1
48.04,59.47,100,1
48.16,59.48,100,1
48.29,59.49,100,1
48.41,59.5,100,1
48.53,59.53,100,1
48.65,59.55,100,1
48.77,59.57,100,1
48.9,59.63,100,1
49.02,59.63,100,1
49.14,59.68,100,0
49.26,59.72,100,0
49.38,59.74,100,0
49.51,59.79,100,0
49.63,59.84,100,0
49.75,59.85,100,0
49.87,59.85,100,0
50.0,59.84,100,0
50.12,59.86,100,0
50.24,59.85,100,0
50.36,59.81,100,0
50.49,59.79,100,0
50.61,59.75,100,0
50.73,59.7,100,0
50.85,59.64,100,0
50.97,59.57,100,0
51.1,59.52,100,0
51.22,59.42,100,0
51.34,59.36,100,0
51.46,59.26,100,0
51.59,59.19,100,0
51.71,59.1,100,0
51.83,59.0,100,0
51.95,58.91,100,0
52.07,58.79,100,0
52.2,58.7,100,0
52.32,58.58,100,0
52.44,58.49,100,0
52.56,58.34,100,0
52.68,58.25,100,0
52.81,58.15,100,0
52.93,58.02,100,0
53.05,57.92,100,0
53.17,57.79,100,0
53.3,57.68,100,0
53.42,57.57,100,0
53.54,57.45,100,0
53.66,57.34,100,0
53.78,57.21,100,0
53.91,57.08,100,0
54.03,56.97,100,0
54.15,56.86,100,0
54.27,56.73,100,0
54.4,56.61,100,0
54.52,56.5,100,0
54.64,56.38,100,0
54.76,56.25,100,0
54.88,56.14,100,0
55.01,56.01,100,0
55.13,55.9,100,0
55.25,55.77,100,0
55.37,55.66,100,0
55.5,55.54,100,0
55.62,55.43,100,0
55.74,55.31,100,0
55.86,55.22,100,0
55.98,55.08,100,0
56.11,54.98,100,0
56.23,54.86,100,0
56.35,54.76,100,0
56.47,54.64,100,0
56.6,54.54,100,0
56.72,54.41,100,0
56.84,54.32,100,0
56.96,54.2,100,0
57.08,54.1,100,0
57.21,53.99,100,0
57.33,53.88,100,0
57.45,53.78,100,0
57.57,53.66,100,0
57.7,53.58,100,0
57.82,53.45,100,0
57.94,53.36,100,0
58.06,53.25,100,0
58.18,53.16,100,0
58.31,53.05,100,0
58.43,52.94,100,0
58.55,52.85,100,0
58.67,52.78,100,0
58.79,52.66,100,0
58.92,52.56,100,0
59.04,52.46,100,0
59.16,52.37,100,0
59.28,52.28,100,0
59.41,52.18,100,0
59.53,52.08,100,0
59.65,51.99,100,0
59.77,51.88,100,0
59.9,51.8,100,0
60.02,51.71,100,0
60.14,51.61,100,0
60.26,51.52,100,0
60.38,51.42,100,0
60.51,51.33,100,0
60.63,51.24,100,0
60.75,51.17,100,0
60.87,51.07,100,0
61.0,50.98,100,0
61.12,50.89,100,0
61.24,50.82,100,0
61.36,50.72,100,0
61.48,50.64,100,0
61.61,50.57,100,0
61.73,50.49,100,0
61.85,50.39,100,0
61.97,50.3,100,0
62.1,50.22,100,0
62.22,50.16,100,0
62.34,50.05,100,0
62.46,49.97,100,0
62.58,49.91,100,0
62.71,49.82,100,0
62.83,49.74,100,0
62.95,49.66,100,0
63.07,49.59,100,0
63.2,49.49,100,0
63.32,49.42,100,0
63.44,49.33,100,0
63.56,49.25,100,0
63.68,49.2,100,0
63.81,49.11,100,0
63.93,49.03,100,0
64.05,48.93,100,0
64.17,48.88,100,0
64.29,48.82,100,0
64.42,48.74,100,0
64.54,48.68,100,0
64.66,48.6,100,0
64.78,48.52,100,0
64.9,48.45,100,0
65.03,48.39,100,0
65.15,48.3,100,0
65.27,48.23,100,0
65.39,48.15,100,0
65.52,48.09,100,0
65.64,48.02,100,0
65.76,47.96,100,0
65.88,47.87,100,0
66.0,47.8,100,0
66.13,47.74,100,0
66.25,47.66,100,0
66.37,47.6,100,0
66.49,47.54,100,0
66.62,47.45,100,0
66.74,47.38,100,0
66.86,47.31,100,0
66.98,47.26,100,0
67.1,47.18,100,0
67.23,47.13,100,0
67.35,47.06,100,0
67.47,47.01,100,0
67.59,46.93,100,0
67.72,46.85,100,0
67.84,46.79,100,0
67.96,46.72,100,0
68.08,46.66,100,0
68.2,46.61,100,0
68.33,46.54,100,0
68.45,46.47,100,0
68.57,46.41,100,0
68.69,46.34,100,0
68.81,46.27,100,0
68.94,46.22,100,0
69.06,46.17,100,0
69.18,46.09,100,0
69.3,46.02,100,0
69.43,45.95,100,0
69.55,45.9,100,0
69.67,45.85,100,0
69.79,45.77,100,0
69.91,45.71,100,0
70.04,45.65,100,0
70.16,45.59,100,0
70.28,45.52,100,0
70.4,45.46,100,0
70.53,45.41,100,0
70.65,45.35,100,0
70.77,45.29,100,0
70.89,45.22,100,0
71.01,45.17,100,0
71.14,45.11,100,0
71.26,45.04,100,0
71.38,44.97,100,0
71.5,44.93,100,0
71.63,44.85,100,0
71.75,44.8,100,0
71.87,44.73,100,0
71.99,44.68,100,0
72.11,44.62,100,0
72.24,44.56,100,0
72.36,44.51,100,0
72.48,44.46,100,0
72.6,44.4,100,0
72.73,44.35,100,0
72.85,44.28,100,0
72.97,44.23,100,0
73.09,44.18,100,0
73.21,44.1,100,0
73.34,44.07,100,0
73.46,43.99,100,0
73.58,43.95,100,0
73.7,43.89,100,0
73.83,43.84,100,0
73.95,43.78,100,0
74.07,43.73,100,0
74.19,43.66,100,0
74.31,43.62,100,0
74.44,43.55,100,0
74.56,43.46,100,0
74.68,43.5,100,0
74.8,43.38,100,0
74.93,43.31,100,0
75.05,43.32,100,0
75.17,43.25,100,0
75.29,43.12,104,0
75.41,43.09,103,0
75.54,43.04,91,0
75.66,43.02,73,0
75.79,42.95,65,0
75.91,42.89,60,0
76.03,42.84,56,0
76.15,42.77,51,0
76.28,42.74,51,0
76.4,42.7,51,0
76.52,42.63,51,0
76.64,42.59,51,0
76.76,42.55,51,0
76.89,42.5,51,0
77.01,42.48,51,0
77.13,42.43,51,0
77.25,42.4,51,0
77.37,42.36,51,0
77.5,42.33,51,0
77.62,42.29,51,0
77.74,42.26,51,0
77.86,42.23,51,0
77.99,42.2,51,0
78.11,42.17,51,0
78.23,42.14,51,0
78.35,42.11,51,0
78.47,42.08,51,0
78.6,42.05,51,0
78.72,42.02,51,0
78.84,42.0,51,0
78.96,41.97,51,0
79.09,41.95,51,0
79.21,41.92,51,0
79.33,41.88,51,0
79.45,41.87,51,0
79.57,41.85,51,0
79.7,41.82,51,0
79.82,41.79,51,0
79.94,41.77,51,0
80.06,41.74,51,0
80.18,41.72,51,0
80.31,41.7,51,0
80.43,41.67,51,0
80.55,41.65,51,0
80.67,41.62,51,0
80.8,41.6,51,0
80.92,41.58,51,0
81.04,41.56,51,0
81.16,41.53,51,0
81.29,41.51,51,0
81.41,41.48,51,0
81.53,41.45,51,0
81.65,41.44,51,0
81.77,41.41,49,0
81.9,41.39,49,0
82.02,41.37,49,0
82.14,41.34,49,0
82.26,41.31,49,0
82.38,41.29,49,0
82.51,41.27,52,0
82.63,41.25,39,0
82.75,41.22,39,0
82.87,41.2,39,0
83.0,41.18,39,0
83.12,41.15,39,0
83.24,41.13,39,0
83.36,41.11,39,0
83.48,41.08,39,0
83.61,41.07,39,0
83.73,41.05,39,0
83.85,41.03,39,0
83.97,41.01,39,0
84.1,40.99,39,0
84.22,40.97,39,0
84.34,40.95,39,0
84.46,40.92,39,0
84.58,40.9,39,0
84.71,40.89,39,0
84.83,40.86,0,0
84.95,40.84,0,0
85.07,40.83,0,0
85.19,40.81,0,0
85.32,40.79,0,0
85.44,40.78,0,0
85.56,40.76,0,0
85.68,40.76,0,0
85.81,40.74,0,0
85.93,40.73,0,0
86.05,40.72,0,0
86.17,40.72,0,0
86.29,40.7,0,0
86.42,40.7,0,0
86.54,40.7,0,0
86.66,40.7,0,0
86.78,40.68,0,0
86.9,40.69,0,0
87.03,40.68,0,0
87.15,40.68,0,0
87.27,40.68,0,0
87.39,40.68,0,0
87.52,40.67,0,0
87.64,40.68,0,0
87.76,40.67,0,0
87.88,40.67,0,0
88.0,40.67,0,0
88.13,40.67,0,0
88.25,40.67,0,0
88.37,40.67,0,0
88.49,40.68,0,0
88.61,40.67,0,0
88.74,40.67,0,0
88.86,40.67,0,0
88.98,40.68,0,0
89.1,40.67,0,0
89.22,40.67,0,0
89.35,40.67,0,0
89.47,40.67,0,0
89.59,40.67,0,0
89.71,40.67,0,0
89.83,40.67,0,0
89.96,40.67,0,0
90.08,40.67,0,0
90.2,40.67,0,0
90.32,40.67,0,0
90.44,40.67,0,0
90.57,40.67,0,0
90.69,40.67,0,0
90.81,40.66,0,0
90.93,40.67,0,0
91.06,40.67,0,0
91.18,40.66,0,0
91.3,40.67,0,0
91.42,40.66,0,0
91.54,40.66,0,0
91.67,40.66,0,0
91.79,40.65,0,0
91.91,40.65,0,0
92.03,40.66,0,0
92.15,40.65,0,0
92.28,40.64,0,0
92.4,40.65,0,0
92.52,40.65,0,0
92.64,40.64,0,0
92.77,40.63,0,0
92.89,40.65,0,0
93.01,40.62,0,0
93.13,40.62,0,0
93.25,40.63,0,0
93.38,40.63,0,0
93.5,40.61,0,0
93.62,40.62,0,0
93.74,40.61,0,0
93.86,40.61,0,0
93.99,40.61,0,0
94.11,40.6,0,0
94.23,40.6,0,0
94.35,40.59,0,0
94.47,40.59,0,0
94.6,40.58,0,0
94.72,40.58,0,0
94.84,40.58,0,0
94.96,40.57,0,0
95.08,40.57,0,0
95.21,40.57,0,0
95.33,40.56,0,0
95.45,40.55,0,0
95.57,40.55,0,0
95.7,40.54,0,0
95.82,40.54,0,0
95.94,40.54,0,0
96.06,40.53,0,0
96.18,40.53,0,0
96.31,40.52,0,0
96.43,40.51,0,0
96.55,40.51,0,0
96.67,40.5,0,0
96.79,40.49,0,0
96.92,40.5,0,0
97.04,40.49,0,0
97.16,40.48,0,0
97.28,40.48,0,0
97.4,40.47,0,0
97.53,40.46,0,0
97.65,40.45,0,0
97.77,40.45,0,0
97.89,40.45,0,0
98.02,40.44,0,0
98.14,40.43,0,0
98.26,40.43,0,0
98.38,40.42,0,0
98.5,40.41,0,0
98.63,40.41,0,0
98.75,40.41,0,0
98.87,40.4,0,0
98.99,40.39,0,0
99.11,40.39,0,0
99.24,40.38,0,0
99.36,40.37,0,0
99.48,40.37,0,0
99.6,40.35,0,0
99.72,40.35,0,0
99.85,40.35,0,0
99.97,40.34,0,0
100.09,40.34,0,0
100.21,40.33,0,0
100.34,40.32,0,0
100.46,40.3,0,0
100.58,40.31,0,0
100.7,40.3,0,0
100.82,40.29,0,0
100.95,40.28,0,0
101.07,40.28,0,0
101.19,40.27,0,0
101.31,40.27,0,0
101.43,40.26,0,0
101.56,40.25,0,0
101.68,40.24,0,0
101.8,40.24,0,0
101.92,40.23,0,0
102.05,40.23,0,0
102.17,40.22,0,0
102.29,40.21,0,0
102.41,40.21,0,0
102.54,40.2,0,0
102.66,40.19,0,0
102.78,40.18,0,0
102.9,40.18,0,0
103.02,40.17,0,0
103.14,40.16,0,0
103.27,40.16,0,0
103.39,40.15,0,0
103.51,40.14,0,0
103.63,40.13,0,0
103.76,40.12,0,0
103.88,40.12,0,0
104.0,40.11,0,0
104.12,40.1,0,0
104.25,40.1,0,0
104.37,40.09,0,0
104.49,40.08,0,0
104.61,40.08,0,0
104.73,40.07,0,0
104.86,40.07,0,0
104.98,40.06,0,0
105.1,40.05,0,0
105.22,40.04,0,0
105.34,40.04,0,0
105.47,40.03,0,0
105.59,40.02,0,0
105.71,40.01,0,0
105.83,40.01,0,0
105.95,40.0,0,0
106.08,40.0,0,0
106.2,39.98,0,0
106.32,39.98,0,0
106.44,39.97,0,0
106.57,39.96,0,0
106.69,39.96,0,0
106.81,39.95,0,0
106.93,39.94,0,0
107.05,39.94,0,0
107.18,39.93,0,0
107.3,39.92,0,0
107.42,39.92,0,0
107.54,39.91,0,0
107.66,39.9,0,0
107.79,39.89,0,0
107.91,39.88,0,0
108.03,39.88,0,0
108.15,39.87,0,0
108.28,39.86,0,0
108.4,39.86,0,0
108.52,39.85,0,0
108.64,39.84,0,0
108.76,39.84,0,0
108.89,39.84,0,0
109.01,39.82,0,0
109.13,39.81,0,0
109.25,39.81,0,0
109.37,39.8,0,0
109.5,39.79,0,0
109.62,39.79,0,0
109.74,39.78,0,0
109.86,39.78,0,0
109.99,39.77,0,0
110.11,39.76,0,0
110.23,39.75,0,0
110.35,39.74,0,0
110.47,39.74,0,0
110.6,39.73,0,0
110.72,39.73,0,0
110.84,39.71,0,0
110.96,39.71,0,0
111.08,39.7,0,0
111.21,39.7,0,0
111.33,39.69,0,0
111.45,39.68,0,0
111.57,39.68,0,0
111.7,39.67,0,0
111.82,39.66,0,0
111.94,39.65,0,0
112.06,39.64,0,0
112.18,39.64,0,0
112.31,39.63,0,0
112.43,39.62,0,0
112.55,39.62,0,0
112.67,39.61,0,0
112.8,39.61,0,0
112.92,39.6,0,0
113.04,39.59,0,0
113.16,39.59,0,0
113.29,39.58,0,0
113.41,39.57,0,0
113.53,39.57,0,0
113.65,39.56,0,0
113.77,39.55,0,0
113.89,39.54,0,0
114.02,39.53,0,0
114.14,39.53,0,0
114.26,39.52,0,0
114.38,39.51,0,0
114.51,39.51,0,0
114.63,39.5,0,0
114.75,39.49,0,0
114.87,39.49,0,0
115.0,39.48,0,0
115.12,39.48,0,0
115.24,39.47,0,0
115.36,39.46,0,0
115.48,39.46,0,0
115.61,39.45,0,0
115.73,39.45,0,0
115.85,39.44,0,0
115.97,39.43,0,0
116.09,39.42,0,0
116.22,39.42,0,0
116.34,39.41,0,0
116.46,39.4,0,0
116.58,39.4,0,0
116.7,39.4,0,0
116.83,39.38,0,0
116.95,39.38,0,0
117.07,39.37,0,0
117.19,39.36,0,0
117.31,39.36,0,0
117.44,39.35,0,0
117.56,39.35,0,0
117.68,39.34,0,0
117.8,39.34,0,0
117.93,39.32,0,0
118.05,39.32,0,0
118.17,39.31,0,0
118.29,39.31,0,0
118.41,39.3,0,0
118.54,39.29,0,0
118.66,39.28,0,0
118.78,39.29,0,0
118.9,39.27,0,0
119.03,39.26,0,0
119.15,39.26,0,0
119.27,39.26,0,0
119.39,39.25,0,0
119.51,39.24,0,0
119.64,39.25,0,0
119.76,39.23,0,0
119.88,39.23,0,0
120.0,39.22,0,0
120.12,39.22,0,0
120.25,39.21,0,0
120.37,39.2,0,0
120.49,39.19,0,0
120.61,39.18,0,0
120.74,39.18,0,0
120.86,39.18,0,0
120.98,39.17,0,0
121.1,39.16,0,0
121.22,39.16,0,0
121.35,39.14,0,0
121.47,39.15,0,0
121.59,39.13,0,0
121.71,39.13,0,0
121.83,39.12,0,0
121.96,39.11,0,0
122.08,39.11,0,0
122.2,39.11,0,0
122.32,39.1,0,0
122.45,39.09,0,0
122.57,39.08,0,0
122.69,39.08,0,0
122.81,39.07,0,0
122.93,39.07,0,0
123.06,39.06,0,0
123.18,39.05,0,0
123.3,39.04,0,0
123.42,39.04,0,0
123.54,39.04,0,0
123.67,39.03,0,0
123.79,39.02,0,0
123.91,39.02,0,0
124.04,39.01,0,0
124.16,39.01,0,0
124.28,39.0,0,0
124.4,39.0,0,0
124.52,38.99,0,0
124.64,38.99,0,0
124.77,38.98,0,0
124.89,38.97,0,0
125.01,38.97,0,0
125.13,38.96,0,0
125.26,38.95,0,0
125.38,38.95,0,0
125.5,38.94,0,0
125.62,38.94,0,0
125.75,38.93,0,0
125.87,38.93,0,0
125.99,38.92,0,0
126.11,38.91,0,0
126.23,38.91,0,0
126.36,38.9,0,0
126.48,38.89,0,0
126.6,38.89,0,0
126.72,38.88,0,0
126.84,38.88,0,0
126.97,38.87,0,0
127.09,38.86,0,0
127.21,38.86,0,0
127.33,38.85,0,0
127.45,38.85,0,0
127.58,38.84,0,0
127.7,38.84,0,0
127.82,38.83,0,0
127.94,38.82,0,0
128.07,38.82,0,0
128.19,38.81,0,0
128.31,38.81,0,0
128.43,38.8,0,0
128.55,38.79,0,0
128.68,38.79,0,0
128.8,38.79,0,0
128.92,38.78,0,0
129.04,38.77,0,0
129.16,38.77,0,0
129.29,38.77,0,0
129.41,38.76,0,0
129.53,38.75,0,0
129.65,38.74,0,0
129.77,38.74,0,0
129.9,38.74,0,0
130.02,38.73,0,0
130.14,38.73,0,0
130.27,38.72,0,0
130.39,38.71,0,0
130.51,38.7,0,0
130.63,38.7,0,0
130.75,38.69,0,0
130.88,38.69,0,0
131.0,38.69,0,0
131.12,38.68,0,0
131.24,38.68,0,0
131.36,38.67,0,0
131.49,38.67,0,0
131.61,38.66,0,0
131.73,38.66,0,0
131.85,38.65,0,0
131.98,38.64,0,0
132.1,38.63,0,0
132.22,38.63,0,0
132.34,38.62,0,0
132.46,38.62,0,0
132.59,38.61,0,0
132.71,38.61,0,0
132.83,38.6,0,0
132.95,38.6,0,0
133.07,38.59,0,0
133.2,38.59,0,0
133.32,38.59,0,0
133.44,38.57,0,0
133.56,38.57,0,0
133.69,38.56,0,0
133.81,38.56,0,0
133.93,38.56,0,0
134.05,38.55,0,0
134.17,38.55,0,0
134.3,38.54,0,0
134.42,38.54,0,0
134.54,38.53,0,0
134.66,38.52,0,0
134.79,38.51,0,0
134.91,38.52,0,0
135.03,38.5,0,0
135.15,38.5,0,0
135.27,38.5,0,0
135.4,38.5,0,0
135.52,38.49,0,0
135.64,38.48,0,0
135.76,38.47,0,0
135.88,38.47,0,0
136.01,38.46,0,0
136.13,38.46,0,0
136.25,38.45,0,0
136.37,38.45,0,0
136.5,38.44,0,0
136.62,38.44,0,0
136.74,38.44,0,0
136.86,38.43,0,0
136.98,38.43,0,0
137.11,38.42,0,0
137.23,38.42,0,0
137.35,38.41,0,0
137.47,38.4,0,0
137.59,38.4,0,0
137.72,38.39,0,0
137.84,38.39,0,0
137.96,38.38,0,0
138.08,38.38,0,0
138.21,38.38,0,0
138.33,38.37,0,0
138.45,38.37,0,0
138.57,38.36,0,0
138.69,38.36,0,0
138.82,38.35,0,0
138.94,38.34,0,0
139.06,38.34,0,0
139.18,38.34,0,0
139.3,38.33,0,0
139.43,38.33,0,0
139.55,38.33,0,0
139.67,38.31,0,0
139.79,38.31,0,0
139.91,38.3,0,0
140.04,38.3,0,0
140.16,38.29,0,0
140.28,38.29,0,0
140.4,38.29,0,0
140.52,38.28,0,0
140.65,38.28,0,0
140.77,38.27,0,0
140.89,38.26,0,0
141.02,38.26,0,0
141.14,38.26,0,0
141.26,38.25,0,0
141.38,38.25,0,0
141.5,38.24,0,0
141.63,38.23,0,0
141.75,38.23,0,0
141.87,38.23,0,0
141.99,38.22,0,0
142.11,38.21,0,0
142.24,38.21,0,0
142.36,38.21,0,0
142.48,38.2,0,0
142.6,38.2,0,0
142.73,38.19,0,0
142.85,38.19,0,0
142.97,38.18,0,0
143.09,38.18,0,0
143.21,38.17,0,0
143.34,38.17,0,0
143.46,38.16,0,0
143.58,38.16,0,0
143.7,38.15,0,0
143.82,38.15,0,0
143.95,38.14,0,0
144.07,38.14,0,0
144.19,38.13,0,0
144.31,38.13,0,0
144.44,38.13,0,0
144.56,38.11,0,0
144.68,38.12,0,0
144.8,38.11,0,0
144.92,38.1,0,0
145.05,38.1,0,0
145.17,38.1,0,0
145.29,38.1,0,0
145.41,38.08,0,0
145.53,38.08,0,0
145.66,38.08,0,0
145.78,38.07,0,0
145.9,38.07,0,0
146.02,38.06,0,0
146.15,38.05,0,0
146.27,38.05,0,0
146.39,38.05,0,0
146.51,38.04,0,0
146.63,38.04,0,0
146.76,38.03,0,0
146.88,38.04,0,0
147.0,38.03,0,0
147.12,38.02,0,0
147.25,38.02,0,0
147.37,38.01,0,0
147.49,38.01,0,0
147.61,38.01,0,0
147.73,38.0,0,0
147.86,38.0,0,0
147.98,37.99,0,0
148.1,37.99,0,0
148.22,37.99,0,0
148.34,37.98,0,0
148.47,37.98,0,0
148.59,37.97,0,0
148.71,37.96,0,0
148.83,37.96,0,0
148.96,37.95,0,0
149.08,37.95,0,0
149.2,37.95,0,0
149.32,37.94,0,0
149.44,37.94,0,0
149.57,37.94,0,0
149.69,37.93,0,0
149.81,37.92,0,0
149.93,37.92,0,0
150.05,37.91,0,0
150.18,37.92,0,0
150.3,37.9,0,0
150.42,37.91,0,0
150.54,37.9,0,0
150.66,37.89,0,0
150.79,37.89,0,0
150.91,37.89,0,0
151.03,37.89,0,0
151.15,37.88,0,0
151.27,37.88,0,0
151.4,37.87,0,0
151.52,37.87,0,0
151.64,37.86,0,0
151.76,37.86,0,0
151.89,37.85,0,0
152.01,37.85,0,0
152.13,37.84,0,0
152.25,37.84,0,0
152.38,37.84,0,0
152.5,37.83,0,0
152.62,37.83,0,0
152.74,37.82,0,0
152.86,37.82,0,0
152.99,37.81,0,0
153.11,37.81,0,0
153.23,37.81,0,0
153.35,37.8,0,0
153.48,37.8,0,0
153.6,37.8,0,0
153.72,37.79,0,0
153.84,37.79,0,0
153.96,37.79,0,0
154.09,37.78,0,0
154.21,37.77,0,0
154.33,37.77,0,0
154.45,37.77,0,0
154.57,37.77,0,0
154.7,37.76,0,0
154.82,37.76,0,0
154.94,37.75,0,0
155.06,37.75,0,0
155.19,37.74,0,0
155.31,37.74,0,0
155.43,37.73,0,0
155.55,37.74,0,0
155.67,37.72,0,0
155.8,37.73,0,0
155.92,37.72,0,0
156.04,37.72,0,0
156.16,37.72,0,0
156.28,37.71,0,0
156.41,37.71,0,0
156.53,37.7,0,0
156.65,37.7,0,0
156.77,37.69,0,0
156.9,37.69,0,0
157.02,37.69,0,0
157.14,37.68,0,0
157.26,37.68,0,0
157.38,37.68,0,0
157.51,37.67,0,0
157.63,37.66,0,0
157.75,37.66,0,0
157.87,37.66,0,0
157.99,37.65,0,0
158.12,37.65,0,0
158.24,37.65,0,0
158.36,37.64,0,0
158.48,37.64,0,0
158.61,37.63,0,0
158.73,37.63,0,0
158.85,37.62,0,0
158.97,37.63,0,0
159.09,37.62,0,0
159.22,37.62,0,0
159.34,37.61,0,0
159.46,37.61,0,0
159.58,37.6,0,0
159.71,37.61,0,0
159.83,37.6,0,0
159.95,37.59,0,0
160.07,37.59,0,0
160.19,37.59,0,0
160.32,37.59,0,0
160.44,37.58,0,0
160.56,37.58,0,0
160.68,37.57,0,0
160.8,37.57,0,0
160.93,37.57,0,0
161.05,37.56,0,0
161.17,37.55,0,0
161.29,37.55,0,0
161.41,37.55,0,0
161.54,37.54,0,0
161.66,37.55,0,0
161.78,37.54,0,0
161.9,37.54,0,0
162.02,37.53,0,0
162.15,37.52,0,0
162.27,37.52,0,0
162.39,37.52,0,0
162.51,37.52,0,0
162.64,37.51,0,0
162.76,37.51,0,0
162.88,37.51,0,0
163.0,37.5,0,0
163.13,37.5,0,0
163.25,37.5,0,0
163.37,37.49,0,0
163.49,37.49,0,0
163.61,37.48,0,0
163.74,37.48,0,0
163.86,37.48,0,0
163.98,37.48,0,0
164.1,37.47,0,0
164.22,37.46,0,0
164.35,37.46,0,0
164.47,37.46,0,0
164.59,37.45,0,0
164.71,37.45,0,0
164.84,37.45,0,0
164.96,37.44,0,0
165.08,37.44,0,0
165.2,37.44,0,0
165.32,37.43,0,0
165.45,37.43,0,0
165.57,37.43,0,0
165.69,37.43,0,0
165.81,37.42,0,0
165.94,37.42,0,0
166.06,37.41,0,0
166.18,37.41,0,0
166.3,37.41,0,0
166.42,37.4,0,0
166.55,37.4,0,0
166.67,37.4,0,0
166.79,37.39,0,0
166.91,37.39,0,0
167.03,37.38,0,0
167.16,37.38,0,0
167.28,37.38,0,0
167.4,37.38,0,0
167.52,37.37,0,0
167.65,37.37,0,0
167.77,37.37,0,0
167.89,37.36,0,0
168.01,37.35,0,0
168.13,37.36,0,0
168.26,37.35,0,0
168.38,37.35,0,0
168.5,37.35,0,0
168.62,37.34,0,0
168.74,37.34,0,0
168.87,37.33,0,0
168.99,37.33,0,0
169.11,37.33,0,0
169.23,37.32,0,0
169.36,37.32,0,0
169.48,37.32,0,0
169.6,37.31,0,0
169.72,37.31,0,0
169.84,37.31,0,0
169.97,37.31,0,0
170.09,37.3,0,0
170.21,37.3,0,0
170.33,37.3,0,0
170.45,37.29,0,0
170.58,37.29,0,0
170.7,37.28,0,0
170.82,37.29,0,0
170.94,37.28,0,0
171.07,37.27,0,0
171.19,37.28,0,0
171.31,37.27,0,0
171.43,37.27,0,0
171.55,37.25,0,0
171.68,37.26,0,0
171.8,37.26,0,0
171.92,37.26,0,0
172.04,37.25,0,0
172.16,37.25,0,0
172.29,37.24,0,0
172.41,37.24,0,0
172.53,37.25,0,0
172.65,37.22,0,0
172.77,37.21,0,0
172.9,37.24,0,0
173.02,37.25,0,0
173.14,37.24,0,0
173.26,37.23,0,0
173.38,37.23,0,0
173.51,37.23,0,0
173.63,37.2,0,0
173.75,37.21,0,0
173.88,37.19,0,0
174.0,37.19,0,0
174.12,37.21,0,0
174.24,37.2,0,0
174.36,37.19,0,0
174.49,37.19,0,0
174.61,37.19,0,0
174.73,37.17,0,0
174.85,37.17,0,0
174.97,37.17,0,0
175.1,37.17,0,0
175.22,37.17,0,0
175.34,37.17,0,0
175.46,37.17,0,0
175.59,37.17,0,0
175.71,37.16,0,0
175.83,37.16,0,0
175.95,37.15,0,0
176.07,37.15,0,0
176.2,37.14,0,0
176.32,37.15,0,0
176.44,37.14,0,0
176.56,37.14,0,0
176.68,37.14,0,0
176.81,37.13,0,0
176.93,37.13,0,0
177.05,37.13,0,0
177.17,37.12,0,0
177.3,37.12,0,0
177.42,37.12,0,0
177.54,37.11,0,0
177.66,37.11,0,0
177.78,37.11,0,0
177.91,37.1,0,0
178.03,37.1,0,0
178.15,37.1,0,0
178.27,37.1,0,0
178.4,37.09,0,0
178.52,37.09,0,0
178.64,37.09,0,0
178.76,37.09,0,0
178.88,37.08,0,0
179.01,37.08,0,0
179.13,37.08,0,0
179.25,37.07,0,0
179.37,37.07,0,0
179.49,37.07,0,0
179.62,37.07,0,0
179.74,37.06,0,0
179.86,37.06,0,0
179.98,37.06,0,0
180.11,37.05,0,0
180.23,37.06,0,0
180.35,37.05,0,0
180.47,37.05,0,0
180.59,37.05,0,0
180.72,37.04,0,0
180.84,37.05,0,0
180.96,37.04,0,0
181.08,37.03,0,0
181.2,37.04,0,0
181.33,37.03,0,0
181.45,37.02,0,0
181.57,37.02,0,0
181.69,37.02,0,0
181.82,37.02,0,0
181.94,37.02,0,0
182.06,37.01,0,0
182.18,37.01,0,0
182.3,37.01,0,0
182.43,37.01,0,0
182.55,37.0,0,0
182.67,37.0,0,0
182.79,37.0,0,0
182.91,36.99,0,0
183.04,36.99,0,0
183.16,36.99,0,0
183.28,36.99,0,0
183.4,36.99,0,0
183.52,36.98,0,0
183.65,36.98,0,0
183.77,36.98,0,0
183.89,36.97,0,0
184.01,36.97,0,0
184.13,36.97,0,0
184.26,36.96,0,0
184.38,36.97,0,0
184.5,36.96,0,0
184.63,36.96,0,0
184.75,36.95,0,0
184.87,36.96,0,0
184.99,36.95,0,0
185.11,36.95,0,0
185.24,36.94,0,0
185.36,36.94,0,0
185.48,36.94,0,0
185.6,36.94,0,0
185.72,36.94,0,0
185.85,36.93,0,0
185.97,36.93,0,0
186.09,36.93,0,0
186.21,36.93,0,0
186.34,36.92,0,0
186.46,36.92,0,0
186.58,36.92,0,0
186.7,36.92,0,0
186.82,36.92,0,0
186.95,36.91,0,0
187.07,36.91,0,0
187.19,36.91,0,0
187.31,36.91,0,0
187.43,36.9,0,0
187.56,36.91,0,0
187.68,36.9,0,0
187.8,36.9,0,0
187.92,36.9,0,0
188.05,36.89,0,0
188.17,36.89,0,0
188.29,36.89,0,0
188.41,36.88,0,0
188.53,36.88,0,0
188.66,36.88,0,0
188.78,36.88,0,0
188.9,36.88,0,0
189.02,36.88,0,0
189.14,36.87,0,0
189.27,36.87,0,0
189.39,36.87,0,0
189.51,36.86,0,0
189.63,36.86,0,0
189.76,36.86,0,0
189.88,36.86,0,0
190.0,36.85,0,0
190.12,36.86,0,0
190.24,36.85,0,0
190.37,36.85,0,0
190.49,36.85,0,0
190.61,36.84,0,0
190.73,36.84,0,0
190.86,36.84,0,0
190.98,36.83,0,0
191.1,36.84,0,0
191.22,36.83,0,0
191.34,36.83,0,0
191.47,36.82,0,0
191.59,36.83,0,0
191.71,36.82,0,0
191.83,36.82,0,0
191.95,36.82,0,0
192.08,36.81,0,0
192.2,36.81,0,0
192.32,36.81,0,0
192.44,36.81,0,0
192.57,36.81,0,0
192.69,36.8,0,0
192.81,36.8,0,0
192.93,36.8,0,0
193.05,36.79,0,0
193.18,36.8,0,0
193.3,36.79,0,0
193.42,36.79,0,0
193.54,36.79,0,0
193.66,36.78,0,0
193.79,36.78,0,0
193.91,36.78,0,0
194.03,36.78,0,0
194.15,36.77,0,0
194.27,36.77,0,0
194.4,36.77,0,0
194.52,36.77,0,0
194.64,36.77,0,0
194.76,36.77,0,0
194.88,36.76,0,0
195.01,36.76,0,0
195.13,36.76,0,0
195.25,36.75,0,0
195.37,36.75,0,0
195.5,36.75,0,0
195.62,36.75,0,0
195.74,36.75,0,0
195.86,36.74,0,0
195.99,36.74,0,0
196.11,36.74,0,0
196.23,36.74,0,0
196.35,36.74,0,0
196.47,36.73,0,0
196.6,36.74,0,0
196.72,36.73,0,0
196.84,36.73,0,0
196.96,36.72,0,0
197.09,36.72,0,0
197.21,36.72,0,0
197.33,36.72,0,0
197.45,36.72,0,0
197.57,36.72,0,0
197.7,36.71,0,0
197.82,36.71,0,0
197.94,36.71,0,0
198.06,36.7,0,0
198.18,36.71,0,0
198.3,36.7,0,0
198.43,36.7,0,0
198.55,36.69,0,0
198.67,36.7,0,0
198.8,36.69,0,0
198.92,36.69,0,0
199.04,36.69,0,0
199.16,36.69,0,0
199.28,36.69,0,0
199.41,36.68,0,0
199.53,36.68,0,0
199.65,36.68,0,0
199.77,36.68,0,0
199.89,36.67,0,0
200.02,36.67,0,0
200.14,36.67,0,0
200.26,36.67,0,0
200.38,36.67,0,0
200.51,36.66,0,0
200.63,36.66,0,0
200.75,36.66,0,0
200.87,36.66,0,0
200.99,36.65,0,0
201.12,36.65,0,0
201.24,36.65,0,0
201.36,36.65,0,0
201.48,36.64,0,0
201.6,36.64,0,0
201.73,36.64,0,0
201.85,36.64,0,0
201.97,36.64,0,0
202.09,36.63,0,0
202.22,36.63,0,0
202.34,36.63,0,0
202.46,36.63,0,0
202.58,36.63,0,0
202.7,36.63,0,0
202.83,36.63,0,0
202.95,36.62,0,0
203.07,36.62,0,0
203.19,36.62,0,0
203.32,36.61,0,0
203.44,36.62,0,0
203.56,36.61,0,0
203.68,36.61,0,0
203.8,36.61,0,0
203.93,36.61,0,0
204.05,36.6,0,0
204.17,36.6,0,0
204.29,36.6,0,0
204.41,36.6,0,0
204.54,36.6,0,0
204.66,36.59,0,0
204.78,36.6,0,0
204.9,36.59,0,0
205.02,36.59,0,0
205.15,36.59,0,0
205.27,36.59,0,0
205.39,36.58,0,0
205.51,36.58,0,0
205.63,36.58,0,0
205.76,36.58,0,0
205.88,36.57,0,0
206.0,36.57,0,0
206.12,36.57,0,0
206.25,36.57,0,0
206.37,36.57,0,0
206.49,36.57,0,0
206.61,36.57,0,0
206.74,36.57,0,0
206.86,36.56,0,0
206.98,36.56,0,0
207.1,36.55,0,0
207.22,36.55,0,0
207.35,36.55,0,0
207.47,36.55,0,0
207.59,36.55,0,0
207.71,36.55,0,0
207.83,36.54,0,0
207.96,36.55,0,0
208.08,36.54,0,0
208.2,36.54,0,0
208.32,36.54,0,0
208.45,36.54,0,0
208.57,36.53,0,0
208.69,36.53,0,0
208.81,36.53,0,0
208.93,36.53,0,0
209.05,36.53,0,0
209.18,36.53,0,0
209.3,36.52,0,0
209.42,36.52,0,0
209.55,36.52,0,0
209.67,36.52,0,0
209.79,36.52,0,0
209.91,36.51,0,0
210.03,36.51,0,0
210.16,36.51,0,0
210.28,36.51,0,0
210.4,36.51,0,0
210.52,36.5,0,0
210.64,36.5,0,0
210.77,36.5,0,0
210.89,36.5,0,0
211.01,36.49,0,0
211.13,36.5,0,0
211.26,36.49,0,0
211.38,36.49,0,0
211.5,36.49,0,0
211.62,36.49,0,0
211.74,36.49,0,0
211.87,36.48,0,0
211.99,36.48,0,0
212.11,36.48,0,0
212.23,36.48,0,0
212.35,36.48,0,0
212.48,36.48,0,0
212.6,36.48,0,0
212.72,36.47,0,0
212.84,36.46,0,0
212.97,36.46,0,0
213.09,36.47,0,0
213.21,36.46,0,0
213.33,36.46,0,0
213.45,36.46,0,0
213.58,36.46,0,0
213.7,36.46,0,0
213.82,36.46,0,0
213.94,36.46,0,0
214.06,36.45,0,0
214.19,36.46,0,0
214.31,36.46,0,0
214.43,36.44,0,0
214.55,36.45,0,0
214.68,36.45,0,0
214.8,36.45,0,0
214.92,36.44,0,0
215.04,36.44,0,0
215.16,36.44,0,0
215.29,36.44,0,0
215.41,36.43,0,0
215.53,36.43,0,0
215.65,36.43,0,0
215.77,36.43,0,0
215.9,36.43,0,0
216.02,36.42,0,0
216.14,36.43,0,0
216.26,36.42,0,0
216.38,36.42,0,0
216.51,36.42,0,0
216.63,36.42,0,0
216.75,36.42,0,0
216.87,36.42,0,0
217.0,36.42,0,0
217.12,36.41,0,0
217.24,36.41,0,0
217.36,36.41,0,0
217.49,36.41,0,0
217.61,36.4,0,0
217.73,36.4,0,0
217.85,36.41,0,0
217.97,36.4,0,0
218.1,36.4,0,0
218.22,36.4,0,0
218.34,36.39,0,0
218.46,36.39,0,0
218.58,36.39,0,0
218.71,36.4,0,0
218.83,36.39,0,0
218.95,36.39,0,0
219.07,36.39,0,0
219.2,36.39,0,0
219.32,36.38,0,0
219.44,36.38,0,0
219.56,36.38,0,0
219.68,36.38,0,0
219.8,36.38,0,0
219.93,36.38,0,0
220.05,36.38,0,0
220.17,36.37,0,0
220.29,36.37,0,0
220.42,36.37,0,0
220.54,36.37,0,0
220.66,36.36,0,0
220.78,36.37,0,0
220.91,36.36,0,0
221.03,36.36,0,0
221.15,36.37,0,0
221.27,36.35,0,0
221.39,36.36,0,0
221.52,36.36,0,0
221.64,36.35,0,0
221.76,36.36,0,0
221.88,36.36,0,0
222.01,36.35,0,0
222.13,36.35,0,0
222.25,36.35,0,0
222.37,36.35,0,0
222.49,36.35,0,0
222.62,36.34,0,0
222.74,36.34,0,0
222.86,36.34,0,0
222.98,36.34,0,0
223.1,36.34,0,0
223.23,36.34,0,0
223.35,36.33,0,0
223.47,36.33,0,0
223.59,36.33,0,0
223.72,36.33,0,0
223.84,36.33,0,0
223.96,36.32,0,0
224.08,36.33,0,0
224.2,36.32,0,0
224.33,36.33,0,0
224.45,36.32,0,0
224.57,36.32,0,0
224.69,36.32,0,0
224.81,36.32,0,0
224.94,36.31,0,0
225.06,36.32,0,0
225.18,36.32,0,0
225.3,36.32,0,0
225.43,36.31,0,0
225.55,36.31,0,0
225.67,36.31,0,0
225.79,36.31,0,0
225.91,36.3,0,0
226.04,36.31,0,0
226.16,36.3,0,0
226.28,36.3,0,0
226.4,36.31,0,0
226.52,36.29,0,0
226.65,36.3,0,0
226.77,36.3,0,0
226.89,36.29,0,0
227.01,36.3,0,0
227.13,36.3,0,0
227.26,36.29,0,0
227.38,36.29,0,0
227.5,36.29,0,0
227.62,36.28,0,0
227.75,36.28,0,0
227.87,36.28,0,0
227.99,36.28,0,0
228.11,36.28,0,0
228.24,36.28,0,0
228.36,36.28,0,0
228.48,36.27,0,0
228.6,36.27,0,0
228.72,36.28,0,0
228.85,36.27,0,0
228.97,36.27,0,0
229.09,36.27,0,0
229.21,36.27,0,0
229.33,36.27,0,0
229.46,36.26,0,0
229.58,36.26,0,0
229.7,36.27,0,0
229.82,36.26,0,0
229.95,36.26,0,0
230.07,36.25,0,0
230.19,36.26,0,0
230.31,36.26,0,0
230.43,36.25,0,0
230.55,36.25,0,0
230.68,36.26,0,0
230.8,36.25,0,0
230.92,36.25,0,0
231.04,36.25,0,0
231.17,36.24,0,0
231.29,36.25,0,0
231.41,36.24,0,0
231.53,36.24,0,0
231.66,36.24,0,0
231.78,36.24,0,0
231.9,36.23,0,0
232.02,36.23,0,0
232.14,36.24,0,0
232.27,36.24,0,0
232.39,36.23,0,0
232.51,36.24,0,0
232.63,36.23,0,0
232.75,36.23,0,0
232.88,36.22,0,0
233.0,36.23,0,0
233.12,36.22,0,0
233.24,36.22,0,0
233.37,36.22,0,0
233.49,36.21,0,0
233.61,36.22,0,0
233.73,36.21,0,0
233.85,36.21,0,0
233.98,36.21,0,0
234.1,36.21,0,0
234.22,36.21,0,0
234.34,36.2,0,0
234.47,36.21,0,0
234.59,36.21,0,0
234.71,36.21,0,0
234.83,36.21,0,0
234.95,36.21,0,0
235.08,36.21,0,0
235.2,36.2,0,0
235.32,36.2,0,0
235.44,36.2,0,0
235.56,36.2,0,0
235.69,36.2,0,0
235.81,36.2,0,0
235.93,36.2,0,0
236.05,36.2,0,0
236.18,36.2,0,0
236.3,36.2,0,0
236.42,36.19,0,0
236.54,36.19,0,0
236.66,36.18,0,0
236.79,36.19,0,0
236.91,36.18,0,0
237.03,36.18,0,0
237.15,36.19,0,0
237.27,36.18,0,0
237.4,36.18,0,0
237.52,36.18,0,0
237.64,36.18,0,0
237.76,36.18,0,0
237.88,36.17,0,0
238.01,36.17,0,0
238.13,36.17,0,0
238.25,36.17,0,0
238.37,36.17,0,0
238.5,36.18,0,0
238.62,36.17,0,0
238.74,36.16,0,0
238.86,36.17,0,0
238.98,36.16,0,0
239.11,36.16,0,0
239.23,36.16,0,0
239.35,36.16,0,0
239.47,36.15,0,0
239.6,36.16,0,0
239.72,36.16,0,0
239.84,36.15,0,0
239.96,36.15,0,0
240.08,36.16,0,0
240.21,36.15,0,0
240.33,36.15,0,0
240.45,36.15,0,0
240.57,36.16,0,0
240.7,36.15,0,0
240.82,36.15,0,0
240.94,36.14,0,0
241.06,36.15,0,0
241.18,36.15,0,0
241.3,36.14,0,0
241.43,36.14,0,0
241.55,36.14,0,0
241.67,36.14,0,0
241.79,36.13,0,0
241.91,36.14,0,0
242.04,36.14,0,0
242.16,36.13,0,0
242.28,36.13,0,0
242.41,36.14,0,0
242.53,36.13,0,0
242.65,36.12,0,0
242.77,36.13,0,0
242.89,36.12,0,0
243.02,36.12,0,0
243.14,36.13,0,0
243.26,36.13,0,0
243.38,36.12,0,0
243.5,36.13,0,0
243.63,36.13,0,0
243.75,36.12,0,0
243.87,36.12,0,0
243.99,36.12,0,0
244.12,36.12,0,0
244.24,36.11,0,0
244.36,36.11,0,0
244.48,36.11,0,0
244.6,36.12,0,0
244.73,36.11,0,0
244.85,36.11,0,0
244.97,36.11,0,0
245.09,36.11,0,0
245.21,36.11,0,0
245.34,36.11,0,0
245.46,36.11,0,0
245.58,36.1,0,0
245.7,36.11,0,0
245.83,36.1,0,0
245.95,36.11,0,0
246.07,36.09,0,0
246.19,36.09,0,0
246.31,36.1,0,0
246.44,36.1,0,0
246.56,36.09,0,0
246.68,36.1,0,0
246.8,36.09,0,0
246.93,36.09,0,0
247.05,36.09,0,0
247.17,36.09,0,0
247.29,36.09,0,0
247.41,36.09,0,0
247.54,36.09,0,0
247.66,36.09,0,0
247.78,36.09,0,0
247.9,36.08,0,0
248.02,36.09,0,0
248.15,36.09,0,0
248.27,36.08,0,0
248.39,36.08,0,0
248.51,36.08,0,0
248.63,36.08,0,0
248.76,36.07,0,0
248.88,36.07,0,0
249.0,36.08,0,0
249.12,36.07,0,0
249.25,36.07,0,0
249.37,36.07,0,0
249.49,36.07,0,0
249.61,36.08,0,0
249.73,36.07,0,0
249.86,36.07,0,0
249.98,36.07,0,0
250.1,36.06,0,0
250.22,36.07,0,0
250.35,36.07,0,0
250.47,36.06,0,0
250.59,36.06,0,0
250.71,36.06,0,0
250.83,36.06,0,0
250.96,36.06,0,0
251.08,36.06,0,0
251.2,36.06,0,0
251.32,36.05,0,0
251.44,36.05,0,0
251.57,36.05,0,0
251.69,36.06,0,0
251.81,36.05,0,0
251.93,36.05,0,0
252.05,36.04,0,0
252.18,36.04,0,0
252.3,36.04,0,0
252.42,36.04,0,0
252.54,36.04,0,0
252.66,36.04,0,0
252.79,36.04,0,0
252.91,36.04,0,0
253.03,36.03,0,0
253.16,36.03,0,0
253.28,36.03,0,0
253.4,36.04,0,0
253.52,36.03,0,0
253.64,36.04,0,0
253.77,36.03,0,0
253.89,36.03,0,0
254.01,36.04,0,0
254.13,36.03,0,0
254.25,36.03,0,0
254.38,36.03,0,0
254.5,36.03,0,0
254.62,36.03,0,0
254.74,36.02,0,0
254.87,36.03,0,0
254.99,36.03,0,0
255.11,36.03,0,0
255.23,36.03,0,0
255.35,36.02,0,0
255.48,36.02,0,0
255.6,36.02,0,0
255.72,36.02,0,0
255.84,36.01,0,0
255.96,36.02,0,0
256.09,36.01,0,0
256.21,36.01,0,0
256.33,36.01,0,0
256.45,36.02,0,0
256.58,36.01,0,0
256.7,36.01,0,0
256.82,36.0,0,0
256.94,36.01,0,0
257.06,36.0,0,0
257.19,36.01,0,0
257.31,36.0,0,0
257.43,36.0,0,0
257.55,36.0,0,0
257.67,36.01,0,0
257.8,36.01,0,0
257.92,36.0,0,0
258.04,36.0,0,0
258.16,36.0,0,0
258.29,36.0,0,0
258.41,35.99,0,0
258.53,35.99,0,0
258.65,35.99,0,0
258.77,35.99,0,0
258.89,35.99,0,0
259.02,35.99,0,0
259.14,36.0,0,0
259.26,36.0,0,0
259.39,35.99,0,0
259.51,36.0,0,0
259.63,35.99,0,0
259.75,35.99,0,0
259.87,35.99,0,0
260.0,35.98,0,0
260.12,35.98,0,0
260.24,35.98,0,0
260.36,35.99,0,0
260.48,35.98,0,0
260.61,35.98,0,0
260.73,35.98,0,0
260.85,35.97,0,0
260.97,35.97,0,0
261.1,35.98,0,0
261.22,35.98,0,0
261.34,35.98,0,0
261.46,35.98,0,0
261.58,35.98,0,0
261.7,35.97,0,0
261.83,35.97,0,0
261.95,35.97,0,0
262.07,35.97,0,0
262.19,35.98,0,0
262.32,35.97,0,0
262.44,35.98,0,0
262.56,35.97,0,0
262.68,35.97,0,0
262.8,35.97,0,0
262.93,35.97,0,0
263.05,35.97,0,0
263.17,35.96,0,0
263.29,35.96,0,0
263.42,35.97,0,0
263.54,35.96,0,0
263.66,35.95,0,0
263.78,35.96,0,0
263.9,35.96,0,0
264.03,35.96,0,0
264.15,35.96,0,0
264.27,35.95,0,0
264.39,35.96,0,0
264.52,35.95,0,0
264.64,35.96,0,0
264.76,35.96,0,0
264.88,35.95,0,0
265.0,35.95,0,0
265.13,35.95,0,0
265.25,35.95,0,0
265.37,35.94,0,0
265.49,35.95,0,0
265.61,35.96,0,0
265.74,35.94,0,0
265.86,35.95,0,0
265.98,35.95,0,0
266.1,35.94,0,0
266.23,35.95,0,0
266.35,35.94,0,0
266.47,35.94,0,0
266.59,35.94,0,0
266.71,35.94,0,0
266.83,35.94,0,0
266.96,35.93,0,0
267.08,35.94,0,0
267.2,35.93,0,0
267.33,35.94,0,0
267.45,35.94,0,0
267.57,35.94,0,0
267.69,35.94,0,0
267.81,35.93,0,0
267.94,35.94,0,0
268.06,35.93,0,0
268.18,35.93,0,0
268.3,35.93,0,0
268.42,35.93,0,0
268.55,35.93,0,0
268.67,35.93,0,0
268.79,35.92,0,0
268.91,35.93,0,0
269.04,35.92,0,0
269.16,35.92,0,0
269.28,35.93,0,0
269.4,35.93,0,0
269.52,35.92,0,0
269.64,35.91,0,0
269.77,35.92,0,0
269.89,35.92,0,0
270.01,35.92,0,0
270.13,35.92,0,0
270.26,35.91,0,0
270.38,35.91,0,0
270.5,35.91,0,0
270.62,35.92,0,0
270.75,35.92,0,0
270.87,35.92,0,0
270.99,35.91,0,0
271.11,35.9,0,0
271.23,35.92,0,0
271.36,35.91,0,0
271.48,35.92,0,0
271.6,35.91,0,0
271.72,35.91,0,0
271.85,35.91,0,0
271.97,35.9,0,0
272.09,35.9,0,0
272.21,35.91,0,0
272.33,35.91,0,0
272.45,35.9,0,0
272.58,35.9,0,0
272.7,35.91,0,0
272.82,35.9,0,0
272.94,35.9,0,0
273.07,35.9,0,0
273.19,35.89,0,0
273.31,35.9,0,0
273.43,35.9,0,0
273.55,35.9,0,0
273.68,35.9,0,0
273.8,35.9,0,0
273.92,35.9,0,0
274.04,35.9,0,0
274.17,35.9,0,0
274.29,35.9,0,0
274.41,35.89,0,0
274.53,35.89,0,0
274.65,35.89,0,0
274.78,35.89,0,0
274.9,35.89,0,0
275.02,35.89,0,0
275.14,35.89,0,0
275.27,35.88,0,0
275.39,35.88,0,0
275.51,35.88,0,0
275.63,35.88,0,0
275.75,35.89,0,0
275.88,35.88,0,0
276.0,35.88,0,0
276.12,35.89,0,0
276.24,35.88,0,0
276.36,35.89,0,0
276.49,35.89,0,0
276.61,35.89,0,0
276.73,35.88,0,0
276.85,35.88,0,0
276.98,35.88,0,0
277.1,35.89,0,0
277.22,35.88,0,0
277.34,35.87,0,0
277.46,35.88,0,0
277.58,35.87,0,0
277.71,35.88,0,0
277.83,35.88,0,0
277.95,35.87,0,0
278.08,35.88,0,0
278.2,35.87,0,0
278.32,35.87,0,0
278.44,35.88,0,0
278.56,35.87,0,0
278.69,35.88,0,0
278.81,35.87,0,0
278.93,35.86,0,0
279.05,35.86,0,0
279.17,35.87,0,0
279.3,35.87,0,0
279.42,35.87,0,0
279.54,35.87,0,0
279.66,35.86,0,0
279.79,35.86,0,0
279.91,35.87,0,0
280.03,35.86,0,0
280.15,35.87,0,0
280.27,35.86,0,0
280.39,35.86,0,0
280.52,35.86,0,0
280.64,35.86,0,0
280.76,35.86,0,0
280.88,35.86,0,0
281.01,35.86,0,0
281.13,35.86,0,0
281.25,35.86,0,0
281.37,35.86,0,0
281.5,35.86,0,0
281.62,35.86,0,0
281.74,35.86,0,0
281.86,35.85,0,0
281.98,35.86,0,0
282.11,35.85,0,0
282.23,35.85,0,0
282.35,35.85,0,0
282.47,35.85,0,0
282.59,35.85,0,0
282.72,35.85,0,0
282.84,35.85,0,0
282.96,35.85,0,0
283.08,35.85,0,0
283.2,35.85,0,0
283.33,35.85,0,0
283.45,35.85,0,0
283.57,35.84,0,0
283.69,35.85,0,0
283.82,35.85,0,0
283.94,35.84,0,0
284.06,35.84,0,0
284.18,35.85,0,0
284.3,35.85,0,0
284.43,35.84,0,0
284.55,35.85,0,0
284.67,35.84,0,0
284.79,35.85,0,0
284.92,35.84,0,0
285.04,35.84,0,0
285.16,35.84,0,0
285.28,35.84,0,0
285.4,35.84,0,0
285.53,35.84,0,0
285.65,35.84,0,0
285.77,35.84,0,0
285.89,35.84,0,0
286.02,35.84,0,0
286.14,35.83,0,0
286.26,35.83,0,0
286.38,35.84,0,0
286.5,35.83,0,0
286.63,35.82,0,0
286.75,35.83,0,0
286.87,35.83,0,0
286.99,35.83,0,0
287.11,35.83,0,0
287.24,35.82,0,0
287.36,35.83,0,0
287.48,35.83,0,0
287.6,35.83,0,0
287.73,35.83,0,0
287.85,35.83,0,0
287.97,35.83,0,0
288.09,35.83,0,0
288.21,35.82,0,0
288.33,35.82,0,0
288.46,35.82,0,0
288.58,35.82,0,0
288.7,35.82,0,0
288.82,35.82,0,0
288.95,35.82,0,0
289.07,35.81,0,0
289.19,35.82,0,0
289.31,35.82,0,0
289.44,35.82,0,0
289.56,35.82,0,0
289.68,35.81,0,0
289.8,35.82,0,0
289.92,35.82,0,0
290.05,35.81,0,0
290.17,35.81,0,0
290.29,35.82,0,0
290.41,35.81,0,0
290.54,35.81,0,0
290.66,35.81,0,0
290.78,35.81,0,0
290.9,35.81,0,0
291.02,35.81,0,0
291.14,35.81,0,0
291.27,35.81,0,0
291.39,35.81,0,0
291.51,35.81,0,0
291.63,35.81,0,0
291.76,35.81,0,0
291.88,35.8,0,0
292.0,35.81,0,0
292.12,35.8,0,0
292.25,35.8,0,0
292.37,35.8,0,0
292.49,35.8,0,0
292.61,35.8,0,0
292.73,35.8,0,0
292.86,35.8,0,0
292.98,35.8,0,0
293.1,35.8,0,0
293.22,35.8,0,0
293.34,35.79,0,0
293.47,35.8,0,0
293.59,35.8,0,0
293.71,35.79,0,0
293.83,35.79,0,0
293.95,35.8,0,0
294.08,35.79,0,0
294.2,35.79,0,0
294.32,35.8,0,0
294.44,35.79,0,0
294.57,35.79,0,0
294.69,35.79,0,0
294.81,35.79,0,0
294.93,35.79,0,0
295.05,35.79,0,0
295.18,35.79,0,0
295.3,35.79,0,0
295.42,35.79,0,0
295.54,35.79,0,0
295.67,35.79,0,0
295.79,35.79,0,0
295.91,35.79,0,0
296.03,35.79,0,0
296.15,35.78,0,0
296.27,35.78,0,0
296.4,35.79,0,0
296.52,35.78,0,0
296.64,35.78,0,0
296.77,35.78,0,0
296.89,35.78,0,0
297.01,35.78,0,0
297.13,35.78,0,0
297.25,35.78,0,0
297.38,35.78,0,0
297.5,35.78,0,0
297.62,35.77,0,0
297.74,35.78,0,0
297.86,35.78,0,0
297.99,35.77,0,0
298.11,35.77,0,0
298.23,35.78,0,0
298.35,35.77,0,0
298.48,35.78,0,0
298.6,35.77,0,0
298.72,35.77,0,0
298.84,35.77,0,0
298.96,35.77,0,0
299.08,35.77,0,0
299.21,35.77,0,0
299.33,35.77,0,0
299.45,35.77,0,0
299.57,35.77,0,0
299.7,35.76,0,0
299.82,35.77,0,0
299.94,35.77,0,0
300.06,35.77,0,0
300.19,35.76,0,0
300.31,35.77,0,0
300.43,35.76,0,0
300.55,35.76,0,0
300.67,35.76,0,0
300.8,35.76,0,0
300.92,35.76,0,0
301.04,35.76,0,0
301.16,35.77,0,0
301.28,35.76,0,0
301.41,35.76,0,0
301.53,35.76,0,0
301.65,35.77,0,0
301.77,35.76,0,0
301.89,35.76,0,0
302.02,35.76,0,0
302.14,35.76,0,0
302.26,35.75,0,0
302.38,35.76,0,0
302.51,35.75,0,0
302.63,35.76,0,0
302.75,35.75,0,0
302.87,35.75,0,0
303.0,35.76,0,0
303.12,35.75,0,0
303.24,35.75,0,0
303.36,35.75,0,0
303.48,35.75,0,0
303.61,35.75,0,0
303.73,35.75,0,0
303.85,35.75,0,0
303.97,35.75,0,0
304.09,35.75,0,0
304.22,35.75,0,0
304.34,35.75,0,0
304.46,35.75,0,0
304.58,35.75,0,0
304.7,35.75,0,0
304.83,35.74,0,0
304.95,35.74,0,0
305.07,35.74,0,0
305.19,35.75,0,0
305.32,35.75,0,0
305.44,35.74,0,0
305.56,35.75,0,0
305.68,35.74,0,0
305.8,35.74,0,0
305.93,35.74,0,0
306.05,35.74,0,0
306.17,35.74,0,0
306.29,35.73,0,0
306.42,35.74,0,0
306.54,35.74,0,0
306.66,35.74,0,0
306.78,35.73,0,0
306.9,35.73,0,0
307.02,35.74,0,0
307.15,35.74,0,0
307.27,35.73,0,0
307.39,35.74,0,0
307.51,35.73,0,0
307.64,35.73,0,0
307.76,35.73,0,0
307.88,35.73,0,0
308.0,35.74,0,0
308.13,35.73,0,0
308.25,35.73,0,0
308.37,35.73,0,0
308.49,35.73,0,0
308.61,35.73,0,0
308.74,35.73,0,0
308.86,35.73,0,0
308.98,35.73,0,0
309.1,35.73,0,0
309.23,35.73,0,0
309.35,35.73,0,0
309.47,35.72,0,0
309.59,35.73,0,0
309.71,35.73,0,0
309.83,35.73,0,0
309.96,35.72,0,0
310.08,35.72,0,0
310.2,35.72,0,0
310.32,35.73,0,0
310.45,35.73,0,0
310.57,35.72,0,0
310.69,35.72,0,0
310.81,35.72,0,0
310.94,35.72,0,0
311.06,35.72,0,0
311.18,35.71,0,0
311.3,35.72,0,0
311.42,35.71,0,0
311.55,35.72,0,0
311.67,35.72,0,0
311.79,35.72,0,0
311.91,35.72,0,0
312.03,35.71,0,0
312.16,35.72,0,0
312.28,35.72,0,0
312.4,35.72,0,0
312.52,35.71,0,0
312.64,35.72,0,0
312.77,35.71,0,0
312.89,35.72,0,0
313.01,35.71,0,0
313.13,35.72,0,0
313.26,35.71,0,0
313.38,35.71,0,0
313.5,35.72,0,0
313.62,35.71,0,0
313.74,35.71,0,0
313.87,35.7,0,0
313.99,35.71,0,0
314.11,35.71,0,0
314.23,35.71,0,0
314.36,35.71,0,0
314.48,35.71,0,0
314.6,35.71,0,0
314.72,35.71,0,0
314.84,35.71,0,0
314.97,35.7,0,0
315.09,35.71,0,0
315.21,35.7,0,0
315.33,35.7,0,0
315.45,35.7,0,0
315.58,35.71,0,0
315.7,35.7,0,0
315.82,35.7,0,0
315.94,35.7,0,0
316.07,35.71,0,0
316.19,35.7,0,0
316.31,35.71,0,0
316.43,35.7,0,0
316.55,35.7,0,0
316.68,35.7,0,0
316.8,35.7,0,0
316.92,35.7,0,0
317.04,35.7,0,0
317.17,35.7,0,0
317.29,35.7,0,0
317.41,35.7,0,0
317.53,35.7,0,0
317.65,35.7,0,0
317.77,35.7,0,0
317.9,35.7,0,0
318.02,35.7,0,0
318.14,35.69,0,0
318.26,35.69,0,0
318.39,35.69,0,0
318.51,35.69,0,0
318.63,35.69,0,0
318.75,35.69,0,0
318.88,35.69,0,0
319.0,35.69,0,0
319.12,35.69,0,0
319.24,35.69,0,0
319.36,35.68,0,0
319.48,35.69,0,0
319.61,35.69,0,0
319.73,35.69,0,0
319.85,35.69,0,0
319.97,35.69,0,0
320.1,35.69,0,0
320.22,35.69,0,0
320.34,35.68,0,0
320.46,35.68,0,0
320.58,35.69,0,0
320.71,35.69,0,0
320.83,35.68,0,0
320.95,35.68,0,0
321.07,35.68,0,0
321.2,35.69,0,0
321.32,35.68,0,0
321.44,35.68,0,0
321.56,35.68,0,0
321.69,35.68,0,0
321.81,35.68,0,0
321.93,35.68,0,0
322.05,35.68,0,0
322.17,35.68,0,0
322.3,35.68,0,0
322.42,35.68,0,0
322.54,35.68,0,0
322.66,35.68,0,0
322.78,35.68,0,0
322.91,35.68,0,0
323.03,35.68,0,0
323.15,35.68,0,0
323.27,35.67,0,0
323.39,35.67,0,0
323.52,35.67,0,0
323.64,35.68,0,0
323.76,35.68,0,0
323.88,35.68,0,0
324.01,35.67,0,0
324.13,35.67,0,0
324.25,35.67,0,0
324.37,35.68,0,0
324.49,35.67,0,0
324.62,35.67,0,0
324.74,35.67,0,0
324.86,35.67,0,0
324.98,35.67,0,0
325.11,35.67,0,0
325.23,35.67,0,0
325.35,35.66,0,0
325.47,35.67,0,0
325.59,35.67,0,0
325.72,35.67,0,0
325.84,35.67,0,0
325.96,35.67,0,0
326.08,35.67,0,0
326.2,35.67,0,0
326.33,35.67,0,0
326.45,35.66,0,0
326.57,35.66,0,0
326.69,35.66,0,0
326.82,35.66,0,0
326.94,35.66,0,0
327.06,35.66,0,0
327.18,35.66,0,0
327.3,35.66,0,0
327.43,35.66,0,0
327.55,35.66,0,0
327.67,35.66,0,0
327.79,35.66,0,0
327.92,35.66,0,0
328.04,35.66,0,0
328.16,35.66,0,0
328.28,35.66,0,0
328.4,35.66,0,0
328.52,35.66,0,0
328.65,35.66,0,0
328.77,35.66,0,0
328.89,35.66,0,0
329.01,35.65,0,0
329.14,35.65,0,0
329.26,35.65,0,0
329.38,35.66,0,0
329.5,35.65,0,0
329.63,35.65,0,0
329.75,35.66,0,0
329.87,35.66,0,0
329.99,35.65,0,0
330.11,35.65,0,0
330.23,35.65,0,0
330.36,35.65,0,0
330.48,35.65,0,0
330.6,35.65,0,0
330.72,35.65,0,0
330.85,35.65,0,0
330.97,35.65,0,0
331.09,35.65,0,0
331.21,35.65,0,0
331.33,35.65,0,0
331.46,35.65,0,0
331.58,35.65,0,0
331.7,35.65,0,0
331.82,35.65,0,0
331.95,35.65,0,0
332.07,35.65,0,0
332.19,35.64,0,0
332.31,35.65,0,0
332.43,35.64,0,0
332.56,35.64,0,0
332.68,35.64,0,0
332.8,35.64,0,0
332.92,35.65,0,0
333.05,35.64,0,0
333.17,35.65,0,0
333.29,35.64,0,0
333.41,35.64,0,0
333.53,35.64,0,0
333.66,35.64,0,0
333.78,35.64,0,0
333.9,35.64,0,0
334.02,35.64,0,0
334.14,35.64,0,0
334.27,35.64,0,0
334.39,35.64,0,0
334.51,35.64,0,0
334.63,35.64,0,0
334.76,35.64,0,0
334.88,35.64,0,0
335.0,35.63,0,0
335.12,35.63,0,0
335.24,35.64,0,0
335.37,35.63,0,0
335.49,35.64,0,0
335.61,35.64,0,0
335.73,35.63,0,0
335.86,35.63,0,0
335.98,35.64,0,0
336.1,35.63,0,0
336.22,35.63,0,0
336.34,35.64,0,0
336.47,35.63,0,0
336.59,35.63,0,0
336.71,35.63,0,0
336.83,35.63,0,0
336.95,35.63,0,0
337.08,35.63,0,0
337.2,35.63,0,0
337.32,35.63,0,0
337.44,35.63,0,0
337.57,35.63,0,0
337.69,35.63,0,0
337.81,35.63,0,0
337.93,35.63,0,0
338.05,35.63,0,0
338.18,35.63,0,0
338.3,35.62,0,0
338.42,35.62,0,0
338.54,35.63,0,0
338.66,35.62,0,0
338.79,35.63,0,0
338.91,35.63,0,0
339.03,35.63,0,0
339.15,35.62,0,0
339.27,35.62,0,0
339.4,35.62,0,0
339.52,35.63,0,0
339.64,35.62,0,0
339.76,35.62,0,0
339.89,35.62,0,0
340.01,35.62,0,0
340.13,35.62,0,0
340.25,35.62,0,0
340.38,35.62,0,0
340.5,35.62,0,0
340.62,35.62,0,0
340.74,35.62,0,0
340.86,35.62,0,0
340.98,35.61,0,0
341.11,35.62,0,0
341.23,35.61,0,0
341.35,35.62,0,0
341.47,35.61,0,0
341.6,35.62,0,0
341.72,35.62,0,0
341.84,35.62,0,0
341.96,35.62,0,0
342.08,35.61,0,0
342.21,35.61,0,0
342.33,35.62,0,0
342.45,35.61,0,0
342.57,35.61,0,0
342.7,35.61,0,0
342.82,35.61,0,0
342.94,35.61,0,0
343.06,35.62,0,0
343.18,35.61,0,0
343.31,35.61,0,0
343.43,35.61,0,0
343.55,35.61,0,0
343.67,35.61,0,0
343.8,35.61,0,0
343.92,35.64,0,0
344.04,35.62,0,0
344.16,35.6,0,0
344.28,35.61,0,0
344.41,35.61,0,0
344.53,35.6,0,0
344.65,35.61,0,0
344.77,35.62,0,0
344.89,35.61,0,0
345.02,35.61,0,0
345.14,35.61,0,0
345.26,35.64,0,0
345.38,35.62,0,0
345.51,35.62,0,0
345.63,35.62,0,0
345.75,35.61,0,0
345.87,35.61,0,0
345.99,35.61,0,0
346.12,35.61,0,0
346.24,35.62,0,0
346.36,35.61,0,0
346.48,35.62,0,0
346.61,35.61,0,0
346.73,35.61,0,0
346.85,35.61,0,0
346.97,35.61,0,0
347.09,35.61,0,0
347.22,35.61,0,0
347.34,35.61,0,0
347.46,35.61,0,0
347.58,35.61,0,0
347.7,35.61,0,0
347.83,35.61,0,0
347.95,35.61,0,0
348.07,35.61,0,0
348.19,35.61,0,0
348.32,35.61,0,0
348.44,35.6,0,0
348.56,35.61,0,0
348.68,35.61,0,0
348.8,35.6,0,0
348.92,35.61,0,0
349.05,35.61,0,0
349.17,35.6,0,0
349.29,35.6,0,0
349.41,35.6,0,0
349.54,35.62,0,0
349.66,35.6,0,0
349.78,35.6,0,0
349.9,35.6,0,0
350.02,35.59,0,0
350.15,35.61,0,0
350.27,35.59,0,0
350.39,35.61,0,0
350.51,35.6,0,0
350.64,35.6,0,0
350.76,35.59,0,0
350.88,35.61,0,0
351.0,35.6,0,0
351.12,35.59,0,0
351.25,35.57,0,0
351.37,35.59,0,0
351.49,35.57,0,0
351.61,35.59,0,0
351.73,35.58,0,0
351.86,35.6,0,0
351.98,35.57,0,0
352.1,35.6,0,0
352.22,35.6,0,0
352.35,35.6,0,0
352.47,35.6,0,0
352.59,35.59,0,0
352.71,35.6,0,0
352.83,35.6,0,0
352.96,35.59,0,0
353.08,35.6,0,0
353.2,35.59,0,0
353.32,35.6,0,0
353.45,35.59,0,0
353.57,35.59,0,0
353.69,35.6,0,0
353.81,35.59,0,0
353.93,35.59,0,0
354.06,35.59,0,0
354.18,35.59,0,0
354.3,35.59,0,0
354.42,35.59,0,0
354.55,35.59,0,0
354.67,35.59,0,0
354.79,35.59,0,0
354.91,35.59,0,0
355.03,35.59,0,0
355.16,35.59,0,0
355.28,35.58,0,0
355.4,35.59,0,0
355.52,35.58,0,0
355.64,35.59,0,0
355.77,35.59,0,0
355.89,35.59,0,0
356.01,35.58,0,0
356.13,35.58,0,0
356.26,35.58,0,0
356.38,35.59,0,0
356.5,35.59,0,0
356.62,35.58,0,0
356.74,35.59,0,0
356.87,35.58,0,0
356.99,35.58,0,0
357.11,35.58,0,0
357.23,35.58,0,0
357.35,35.58,0,0
357.48,35.59,0,0
357.6,35.59,0,0
357.72,35.58,0,0
357.84,35.58,0,0
357.97,35.59,0,0
358.09,35.58,0,0
358.21,35.59,0,0
358.33,35.58,0,0
358.45,35.58,0,0
358.58,35.58,0,0
358.7,35.58,0,0
358.82,35.58,0,0
358.94,35.58,0,0
359.07,35.58,0,0
359.19,35.58,0,0
359.31,35.58,0,0
359.43,35.58,0,0
359.55,35.58,0,0
359.67,35.58,0,0
359.8,35.58,0,0
359.92,35.58,0,0
360.04,35.58,0,0
360.16,35.58,0,0
360.29,35.58,0,0
360.41,35.58,0,0
360.53,35.58,0,0
360.65,35.58,0,0
360.77,35.58,0,0
360.9,35.57,0,0
361.02,35.58,0,0
361.14,35.57,0,0
361.26,35.58,0,0
361.39,35.57,0,0
361.51,35.57,0,0
361.63,35.58,0,0
361.75,35.57,0,0
361.87,35.57,0,0
362.0,35.57,0,0
362.12,35.57,0,0
362.24,35.57,0,0
362.36,35.57,0,0
362.48,35.58,0,0
362.61,35.57,0,0
362.73,35.57,0,0
362.85,35.57,0,0
362.97,35.57,0,0
363.1,35.57,0,0
363.22,35.57,0,0
363.34,35.57,0,0
363.46,35.56,0,0
363.58,35.56,0,0
363.71,35.57,0,0
363.83,35.57,0,0
363.95,35.57,0,0
364.07,35.57,0,0
364.2,35.57,0,0
364.32,35.57,0,0
364.44,35.56,0,0
364.56,35.56,0,0
364.68,35.56,0,0
364.81,35.57,0,0
364.93,35.56,0,0
365.05,35.56,0,0
365.17,35.56,0,0
365.3,35.56,0,0
365.42,35.56,0,0
365.54,35.56,0,0
365.66,35.56,0,0
365.78,35.56,0,0
365.91,35.56,0,0
366.03,35.56,0,0
366.15,35.56,0,0
366.27,35.56,0,0
366.39,35.56,0,0
366.52,35.56,0,0
366.64,35.56,0,0
366.76,35.56,0,0
366.88,35.56,0,0
367.01,35.56,0,0
367.13,35.56,0,0
367.25,35.57,0,0
367.37,35.56,0,0
367.49,35.56,0,0
367.62,35.56,0,0
367.74,35.56,0,0
367.86,35.56,0,0
367.98,35.55,0,0
368.1,35.55,0,0
368.23,35.55,0,0
368.35,35.56,0,0
368.47,35.55,0,0
368.59,35.55,0,0
368.72,35.55,0,0
368.84,35.55,0,0
368.96,35.55,0,0
369.08,35.55,0,0
369.2,35.55,0,0
369.33,35.55,0,0
369.45,35.55,0,0
369.57,35.55,0,0
369.69,35.55,0,0
369.81,35.55,0,0
369.94,35.55,0,0
370.06,35.55,0,0
370.18,35.55,0,0
370.3,35.55,0,0
370.42,35.55,0,0
370.55,35.55,0,0
370.67,35.55,0,0
370.79,35.54,0,0
370.91,35.54,0,0
371.04,35.54,0,0
371.16,35.55,0,0
371.28,35.55,0,0
371.4,35.55,0,0
371.52,35.54,0,0
371.65,35.54,0,0
371.77,35.54,0,0
371.89,35.54,0,0
372.01,35.54,0,0
372.14,35.54,0,0
372.26,35.54,0,0
372.38,35.54,0,0
372.5,35.54,0,0
372.62,35.54,0,0
372.75,35.54,0,0
372.87,35.54,0,0
372.99,35.54,0,0
373.11,35.54,0,0
373.23,35.54,0,0
373.36,35.54,0,0
373.48,35.54,0,0
373.6,35.54,0,0
373.72,35.53,0,0
373.85,35.54,0,0
373.97,35.53,0,0
374.09,35.54,0,0
374.21,35.53,0,0
374.33,35.53,0,0
374.46,35.53,0,0
374.58,35.53,0,0
374.7,35.53,0,0
374.82,35.53,0,0
374.95,35.53,0,0
375.07,35.54,0,0
375.19,35.53,0,0
375.31,35.53,0,0
375.43,35.53,0,0
375.56,35.53,0,0
375.68,35.53,0,0
375.8,35.53,0,0
375.92,35.53,0,0
376.04,35.52,0,0
376.17,35.53,0,0
376.29,35.53,0,0
376.41,35.52,0,0
376.53,35.52,0,0
376.66,35.53,0,0
376.78,35.52,0,0
376.9,35.52,0,0
377.02,35.53,0,0
377.14,35.53,0,0
377.27,35.52,0,0
377.39,35.52,0,0
377.51,35.53,0,0
377.63,35.52,0,0
377.76,35.53,0,0
377.88,35.53,0,0
378.0,35.52,0,0
378.12,35.52,0,0
378.24,35.52,0,0
378.36,35.52,0,0
378.49,35.52,0,0
378.61,35.52,0,0
378.73,35.52,0,0
378.85,35.52,0,0
378.98,35.52,0,0
379.1,35.52,0,0
379.22,35.52,0,0
379.34,35.52,0,0
379.47,35.52,0,0
379.59,35.52,0,0
379.71,35.52,0,0
379.83,35.52,0,0
379.95,35.52,0,0
380.08,35.52,0,0
380.2,35.52,0,0
380.32,35.52,0,0
380.44,35.52,0,0
380.56,35.52,0,0
380.69,35.52,0,0
380.81,35.51,0,0
380.93,35.52,0,0
381.05,35.52,0,0
381.17,35.51,0,0
381.3,35.51,0,0
381.42,35.52,0,0
381.54,35.51,0,0
381.66,35.51,0,0
381.79,35.51,0,0
381.91,35.51,0,0
382.03,35.52,0,0
382.15,35.51,0,0
382.27,35.51,0,0
382.4,35.51,0,0
382.52,35.51,0,0
382.64,35.51,0,0
382.76,35.51,0,0
382.89,35.51,0,0
383.01,35.51,0,0
383.13,35.51,0,0
383.25,35.51,0,0
383.37,35.51,0,0
383.5,35.51,0,0
383.62,35.51,0,0
383.74,35.51,0,0
383.86,35.51,0,0
383.98,35.51,0,0
384.11,35.51,0,0
384.23,35.51,0,0
384.35,35.51,0,0
384.47,35.51,0,0
384.6,35.51,0,0
384.72,35.51,0,0
384.84,35.51,0,0
384.96,35.5,0,0
385.08,35.51,0,0
385.21,35.51,0,0
385.33,35.5,0,0
385.45,35.51,0,0
385.57,35.51,0,0
385.7,35.51,0,0
385.82,35.51,0,0
385.94,35.51,0,0
386.06,35.5,0,0
386.18,35.51,0,0
386.31,35.5,0,0
386.43,35.5,0,0
386.55,35.5,0,0
386.67,35.51,0,0
386.79,35.5,0,0
386.92,35.51,0,0
387.04,35.5,0,0
387.16,35.5,0,0
387.28,35.5,0,0
387.41,35.51,0,0
387.53,35.5,0,0
387.65,35.5,0,0
387.77,35.5,0,0
387.89,35.5,0,0
388.02,35.5,0,0
388.14,35.5,0,0
388.26,35.5,0,0
388.38,35.5,0,0
388.5,35.5,0,0
388.63,35.5,0,0
388.75,35.5,0,0
388.87,35.5,0,0
388.99,35.5,0,0
389.11,35.5,0,0
389.24,35.5,0,0
389.36,35.5,0,0
389.48,35.5,0,0
389.6,35.5,0,0
389.73,35.5,0,0
389.85,35.49,0,0
389.97,35.5,0,0
390.09,35.5,0,0
390.22,35.5,0,0
390.34,35.49,0,0
390.46,35.49,0,0
390.58,35.49,0,0
390.7,35.49,0,0
390.83,35.5,0,0
390.95,35.49,0,0
391.07,35.49,0,0
391.19,35.49,0,0
391.31,35.49,0,0
391.44,35.49,0,0
391.56,35.49,0,0
391.68,35.49,0,0
391.8,35.49,0,0
391.92,35.49,0,0
392.05,35.49,0,0
392.17,35.49,0,0
392.29,35.49,0,0
392.41,35.49,0,0
392.54,35.49,0,0
392.66,35.49,0,0
392.78,35.49,0,0
392.9,35.49,0,0
393.02,35.49,0,0
393.15,35.49,0,0
393.27,35.49,0,0
393.39,35.49,0,0
393.51,35.49,0,0
393.64,35.49,0,0
393.76,35.49,0,0
393.88,35.49,0,0
394.0,35.48,0,0
394.12,35.49,0,0
394.25,35.49,0,0
394.37,35.49,0,0
394.49,35.49,0,0
394.61,35.48,0,0
394.73,35.49,0,0
394.86,35.49,0,0
394.98,35.48,0,0
395.1,35.49,0,0
395.22,35.49,0,0
395.35,35.48,0,0
395.47,35.48,0,0
395.59,35.48,0,0
395.71,35.48,0,0
395.83,35.48,0,0
395.96,35.48,0,0
396.08,35.48,0,0
396.2,35.48,0,0
396.32,35.48,0,0
396.45,35.48,0,0
396.57,35.48,0,0
396.69,35.49,0,0
396.81,35.48,0,0
396.93,35.48,0,0
397.06,35.48,0,0
397.18,35.48,0,0
397.3,35.48,0,0
397.42,35.48,0,0
397.54,35.48,0,0
397.67,35.48,0,0
397.79,35.48,0,0
397.91,35.47,0,0
398.03,35.48,0,0
398.16,35.48,0,0
398.28,35.47,0,0
398.4,35.48,0,0
398.52,35.47,0,0
398.64,35.48,0,0
398.77,35.47,0,0
398.89,35.48,0,0
399.01,35.48,0,0
399.13,35.48,0,0
399.25,35.48,0,0
399.38,35.47,0,0
399.5,35.48,0,0
399.62,35.48,0,0
399.74,35.47,0,0
399.86,35.47,0,0
399.99,35.48,0,0
400.11,35.47,0,0
400.23,35.47,0,0
400.35,35.48,0,0
400.48,35.47,0,0
400.6,35.47,0,0
400.72,35.47,0,0
400.84,35.47,0,0
400.96,35.47,0,0
401.09,35.47,0,0
401.21,35.47,0,0
401.33,35.47,0,0
401.45,35.47,0,0
401.58,35.47,0,0
401.7,35.47,0,0
401.82,35.47,0,0
401.94,35.47,0,0
402.06,35.47,0,0
402.19,35.47,0,0
402.31,35.47,0,0
402.43,35.47,0,0
402.55,35.47,0,0
402.67,35.46,0,0
402.8,35.47,0,0
402.92,35.47,0,0
403.04,35.46,0,0
403.16,35.46,0,0
403.29,35.46,0,0
403.41,35.47,0,0
403.53,35.46,0,0
403.65,35.46,0,0
403.77,35.47,0,0
403.9,35.46,0,0
404.02,35.46,0,0
404.14,35.46,0,0
404.26,35.47,0,0
404.39,35.47,0,0
404.51,35.46,0,0
404.63,35.47,0,0
404.75,35.46,0,0
404.87,35.46,0,0
405.0,35.46,0,0
405.12,35.46,0,0
405.24,35.46,0,0
405.36,35.46,0,0
405.48,35.46,0,0
405.61,35.46,0,0
405.73,35.46,0,0
405.85,35.46,0,0
405.97,35.46,0,0
406.1,35.46,0,0
406.22,35.46,0,0
406.34,35.46,0,0
406.46,35.46,0,0
406.58,35.46,0,0
406.71,35.46,0,0
406.83,35.46,0,0
406.95,35.46,0,0
407.07,35.46,0,0
407.19,35.46,0,0
407.32,35.46,0,0
407.44,35.46,0,0
407.56,35.46,0,0
407.68,35.46,0,0
407.8,35.46,0,0
407.93,35.46,0,0
408.05,35.45,0,0
408.17,35.45,0,0
408.29,35.45,0,0
408.42,35.46,0,0
408.54,35.45,0,0
408.66,35.46,0,0
408.78,35.45,0,0
408.91,35.46,0,0
409.03,35.45,0,0
409.15,35.45,0,0
409.27,35.46,0,0
409.39,35.45,0,0
409.52,35.46,0,0
409.64,35.46,0,0
409.76,35.46,0,0
409.88,35.45,0,0
410.0,35.45,0,0
410.13,35.45,0,0
410.25,35.45,0,0
410.37,35.45,0,0
410.49,35.45,0,0
410.61,35.45,0,0
410.74,35.45,0,0
410.86,35.45,0,0
410.98,35.45,0,0
411.1,35.45,0,0
411.23,35.45,0,0
411.35,35.45,0,0
411.47,35.45,0,0
411.59,35.45,0,0
411.71,35.45,0,0
411.84,35.45,0,0
411.96,35.45,0,0
412.08,35.45,0,0
412.2,35.44,0,0
412.33,35.45,0,0
412.45,35.45,0,0
412.57,35.45,0,0
412.69,35.45,0,0
412.81,35.45,0,0
412.94,35.45,0,0
413.06,35.45,0,0
413.18,35.45,0,0
413.3,35.45,0,0
413.42,35.45,0,0
413.55,35.45,0,0
413.67,35.44,0,0
413.79,35.45,0,0
413.91,35.45,0,0
414.04,35.44,0,0
414.16,35.45,0,0
414.28,35.45,0,0
414.4,35.44,0,0
414.52,35.44,0,0
414.65,35.45,0,0
414.77,35.45,0,0
414.89,35.44,0,0
415.01,35.45,0,0
415.14,35.44,0,0
415.26,35.44,0,0
415.38,35.44,0,0
415.5,35.44,0,0
415.62,35.44,0,0
415.75,35.44,0,0
415.87,35.44,0,0
415.99,35.44,0,0
416.11,35.44,0,0
416.23,35.44,0,0
416.36,35.44,0,0
416.48,35.44,0,0
416.6,35.44,0,0
416.72,35.44,0,0
416.85,35.44,0,0
416.97,35.44,0,0
417.09,35.44,0,0
417.21,35.44,0,0
417.33,35.44,0,0
417.46,35.44,0,0
417.58,35.44,0,0
417.7,35.44,0,0
417.82,35.44,0,0
417.94,35.44,0,0
418.07,35.44,0,0
418.19,35.44,0,0
418.31,35.44,0,0
418.43,35.44,0,0
418.55,35.44,0,0
418.68,35.44,0,0
418.8,35.43,0,0
418.92,35.44,0,0
419.04,35.44,0,0
419.17,35.44,0,0
419.29,35.44,0,0
419.41,35.44,0,0
419.53,35.43,0,0
419.65,35.44,0,0
419.78,35.44,0,0
419.9,35.44,0,0
420.02,35.44,0,0
420.14,35.44,0,0
420.27,35.44,0,0
420.39,35.44,0,0
420.51,35.44,0,0
420.63,35.43,0,0
420.75,35.44,0,0
420.88,35.43,0,0
421.0,35.43,0,0
421.12,35.44,0,0
421.24,35.44,0,0
421.36,35.43,0,0
421.49,35.43,0,0
421.61,35.44,0,0
421.73,35.43,0,0
421.85,35.44,0,0
421.98,35.43,0,0
422.1,35.43,0,0
422.22,35.43,0,0
422.34,35.44,0,0
422.46,35.44,0,0
422.59,35.43,0,0
422.71,35.43,0,0
422.83,35.43,0,0
422.95,35.44,0,0
423.08,35.43,0,0
423.2,35.43,0,0
423.32,35.43,0,0
423.44,35.43,0,0
423.56,35.43,0,0
423.69,35.43,0,0
423.81,35.43,0,0
423.93,35.43,0,0
424.05,35.43,0,0
424.17,35.43,0,0
424.3,35.43,0,0
424.42,35.43,0,0
424.54,35.43,0,0
424.66,35.43,0,0
424.79,35.43,0,0
424.91,35.43,0,0
425.03,35.43,0,0
425.15,35.43,0,0
425.27,35.43,0,0
425.4,35.43,0,0
425.52,35.43,0,0
425.64,35.43,0,0
425.76,35.43,0,0
425.88,35.43,0,0
426.01,35.43,0,0
426.13,35.43,0,0
426.25,35.43,0,0
426.37,35.43,0,0
426.5,35.43,0,0
426.62,35.43,0,0
426.74,35.43,0,0
426.86,35.42,0,0
426.98,35.43,0,0
427.11,35.43,0,0
427.23,35.43,0,0
427.35,35.42,0,0
427.47,35.43,0,0
427.6,35.43,0,0
427.72,35.43,0,0
427.84,35.43,0,0
427.96,35.43,0,0
428.08,35.43,0,0
428.21,35.43,0,0
428.33,35.43,0,0
428.45,35.43,0,0
428.57,35.43,0,0
428.69,35.43,0,0
428.82,35.43,0,0
428.94,35.43,0,0
429.06,35.42,0,0
429.18,35.43,0,0
429.3,35.43,0,0
429.43,35.43,0,0
429.55,35.43,0,0
429.67,35.42,0,0
429.79,35.42,0,0
429.92,35.42,0,0
430.04,35.43,0,0
430.16,35.43,0,0
430.28,35.43,0,0
430.4,35.43,0,0
430.53,35.42,0,0
430.65,35.42,0,0
430.77,35.43,0,0
430.89,35.42,0,0
431.02,35.43,0,0
431.14,35.42,0,0
431.26,35.42,0,0
431.38,35.42,0,0
431.5,35.42,0,0
431.63,35.42,0,0
431.75,35.43,0,0
431.87,35.42,0,0
431.99,35.42,0,0
432.11,35.42,0,0
432.24,35.42,0,0
432.36,35.43,0,0
432.48,35.43,0,0
432.6,35.42,0,0
432.73,35.42,0,0
432.85,35.42,0,0
432.97,35.42,0,0
433.09,35.42,0,0
433.21,35.42,0,0
433.34,35.42,0,0
433.46,35.42,0,0
433.58,35.42,0,0
433.7,35.42,0,0
433.83,35.42,0,0
433.95,35.42,0,0
434.07,35.42,0,0
434.19,35.42,0,0
434.31,35.42,0,0
434.44,35.42,0,0
434.56,35.42,0,0
434.68,35.42,0,0
434.8,35.42,0,0
434.92,35.42,0,0
435.05,35.42,0,0
435.17,35.42,0,0
435.29,35.43,0,0
435.41,35.42,0,0
435.54,35.42,0,0
435.66,35.42,0,0
435.78,35.42,0,0
435.9,35.42,0,0
436.02,35.42,0,0
436.15,35.42,0,0
436.27,35.41,0,0
436.39,35.42,0,0
436.51,35.42,0,0
436.63,35.42,0,0
436.76,35.42,0,0
436.88,35.42,0,0
437.0,35.42,0,0
437.12,35.42,0,0
437.25,35.42,0,0
437.37,35.42,0,0
437.49,35.42,0,0
437.61,35.42,0,0
437.73,35.42,0,0
437.86,35.42,0,0
437.98,35.42,0,0
438.1,35.42,0,0
438.22,35.42,0,0
438.34,35.42,0,0
438.47,35.41,0,0
438.59,35.42,0,0
438.71,35.42,0,0
438.83,35.41,0,0
438.96,35.41,0,0
439.08,35.42,0,0
439.2,35.42,0,0
439.32,35.41,0,0
439.44,35.42,0,0
439.57,35.41,0,0
439.69,35.42,0,0
439.81,35.42,0,0
439.93,35.41,0,0
440.05,35.41,0,0
440.18,35.41,0,0
440.3,35.41,0,0
440.42,35.41,0,0
440.54,35.41,0,0
440.67,35.42,0,0
440.79,35.42,0,0
440.91,35.42,0,0
441.03,35.41,0,0
441.15,35.41,0,0
441.28,35.41,0,0
441.4,35.41,0,0
441.52,35.42,0,0
441.64,35.42,0,0
441.77,35.42,0,0
441.89,35.42,0,0
442.01,35.42,0,0
442.13,35.41,0,0
442.25,35.41,0,0
442.38,35.41,0,0
442.5,35.41,0,0
442.62,35.42,0,0
442.74,35.42,0,0
442.86,35.42,0,0
442.99,35.42,0,0
443.11,35.41,0,0
443.23,35.42,0,0
443.35,35.42,0,0
443.48,35.41,0,0
443.6,35.42,0,0
443.72,35.42,0,0
443.84,35.42,0,0
443.96,35.41,0,0
444.09,35.42,0,0
444.21,35.42,0,0
444.33,35.42,0,0
444.45,35.42,0,0
444.57,35.42,0,0
444.7,35.41,0,0
444.82,35.41,0,0
444.94,35.41,0,0
445.06,35.42,0,0
445.19,35.41,0,0
445.31,35.41,0,0
445.43,35.41,0,0
445.55,35.41,0,0
445.67,35.42,0,0
445.8,35.42,0,0
445.92,35.42,0,0
446.04,35.42,0,0
446.16,35.42,0,0
446.29,35.42,0,0
446.41,35.41,0,0
446.53,35.41,0,0
446.65,35.42,0,0
446.77,35.42,0,0
446.9,35.42,0,0
447.02,35.41,0,0
447.14,35.42,0,0
447.26,35.42,0,0
447.38,35.42,0,0
447.51,35.42,0,0
447.63,35.42,0,0
447.75,35.41,0,0
447.87,35.42,0,0
448.0,35.42,0,0
448.12,35.42,0,0
448.24,35.42,0,0
448.36,35.42,0,0
448.48,35.41,0,0
448.61,35.41,0,0
448.73,35.42,0,0
448.85,35.42,0,0
448.97,35.42,0,0
449.09,35.41,0,0
449.22,35.42,0,0
449.34,35.42,0,0
449.46,35.42,0,0
449.58,35.41,0,0
449.7,35.42,0,0
449.83,35.42,0,0
449.95,35.42,0,0
450.07,35.42,0,0
450.19,35.42,0,0
450.32,35.42,0,0
450.44,35.42,0,0
450.56,35.42,0,0
450.68,35.42,0,0
450.8,35.42,0,0
450.93,35.42,0,0
451.05,35.42,0,0
451.17,35.42,0,0
451.29,35.42,0,0
451.42,35.42,0,0
451.54,35.42,0,0
451.66,35.42,0,0
451.78,35.42,0,0
451.9,35.42,0,0
452.03,35.42,0,0
452.15,35.42,0,0
452.27,35.42,0,0
452.39,35.41,0,0
452.52,35.42,0,0
452.64,35.42,0,0
452.76,35.42,0,0
452.88,35.42,0,0
453.0,35.42,0,0
453.13,35.42,0,0
453.25,35.42,0,0
453.37,35.42,0,0
453.49,35.42,0,0
453.61,35.42,0,0
453.74,35.42,0,0
453.86,35.42,0,0
453.98,35.42,0,0
454.1,35.42,0,0
454.23,35.42,0,0
454.35,35.42,0,0
454.47,35.42,0,0
454.59,35.42,0,0
454.71,35.42,0,0
454.84,35.42,0,0
454.96,35.42,0,0
455.08,35.42,0,0
455.2,35.41,0,0
455.32,35.42,0,0
455.45,35.42,0,0
455.57,35.42,0,0
455.69,35.42,0,0
455.81,35.42,0,0
455.94,35.42,0,0
456.06,35.42,0,0
456.18,35.42,0,0
456.3,35.41,0,0
456.42,35.42,0,0
456.55,35.42,0,0
456.67,35.42,0,0
456.79,35.42,0,0
456.91,35.42,0,0
457.03,35.42,0,0
457.16,35.42,0,0
457.28,35.42,0,0
457.4,35.41,0,0
457.52,35.42,0,0
457.65,35.42,0,0
457.77,35.42,0,0
457.89,35.42,0,0
458.01,35.41,0,0
458.13,35.41,0,0
458.26,35.42,0,0
458.38,35.41,0,0
458.5,35.42,0,0
458.62,35.42,0,0
458.75,35.42,0,0
458.87,35.41,0,0
458.99,35.41,0,0
459.11,35.42,0,0
459.23,35.42,0,0
459.36,35.42,0,0
459.48,35.41,0,0
459.6,35.42,0,0
459.72,35.42,0,0
459.84,35.41,0,0
459.97,35.42,0,0
460.09,35.41,0,0
460.21,35.42,0,0
460.33,35.41,0,0
460.45,35.41,0,0
460.58,35.41,0,0
460.7,35.42,0,0
460.82,35.41,0,0
460.94,35.42,0,0
461.07,35.41,0,0
461.19,35.42,0,0
461.31,35.42,0,0
461.43,35.42,0,0
461.55,35.41,0,0
461.68,35.42,0,0
461.8,35.41,0,0
461.92,35.41,0,0
462.04,35.41,0,0
462.17,35.41,0,0
462.29,35.41,0,0
462.41,35.42,0,0
462.53,35.41,0,0
462.65,35.42,0,0
462.78,35.4,0,0
462.9,35.41,0,0
463.02,35.41,0,0
463.14,35.41,0,0
463.26,35.41,0,0
463.39,35.41,0,0
463.51,35.41,0,0
463.63,35.41,0,0
463.75,35.41,0,0
463.88,35.41,0,0
464.0,35.41,0,0
464.12,35.41,0,0
464.24,35.41,0,0
464.36,35.41,0,0
464.49,35.41,0,0
464.61,35.41,0,0
464.73,35.41,0,0
464.85,35.41,0,0
464.98,35.41,0,0
465.1,35.41,0,0
465.22,35.41,0,0
465.34,35.41,0,0
465.46,35.41,0,0
465.59,35.41,0,0
465.71,35.41,0,0
465.83,35.41,0,0
465.95,35.41,0,0
466.07,35.4,0,0
466.2,35.4,0,0
466.32,35.41,0,0
466.44,35.4,0,0
466.56,35.41,0,0
466.69,35.4,0,0
466.81,35.4,0,0
466.93,35.4,0,0
467.05,35.4,0,0
467.17,35.41,0,0
467.3,35.41,0,0
467.42,35.41,0,0
467.54,35.41,0,0
467.66,35.4,0,0
467.78,35.41,0,0
467.91,35.4,0,0
468.03,35.41,0,0
468.15,35.4,0,0
468.27,35.4,0,0
468.4,35.41,0,0
468.52,35.41,0,0
468.64,35.4,0,0
468.76,35.41,0,0
468.88,35.4,0,0
469.01,35.41,0,0
469.13,35.4,0,0
469.25,35.4,0,0
469.37,35.41,0,0
469.49,35.41,0,0
469.62,35.4,0,0
469.74,35.41,0,0
469.86,35.4,0,0
469.98,35.4,0,0
470.11,35.4,0,0
470.23,35.4,0,0
470.35,35.4,0,0
470.47,35.4,0,0
470.59,35.4,0,0
470.72,35.4,0,0
470.84,35.4,0,0
470.96,35.4,0,0
471.08,35.4,0,0
471.2,35.4,0,0
471.33,35.4,0,0
471.45,35.4,0,0
471.57,35.4,0,0
471.69,35.4,0,0
471.82,35.4,0,0
471.94,35.4,0,0
472.06,35.4,0,0
472.18,35.4,0,0
472.3,35.4,0,0
472.43,35.4,0,0
472.55,35.4,0,0
472.67,35.4,0,0
472.79,35.4,0,0
472.92,35.4,0,0
473.04,35.4,0,0
473.16,35.4,0,0
473.28,35.4,0,0
473.4,35.4,0,0
473.53,35.4,0,0
473.65,35.4,0,0
473.77,35.4,0,0
473.89,35.4,0,0
474.01,35.4,0,0
474.14,35.4,0,0
474.26,35.4,0,0
474.38,35.4,0,0
474.5,35.4,0,0
474.63,35.39,0,0
474.75,35.4,0,0
474.87,35.4,0,0
474.99,35.4,0,0
475.11,35.4,0,0
475.24,35.4,0,0
475.36,35.39,0,0
475.48,35.4,0,0
475.6,35.4,0,0
475.72,35.39,0,0
475.85,35.4,0,0
475.97,35.4,0,0
476.09,35.4,0,0
476.21,35.4,0,0
476.34,35.4,0,0
476.46,35.4,0,0
476.58,35.39,0,0
476.7,35.4,0,0
476.82,35.39,0,0
476.95,35.39,0,0
477.07,35.4,0,0
477.19,35.39,0,0
477.31,35.39,0,0
477.44,35.4,0,0
477.56,35.39,0,0
477.68,35.4,0,0
477.8,35.39,0,0
477.92,35.39,0,0
478.05,35.39,0,0
478.17,35.39,0,0
478.29,35.39,0,0
478.41,35.39,0,0
478.53,35.39,0,0
478.66,35.39,0,0
478.78,35.39,0,0
478.9,35.39,0,0
479.02,35.39,0,0
479.14,35.39,0,0
479.27,35.39,0,0
479.39,35.39,0,0
479.51,35.39,0,0
479.63,35.39,0,0
479.76,35.39,0,0
479.88,35.39,0,0
480.0,35.39,0,0
480.12,35.39,0,0
480.24,35.39,0,0
480.37,35.39,0,0
480.49,35.39,0,0
480.61,35.39,0,0
480.73,35.39,0,0
480.86,35.39,0,0
480.98,35.39,0,0
481.1,35.39,0,0
481.22,35.39,0,0
481.34,35.39,0,0
481.47,35.39,0,0
481.59,35.39,0,0
481.71,35.39,0,0
481.83,35.38,0,0
481.95,35.39,0,0
482.08,35.39,0,0
482.2,35.39,0,0
482.32,35.39,0,0
482.44,35.39,0,0
482.57,35.39,0,0
482.69,35.39,0,0
482.81,35.39,0,0
482.93,35.39,0,0
483.05,35.39,0,0
483.18,35.39,0,0
483.3,35.39,0,0
483.42,35.39,0,0
483.54,35.39,0,0
483.67,35.38,0,0
483.79,35.39,0,0
483.91,35.39,0,0
484.03,35.38,0,0
484.15,35.39,0,0
484.28,35.38,0,0
484.4,35.39,0,0
484.52,35.39,0,0
484.64,35.38,0,0
484.76,35.39,0,0
484.89,35.39,0,0
485.01,35.39,0,0
485.13,35.39,0,0
485.25,35.38,0,0
485.38,35.38,0,0
485.5,35.39,0,0
485.62,35.39,0,0
485.74,35.38,0,0
485.86,35.39,0,0
485.99,35.39,0,0
486.11,35.38,0,0
486.23,35.38,0,0
486.35,35.39,0,0
486.47,35.38,0,0
486.6,35.38,0,0
486.72,35.38,0,0
486.84,35.38,0,0
486.96,35.38,0,0
487.09,35.38,0,0
487.21,35.38,0,0
487.33,35.38,0,0
487.45,35.38,0,0
487.57,35.38,0,0
487.7,35.38,0,0
487.82,35.39,0,0
487.94,35.38,0,0
488.06,35.38,0,0
488.18,35.39,0,0
488.31,35.39,0,0
488.43,35.38,0,0
488.55,35.38,0,0
488.67,35.38,0,0
488.8,35.38,0,0
488.92,35.38,0,0
489.04,35.38,0,0
489.16,35.38,0,0
489.28,35.38,0,0
489.41,35.38,0,0
489.53,35.38,0,0
489.65,35.38,0,0
489.77,35.38,0,0
489.89,35.38,0,0
490.02,35.38,0,0
490.14,35.38,0,0
490.26,35.38,0,0
490.38,35.38,0,0
490.51,35.38,0,0
490.63,35.38,0,0
490.75,35.37,0,0
490.87,35.38,0,0
490.99,35.38,0,0
491.12,35.38,0,0
491.24,35.38,0,0
491.36,35.38,0,0
491.48,35.38,0,0
491.61,35.38,0,0
491.73,35.38,0,0
491.85,35.38,0,0
491.97,35.37,0,0
492.09,35.38,0,0
492.22,35.38,0,0
492.34,35.38,0,0
492.46,35.38,0,0
492.58,35.37,0,0
492.7,35.38,0,0
492.83,35.38,0,0
492.95,35.38,0,0
493.07,35.37,0,0
493.19,35.38,0,0
493.32,35.37,0,0
493.44,35.37,0,0
493.56,35.37,0,0
493.68,35.37,0,0
493.8,35.37,0,0
493.93,35.37,0,0
494.05,35.37,0,0
494.17,35.37,0,0
494.29,35.37,0,0
494.41,35.37,0,0
494.54,35.38,0,0
494.66,35.37,0,0
494.78,35.37,0,0
494.9,35.37,0,0
495.03,35.38,0,0
495.15,35.37,0,0
495.27,35.37,0,0
495.39,35.37,0,0
495.51,35.37,0,0
495.64,35.37,0,0
495.76,35.37,0,0
495.88,35.38,0,0
496.0,35.37,0,0
496.13,35.37,0,0
496.25,35.37,0,0
496.37,35.37,0,0
496.49,35.38,0,0
496.61,35.37,0,0
496.74,35.37,0,0
496.86,35.37,0,0
496.98,35.37,0,0
497.1,35.37,0,0
497.22,35.37,0,0
497.35,35.37,0,0
497.47,35.37,0,0
497.59,35.37,0,0
497.71,35.37,0,0
497.84,35.37,0,0
497.96,35.37,0,0
498.08,35.37,0,0
498.2,35.37,0,0
498.32,35.37,0,0
498.45,35.37,0,0
498.57,35.37,0,0
498.69,35.37,0,0
498.81,35.37,0,0
498.93,35.37,0,0
499.06,35.37,0,0
499.18,35.37,0,0
499.3,35.37,0,0
499.42,35.37,0,0
499.55,35.37,0,0
499.67,35.37,0,0
499.79,35.37,0,0
499.91,35.37,0,0
500.03,35.37,0,0
500.16,35.37,0,0
500.28,35.37,0,0
500.4,35.37,0,0
500.52,35.37,0,0
500.64,35.37,0,0
500.77,35.37,0,0
500.89,35.37,0,0
501.01,35.37,0,0
501.13,35.37,0,0
501.26,35.37,0,0
501.38,35.37,0,0
501.5,35.37,0,0
501.62,35.36,0,0
501.74,35.37,0,0
501.87,35.37,0,0
501.99,35.37,0,0
502.11,35.37,0,0
502.23,35.37,0,0
502.36,35.37,0,0
502.48,35.37,0,0
502.6,35.37,0,0
502.72,35.37,0,0
502.84,35.37,0,0
502.97,35.37,0,0
503.09,35.37,0,0
503.21,35.37,0,0
503.33,35.37,0,0
503.45,35.37,0,0
503.58,35.37,0,0
503.7,35.37,0,0
503.82,35.37,0,0
503.94,35.37,0,0
504.07,35.37,0,0
504.19,35.36,0,0
504.31,35.37,0,0
504.43,35.37,0,0
504.55,35.36,0,0
504.68,35.37,0,0
504.8,35.36,0,0
504.92,35.36,0,0
505.04,35.37,0,0
505.16,35.37,0,0
505.29,35.36,0,0
505.41,35.37,0,0
505.53,35.37,0,0
505.65,35.37,0,0
505.78,35.37,0,0
505.9,35.37,0,0
506.02,35.36,0,0
506.14,35.36,0,0
506.26,35.37,0,0
506.39,35.36,0,0
506.51,35.37,0,0
506.63,35.36,0,0
506.75,35.37,0,0
506.87,35.37,0,0
507.0,35.37,0,0
507.12,35.37,0,0
507.24,35.36,0,0
507.36,35.37,0,0
507.49,35.36,0,0
507.61,35.36,0,0
507.73,35.37,0,0
507.85,35.37,0,0
507.97,35.36,0,0
508.1,35.36,0,0
508.22,35.37,0,0
508.34,35.37,0,0
508.46,35.37,0,0
508.58,35.36,0,0
508.71,35.36,0,0
508.83,35.37,0,0
508.95,35.37,0,0
509.07,35.36,0,0
509.2,35.36,0,0
509.32,35.36,0,0
509.44,35.36,0,0
509.56,35.36,0,0
509.68,35.37,0,0
509.81,35.36,0,0
509.93,35.36,0,0
510.05,35.37,0,0
510.17,35.36,0,0
510.3,35.36,0,0
510.42,35.36,0,0
510.54,35.36,0,0
510.66,35.36,0,0
510.78,35.36,0,0
510.91,35.36,0,0
511.03,35.36,0,0
511.15,35.36,0,0
511.27,35.36,0,0
511.39,35.37,0,0
511.52,35.36,0,0
511.64,35.36,0,0
511.76,35.36,0,0
511.88,35.36,0,0
512.01,35.36,0,0
512.13,35.36,0,0
512.25,35.36,0,0
512.37,35.36,0,0
512.49,35.36,0,0
512.62,35.36,0,0
512.74,35.36,0,0
512.86,35.36,0,0
512.98,35.36,0,0
513.1,35.36,0,0
513.23,35.36,0,0
513.35,35.36,0,0
513.47,35.36,0,0
513.59,35.36,0,0
513.72,35.36,0,0
513.84,35.36,0,0
513.96,35.36,0,0
514.08,35.36,0,0
514.2,35.36,0,0
514.33,35.36,0,0
514.45,35.36,0,0
514.57,35.36,0,0
514.69,35.36,0,0
514.82,35.36,0,0
514.94,35.35,0,0
515.06,35.36,0,0
515.18,35.36,0,0
515.3,35.36,0,0
515.43,35.36,0,0
515.55,35.36,0,0
515.67,35.36,0,0
515.79,35.36,0,0
515.91,35.36,0,0
516.04,35.36,0,0
516.16,35.36,0,0
516.28,35.36,0,0
516.4,35.36,0,0
516.53,35.36,0,0
516.65,35.36,0,0
516.77,35.36,0,0
516.89,35.36,0,0
517.01,35.36,0,0
517.14,35.36,0,0
517.26,35.36,0,0
517.38,35.36,0,0
517.5,35.36,0,0
517.62,35.36,0,0
517.75,35.35,0,0
517.87,35.36,0,0
517.99,35.35,0,0
518.11,35.35,0,0
518.24,35.36,0,0
518.36,35.36,0,0
518.48,35.36,0,0
518.6,35.36,0,0
518.72,35.36,0,0
518.85,35.36,0,0
518.97,35.35,0,0
519.09,35.36,0,0
519.21,35.36,0,0
519.33,35.35,0,0
519.46,35.36,0,0
519.58,35.35,0,0
519.7,35.35,0,0
519.82,35.35,0,0
519.95,35.35,0,0
520.07,35.36,0,0
520.19,35.35,0,0
520.31,35.35,0,0
520.43,35.35,0,0
520.56,35.35,0,0
520.68,35.35,0,0
520.8,35.35,0,0
520.92,35.35,0,0
521.05,35.35,0,0
521.17,35.35,0,0
521.29,35.35,0,0
521.41,35.35,0,0
521.53,35.35,0,0
521.66,35.35,0,0
521.78,35.35,0,0
521.9,35.35,0,0
522.02,35.35,0,0
522.14,35.35,0,0
522.27,35.35,0,0
522.39,35.35,0,0
522.51,35.35,0,0
522.63,35.35,0,0
522.76,35.35,0,0
522.88,35.35,0,0
523.0,35.35,0,0
523.12,35.35,0,0
523.24,35.35,0,0
523.37,35.35,0,0
523.49,35.35,0,0
523.61,35.35,0,0
523.73,35.35,0,0
523.85,35.35,0,0
523.98,35.35,0,0
524.1,35.35,0,0
524.22,35.35,0,0
524.34,35.35,0,0
524.47,35.35,0,0
524.59,35.35,0,0
524.71,35.35,0,0
524.83,35.35,0,0
524.95,35.35,0,0
525.08,35.35,0,0
525.2,35.35,0,0
525.32,35.35,0,0
525.44,35.35,0,0
525.56,35.35,0,0
525.69,35.35,0,0
525.81,35.34,0,0
525.93,35.35,0,0
526.05,35.35,0,0
526.18,35.35,0,0
526.3,35.35,0,0
526.42,35.35,0,0
526.54,35.35,0,0
526.66,35.35,0,0
526.79,35.34,0,0
526.91,35.35,0,0
527.03,35.35,0,0
527.15,35.35,0,0
527.28,35.34,0,0
527.4,35.35,0,0
527.52,35.35,0,0
527.64,35.35,0,0
527.76,35.34,0,0
527.89,35.34,0,0
528.01,35.35,0,0
528.13,35.35,0,0
528.25,35.35,0,0
528.37,35.35,0,0
528.5,35.34,0,0
528.62,35.34,0,0
528.74,35.34,0,0
528.86,35.35,0,0
528.99,35.34,0,0
529.11,35.35,0,0
529.23,35.35,0,0
529.35,35.34,0,0
529.47,35.34,0,0
529.6,35.35,0,0
529.72,35.34,0,0
529.84,35.34,0,0
529.96,35.34,0,0
530.08,35.34,0,0
530.21,35.35,0,0
530.33,35.34,0,0
530.45,35.34,0,0
530.57,35.34,0,0
530.7,35.34,0,0
530.82,35.34,0,0
530.94,35.34,0,0
531.06,35.34,0,0
531.18,35.34,0,0
531.31,35.34,0,0
531.43,35.34,0,0
531.55,35.34,0,0
531.67,35.34,0,0
531.79,35.34,0,0
531.92,35.34,0,0
532.04,35.34,0,0
532.16,35.34,0,0
532.28,35.34,0,0
532.41,35.34,0,0
532.53,35.34,0,0
532.65,35.34,0,0
532.77,35.34,0,0
532.89,35.34,0,0
533.02,35.34,0,0
533.14,35.34,0,0
533.26,35.34,0,0
533.38,35.34,0,0
533.51,35.34,0,0
533.63,35.34,0,0
533.75,35.34,0,0
533.87,35.34,0,0
533.99,35.34,0,0
534.12,35.34,0,0
534.24,35.34,0,0
534.36,35.34,0,0
534.48,35.34,0,0
534.6,35.34,0,0
534.73,35.34,0,0
534.85,35.34,0,0
534.97,35.34,0,0
535.09,35.34,0,0
535.22,35.34,0,0
535.34,35.34,0,0
535.46,35.34,0,0
535.58,35.34,0,0
535.7,35.34,0,0
535.83,35.34,0,0
535.95,35.34,0,0
536.07,35.34,0,0
536.19,35.34,0,0
536.31,35.34,0,0
536.44,35.34,0,0
536.56,35.33,0,0
536.68,35.34,0,0
536.8,35.34,0,0
536.93,35.34,0,0
537.05,35.34,0,0
537.17,35.34,0,0
537.29,35.34,0,0
537.41,35.34,0,0
537.54,35.34,0,0
537.66,35.34,0,0
537.78,35.34,0,0
537.9,35.34,0,0
538.02,35.34,0,0
538.15,35.34,0,0
538.27,35.34,0,0
538.39,35.34,0,0
538.51,35.34,0,0
538.64,35.34,0,0
538.76,35.34,0,0
538.88,35.34,0,0
539.0,35.34,0,0
539.12,35.34,0,0
539.25,35.34,0,0
539.37,35.34,0,0
539.49,35.34,0,0
539.61,35.34,0,0
539.74,35.34,0,0
539.86,35.33,0,0
539.98,35.34,0,0
540.1,35.34,0,0
540.22,35.34,0,0
540.35,35.34,0,0
540.47,35.34,0,0
540.59,35.34,0,0
540.71,35.34,0,0
540.83,35.34,0,0
540.96,35.34,0,0
541.08,35.34,0,0
541.2,35.34,0,0
541.32,35.34,0,0
541.45,35.34,0,0
541.57,35.34,0,0
541.69,35.33,0,0
541.81,35.34,0,0
541.93,35.34,0,0
542.06,35.34,0,0
542.18,35.34,0,0
542.3,35.34,0,0
542.42,35.34,0,0
542.54,35.33,0,0
542.67,35.33,0,0
542.79,35.34,0,0
542.91,35.33,0,0
543.03,35.33,0,0
543.16,35.33,0,0
543.28,35.33,0,0
543.4,35.34,0,0
543.52,35.34,0,0
543.64,35.34,0,0
543.77,35.34,0,0
543.89,35.34,0,0
544.01,35.34,0,0
544.13,35.34,0,0
544.25,35.34,0,0
544.38,35.34,0,0
544.5,35.34,0,0
544.62,35.34,0,0
544.74,35.34,0,0
544.87,35.33,0,0
544.99,35.34,0,0
545.11,35.34,0,0
545.23,35.34,0,0
545.35,35.34,0,0
545.48,35.34,0,0
545.6,35.34,0,0
545.72,35.34,0,0
545.84,35.34,0,0
545.97,35.34,0,0
546.09,35.34,0,0
546.21,35.34,0,0
546.33,35.34,0,0
546.45,35.33,0,0
546.58,35.34,0,0
546.7,35.34,0,0
546.82,35.34,0,0
546.94,35.33,0,0
547.06,35.34,0,0
547.19,35.34,0,0
547.31,35.34,0,0
547.43,35.34,0,0
547.55,35.34,0,0
547.68,35.34,0,0
547.8,35.33,0,0
547.92,35.33,0,0
548.04,35.34,0,0
548.16,35.34,0,0
548.29,35.34,0,0
548.41,35.34,0,0
548.53,35.34,0,0
548.65,35.34,0,0
548.77,35.34,0,0
548.9,35.34,0,0
549.02,35.33,0,0
549.14,35.34,0,0
549.26,35.34,0,0
549.39,35.34,0,0
549.51,35.33,0,0
549.63,35.34,0,0
549.75,35.34,0,0
549.87,35.34,0,0
550.0,35.34,0,0
550.12,35.34,0,0
550.24,35.34,0,0
550.36,35.33,0,0
550.48,35.34,0,0
550.61,35.33,0,0
550.73,35.34,0,0
550.85,35.34,0,0
550.97,35.34,0,0
551.1,35.34,0,0
551.22,35.34,0,0
551.34,35.33,0,0
551.46,35.34,0,0
551.58,35.34,0,0
551.71,35.33,0,0
551.83,35.33,0,0
551.95,35.33,0,0
552.07,35.34,0,0
552.2,35.34,0,0
552.32,35.34,0,0
552.44,35.33,0,0
552.56,35.34,0,0
552.68,35.34,0,0
552.81,35.34,0,0
552.93,35.34,0,0
553.05,35.34,0,0
553.17,35.33,0,0
553.29,35.34,0,0
553.42,35.33,0,0
553.54,35.34,0,0
553.66,35.33,0,0
553.78,35.33,0,0
553.91,35.34,0,0
554.03,35.34,0,0
554.15,35.33,0,0
554.27,35.33,0,0
554.39,35.33,0,0
554.52,35.33,0,0
554.64,35.33,0,0
554.76,35.33,0,0
554.88,35.33,0,0
555.0,35.33,0,0
555.13,35.34,0,0
555.25,35.33,0,0
555.37,35.33,0,0
555.49,35.33,0,0
555.62,35.34,0,0
555.74,35.33,0,0
555.86,35.33,0,0
555.98,35.33,0,0
556.1,35.33,0,0
556.23,35.34,0,0
556.35,35.33,0,0
556.47,35.33,0,0
556.59,35.33,0,0
556.72,35.33,0,0
556.84,35.34,0,0
556.96,35.33,0,0
557.08,35.33,0,0
557.2,35.33,0,0
557.33,35.33,0,0
557.45,35.33,0,0
557.57,35.33,0,0
557.69,35.33,0,0
557.81,35.33,0,0
557.94,35.33,0,0
558.06,35.33,0,0
558.18,35.32,0,0
558.3,35.33,0,0
558.43,35.34,0,0
558.55,35.33,0,0
558.67,35.33,0,0
558.79,35.33,0,0
558.91,35.33,0,0
559.04,35.33,0,0
559.16,35.33,0,0
559.28,35.33,0,0
559.4,35.33,0,0
559.52,35.33,0,0
559.65,35.33,0,0
559.77,35.33,0,0
559.89,35.33,0,0
560.01,35.33,0,0
560.14,35.33,0,0
560.26,35.33,0,0
560.38,35.33,0,0
560.5,35.33,0,0
560.62,35.33,0,0
560.75,35.33,0,0
560.87,35.33,0,0
560.99,35.33,0,0
561.11,35.33,0,0
561.23,35.33,0,0
561.36,35.33,0,0
561.48,35.33,0,0
561.6,35.33,0,0
561.72,35.33,0,0
561.85,35.33,0,0
561.97,35.33,0,0
562.09,35.33,0,0
562.21,35.33,0,0
562.33,35.32,0,0
562.46,35.33,0,0
562.58,35.33,0,0
562.7,35.33,0,0
562.82,35.33,0,0
562.95,35.33,0,0
563.07,35.33,0,0
563.19,35.33,0,0
563.31,35.33,0,0
563.43,35.33,0,0
563.56,35.33,0,0
563.68,35.33,0,0
563.8,35.33,0,0
563.92,35.33,0,0
564.04,35.33,0,0
564.17,35.32,0,0
564.29,35.33,0,0
564.41,35.33,0,0
564.53,35.33,0,0
564.66,35.33,0,0
564.78,35.32,0,0
564.9,35.33,0,0
565.02,35.33,0,0
565.14,35.33,0,0
565.27,35.33,0,0
565.39,35.33,0,0
565.51,35.33,0,0
565.63,35.33,0,0
565.75,35.32,0,0
565.88,35.33,0,0
566.0,35.32,0,0
566.12,35.33,0,0
566.24,35.32,0,0
566.37,35.32,0,0
566.49,35.33,0,0
566.61,35.33,0,0
566.73,35.33,0,0
566.85,35.32,0,0
566.98,35.32,0,0
567.1,35.32,0,0
567.22,35.33,0,0
567.34,35.32,0,0
567.46,35.33,0,0
567.59,35.32,0,0
567.71,35.32,0,0
567.83,35.32,0,0
567.95,35.32,0,0
568.08,35.33,0,0
568.2,35.32,0,0
568.32,35.32,0,0
568.44,35.33,0,0
568.56,35.32,0,0
568.69,35.32,0,0
568.81,35.32,0,0
568.93,35.32,0,0
569.05,35.32,0,0
569.17,35.32,0,0
569.3,35.33,0,0
569.42,35.32,0,0
569.54,35.33,0,0
569.66,35.32,0,0
569.79,35.32,0,0
569.91,35.32,0,0
570.03,35.32,0,0
570.15,35.32,0,0
570.27,35.32,0,0
570.4,35.32,0,0
570.52,35.32,0,0
570.64,35.32,0,0
570.76,35.32,0,0
570.89,35.32,0,0
571.01,35.33,0,0
571.13,35.32,0,0
571.25,35.32,0,0
571.37,35.32,0,0
571.5,35.32,0,0
571.62,35.32,0,0
571.74,35.32,0,0
571.86,35.32,0,0
571.98,35.32,0,0
572.11,35.32,0,0
572.23,35.32,0,0
572.35,35.32,0,0
572.47,35.32,0,0
572.6,35.32,0,0
572.72,35.31,0,0
572.84,35.32,0,0
572.96,35.32,0,0
573.08,35.32,0,0
573.21,35.32,0,0
573.33,35.32,0,0
573.45,35.32,0,0
573.57,35.32,0,0
573.69,35.32,0,0
573.82,35.32,0,0
573.94,35.32,0,0
574.06,35.32,0,0
574.18,35.32,0,0
574.31,35.32,0,0
574.43,35.32,0,0
574.55,35.32,0,0
574.67,35.32,0,0
574.79,35.32,0,0
574.92,35.32,0,0
575.04,35.32,0,0
575.16,35.32,0,0
575.28,35.32,0,0
575.41,35.32,0,0
575.53,35.32,0,0
575.65,35.32,0,0
575.77,35.32,0,0
575.89,35.32,0,0
576.02,35.32,0,0
576.14,35.32,0,0
576.26,35.32,0,0
576.38,35.32,0,0
576.5,35.31,0,0
576.63,35.31,0,0
576.75,35.32,0,0
576.87,35.32,0,0
576.99,35.32,0,0
577.12,35.32,0,0
577.24,35.31,0,0
577.36,35.32,0,0
577.48,35.32,0,0
577.6,35.31,0,0
577.73,35.32,0,0
577.85,35.32,0,0
577.97,35.32,0,0
578.09,35.31,0,0
578.21,35.32,0,0
578.34,35.31,0,0
578.46,35.32,0,0
578.58,35.32,0,0
578.7,35.31,0,0
578.83,35.31,0,0
578.95,35.32,0,0
579.07,35.31,0,0
579.19,35.32,0,0
579.31,35.32,0,0
579.44,35.32,0,0
579.56,35.31,0,0
579.68,35.32,0,0
579.8,35.32,0,0
579.92,35.31,0,0
580.05,35.31,0,0
580.17,35.32,0,0
580.29,35.32,0,0
580.41,35.32,0,0
580.54,35.32,0,0
580.66,35.31,0,0
580.78,35.32,0,0
580.9,35.31,0,0
581.02,35.32,0,0
581.15,35.31,0,0
581.27,35.31,0,0
581.39,35.32,0,0
581.51,35.31,0,0
581.64,35.31,0,0
581.76,35.31,0,0
581.88,35.32,0,0
582.0,35.31,0,0
582.12,35.31,0,0
582.25,35.31,0,0
582.37,35.32,0,0
582.49,35.31,0,0
582.61,35.31,0,0
582.73,35.32,0,0
582.86,35.32,0,0
582.98,35.32,0,0
583.1,35.31,0,0
583.22,35.32,0,0
583.35,35.31,0,0
583.47,35.32,0,0
583.59,35.32,0,0
583.71,35.31,0,0
583.83,35.31,0,0
583.96,35.32,0,0
584.08,35.31,0,0
584.2,35.31,0,0
584.32,35.32,0,0
584.44,35.31,0,0
584.57,35.32,0,0
584.69,35.31,0,0
584.81,35.32,0,0
584.93,35.31,0,0
585.06,35.31,0,0
585.18,35.31,0,0
585.3,35.31,0,0
585.42,35.32,0,0
585.54,35.31,0,0
585.67,35.32,0,0
585.79,35.31,0,0
585.91,35.31,0,0
586.03,35.31,0,0
586.16,35.31,0,0
586.28,35.32,0,0
586.4,35.31,0,0
586.52,35.31,0,0
586.64,35.31,0,0
586.77,35.31,0,0
586.89,35.31,0,0
587.01,35.31,0,0
587.13,35.31,0,0
587.25,35.31,0,0
587.38,35.31,0,0
587.5,35.31,0,0
587.62,35.31,0,0
587.74,35.31,0,0
587.86,35.31,0,0
587.99,35.31,0,0
588.11,35.31,0,0
588.23,35.31,0,0
588.35,35.31,0,0
588.48,35.31,0,0
588.6,35.31,0,0
588.72,35.31,0,0
588.84,35.31,0,0
588.96,35.31,0,0
589.09,35.31,0,0
589.21,35.32,0,0
589.33,35.31,0,0
589.45,35.31,0,0
589.58,35.31,0,0
589.7,35.31,0,0
589.82,35.31,0,0
589.94,35.31,0,0
590.06,35.31,0,0
590.19,35.31,0,0
590.31,35.31,0,0
590.43,35.31,0,0
590.55,35.31,0,0
590.67,35.31,0,0
590.8,35.31,0,0
590.92,35.31,0,0
591.04,35.31,0,0
591.16,35.31,0,0
591.29,35.3,0,0
591.41,35.31,0,0
591.53,35.31,0,0
591.65,35.31,0,0
591.77,35.31,0,0
591.9,35.31,0,0
592.02,35.31,0,0
592.14,35.31,0,0
592.26,35.31,0,0
592.39,35.31,0,0
592.51,35.31,0,0
592.63,35.31,0,0
592.75,35.31,0,0
592.87,35.31,0,0
593.0,35.31,0,0
593.12,35.31,0,0
593.24,35.31,0,0
593.36,35.31,0,0
593.48,35.31,0,0
593.61,35.31,0,0
593.73,35.31,0,0
593.85,35.31,0,0
593.97,35.31,0,0
594.09,35.31,0,0
594.22,35.31,0,0
594.34,35.3,0,0
594.46,35.3,0,0
594.58,35.31,0,0
594.71,35.31,0,0
594.83,35.31,0,0
594.95,35.31,0,0
595.07,35.31,0,0
595.19,35.3,0,0
595.32,35.3,0,0
595.44,35.31,0,0
595.56,35.31,0,0
595.68,35.3,0,0
595.81,35.3,0,0
595.93,35.31,0,0
596.05,35.3,0,0
596.17,35.31,0,0
596.29,35.31,0,0
596.42,35.31,0,0
596.54,35.31,0,0
596.66,35.3,0,0
596.78,35.3,0,0
596.9,35.3,0,0
597.03,35.31,0,0
597.15,35.31,0,0
597.27,35.31,0,0
597.39,35.31,0,0
597.52,35.3,0,0
597.64,35.31,0,0
597.76,35.31,0,0
597.88,35.3,0,0
598.0,35.31,0,0
598.13,35.3,0,0
598.25,35.3,0,0
598.37,35.3,0,0
598.49,35.31,0,0
598.61,35.3,0,0
598.74,35.31,0,0
598.86,35.3,0,0
598.98,35.3,0,0
599.1,35.3,0,0
599.23,35.3,0,0
599.35,35.3,0,0
599.47,35.3,0,0
599.59,35.3,0,0
599.71,35.3,0,0
599.84,35.3,0,0
599.96,35.3,0,0
600.08,35.3,0,0
600.2,35.3,0,0
600.33,35.3,0,0
600.45,35.3,0,0
600.57,35.3,0,0
600.69,35.3,0,0
600.81,35.3,0,0
600.94,35.3,0,0
601.06,35.3,0,0
601.18,35.3,0,0
601.3,35.3,0,0
601.42,35.3,0,0
601.55,35.3,0,0
601.67,35.3,0,0
601.79,35.3,0,0
601.91,35.3,0,0
602.04,35.3,0,0
602.16,35.3,0,0
602.28,35.3,0,0
602.4,35.3,0,0
602.52,35.3,0,0
602.65,35.3,0,0
602.77,35.3,0,0
602.89,35.3,0,0
603.01,35.3,0,0
603.13,35.3,0,0
603.26,35.3,0,0
603.38,35.3,0,0
603.5,35.3,0,0
603.62,35.3,0,0
603.75,35.3,0,0
603.87,35.3,0,0
603.99,35.3,0,0
604.11,35.3,0,0
604.23,35.3,0,0
604.36,35.3,0,0
604.48,35.3,0,0
604.6,35.3,0,0
604.72,35.3,0,0
604.84,35.3,0,0
604.97,35.29,0,0
605.09,35.29,0,0
605.21,35.3,0,0
605.33,35.3,0,0
605.46,35.3,0,0
605.58,35.29,0,0
605.7,35.3,0,0
605.82,35.29,0,0
605.94,35.3,0,0
606.07,35.3,0,0
606.19,35.3,0,0
606.31,35.29,0,0
606.43,35.3,0,0
606.55,35.3,0,0
606.68,35.29,0,0
606.8,35.29,0,0
606.92,35.29,0,0
607.04,35.3,0,0
607.17,35.3,0,0
607.29,35.29,0,0
607.41,35.29,0,0
607.53,35.29,0,0
607.65,35.29,0,0
607.78,35.29,0,0
607.9,35.29,0,0
608.02,35.3,0,0
608.14,35.29,0,0
608.27,35.3,0,0
608.39,35.29,0,0
608.51,35.3,0,0
608.63,35.29,0,0
608.75,35.3,0,0
608.88,35.3,0,0
609.0,35.29,0,0
609.12,35.29,0,0
609.24,35.29,0,0
609.36,35.3,0,0
609.49,35.29,0,0
609.61,35.29,0,0
609.73,35.29,0,0
609.85,35.29,0,0
609.98,35.29,0,0
610.1,35.29,0,0
610.22,35.3,0,0
610.34,35.29,0,0
610.46,35.29,0,0
610.59,35.3,0,0
610.71,35.3,0,0
610.83,35.29,0,0
610.95,35.3,0,0
611.08,35.29,0,0
611.2,35.29,0,0
611.32,35.29,0,0
611.44,35.29,0,0
611.56,35.3,0,0
611.69,35.29,0,0
611.81,35.29,0,0
611.93,35.3,0,0
612.05,35.29,0,0
612.17,35.29,0,0
612.3,35.29,0,0
612.42,35.29,0,0
612.54,35.29,0,0
612.66,35.29,0,0
612.78,35.3,0,0
612.91,35.29,0,0
613.03,35.29,0,0
613.15,35.29,0,0
613.27,35.29,0,0
613.4,35.29,0,0
613.52,35.29,0,0
613.64,35.3,0,0
613.76,35.3,0,0
613.88,35.29,0,0
614.01,35.29,0,0
614.13,35.3,0,0
614.25,35.29,0,0
614.37,35.3,0,0
614.5,35.3,0,0
614.62,35.29,0,0
614.74,35.29,0,0
614.86,35.3,0,0
614.98,35.29,0,0
615.11,35.29,0,0
615.23,35.29,0,0
615.35,35.29,0,0
615.47,35.29,0,0
615.59,35.3,0,0
615.72,35.29,0,0
615.84,35.29,0,0
615.96,35.29,0,0
616.08,35.29,0,0
616.21,35.29,0,0
616.33,35.3,0,0
616.45,35.29,0,0
616.57,35.29,0,0
616.69,35.3,0,0
616.82,35.29,0,0
616.94,35.29,0,0
617.06,35.29,0,0
617.18,35.29,0,0
617.3,35.3,0,0
617.43,35.29,0,0
617.55,35.29,0,0
617.67,35.29,0,0
617.79,35.29,0,0
617.92,35.29,0,0
618.04,35.29,0,0
618.16,35.29,0,0
618.28,35.29,0,0
618.4,35.29,0,0
618.53,35.29,0,0
618.65,35.29,0,0
618.77,35.29,0,0
618.89,35.29,0,0
619.02,35.29,0,0
619.14,35.29,0,0
619.26,35.3,0,0
619.38,35.29,0,0
619.5,35.29,0,0
619.63,35.29,0,0
619.75,35.29,0,0
619.87,35.29,0,0
619.99,35.29,0,0
620.11,35.29,0,0
620.24,35.29,0,0
620.36,35.29,0,0
620.48,35.29,0,0
620.6,35.29,0,0
620.73,35.29,0,0
620.85,35.29,0,0
620.97,35.29,0,0
621.09,35.3,0,0
621.21,35.29,0,0
621.34,35.29,0,0
621.46,35.29,0,0
621.58,35.29,0,0
621.7,35.29,0,0
621.83,35.29,0,0
621.95,35.3,0,0
622.07,35.29,0,0
622.19,35.3,0,0
622.31,35.29,0,0
622.44,35.29,0,0
622.56,35.29,0,0
622.68,35.29,0,0
622.8,35.29,0,0
622.92,35.29,0,0
623.05,35.29,0,0
623.17,35.29,0,0
623.29,35.29,0,0
623.41,35.29,0,0
623.53,35.29,0,0
623.66,35.29,0,0
623.78,35.29,0,0
623.9,35.29,0,0
624.02,35.29,0,0
624.15,35.29,0,0
624.27,35.29,0,0
624.39,35.29,0,0
624.51,35.29,0,0
624.63,35.29,0,0
624.76,35.3,0,0
624.88,35.29,0,0
625.0,35.29,0,0
625.12,35.29,0,0
625.25,35.29,0,0
625.37,35.28,0,0
625.49,35.29,0,0
625.61,35.29,0,0
625.73,35.29,0,0
625.86,35.29,0,0
625.98,35.29,0,0
626.1,35.29,0,0
626.22,35.29,0,0
626.34,35.29,0,0
626.47,35.29,0,0
626.59,35.29,0,0
626.71,35.29,0,0
626.83,35.29,0,0
626.96,35.29,0,0
627.08,35.3,0,0
627.2,35.29,0,0
627.32,35.29,0,0
627.44,35.29,0,0
627.57,35.29,0,0
627.69,35.29,0,0
627.81,35.29,0,0
627.93,35.29,0,0
628.05,35.29,0,0
628.18,35.29,0,0
628.3,35.29,0,0
628.42,35.29,0,0
628.54,35.29,0,0
628.67,35.29,0,0
628.79,35.29,0,0
628.91,35.29,0,0
629.03,35.29,0,0
629.15,35.29,0,0
629.28,35.29,0,0
629.4,35.29,0,0
629.52,35.29,0,0
629.64,35.29,0,0
629.77,35.29,0,0
629.89,35.29,0,0
630.01,35.29,0,0
630.13,35.29,0,0
630.25,35.29,0,0
630.38,35.29,0,0
630.5,35.29,0,0
630.62,35.29,0,0
630.74,35.29,0,0
630.86,35.29,0,0
630.99,35.29,0,0
631.11,35.29,0,0
631.23,35.28,0,0
631.35,35.29,0,0
631.47,35.29,0,0
631.6,35.28,0,0
631.72,35.29,0,0
631.84,35.29,0,0
631.96,35.29,0,0
632.09,35.29,0,0
632.21,35.29,0,0
632.33,35.29,0,0
632.45,35.29,0,0
632.57,35.29,0,0
632.7,35.29,0,0
632.82,35.29,0,0
632.94,35.29,0,0
633.06,35.29,0,0
633.19,35.29,0,0
633.31,35.29,0,0
633.43,35.29,0,0
633.55,35.29,0,0
633.67,35.29,0,0
633.8,35.29,0,0
633.92,35.29,0,0
634.04,35.29,0,0
634.16,35.29,0,0
634.28,35.28,0,0
634.41,35.29,0,0
634.53,35.29,0,0
634.65,35.28,0,0
634.77,35.29,0,0
634.9,35.29,0,0
635.02,35.29,0,0
635.14,35.29,0,0
635.26,35.29,0,0
635.38,35.29,0,0
635.51,35.29,0,0
635.63,35.29,0,0
635.75,35.29,0,0
635.87,35.29,0,0
636.0,35.29,0,0
636.12,35.29,0,0
636.24,35.29,0,0
636.36,35.29,0,0
636.48,35.29,0,0
636.61,35.29,0,0
636.73,35.29,0,0
636.85,35.29,0,0
636.97,35.29,0,0
637.09,35.29,0,0
637.22,35.29,0,0
637.34,35.29,0,0
637.46,35.29,0,0
637.58,35.29,0,0
637.71,35.29,0,0
637.83,35.29,0,0
637.95,35.29,0,0
638.07,35.28,0,0
638.19,35.29,0,0
638.32,35.29,0,0
638.44,35.29,0,0
638.56,35.28,0,0
638.68,35.29,0,0
638.8,35.28,0,0
638.93,35.28,0,0
639.05,35.29,0,0
639.17,35.29,0,0
639.29,35.29,0,0
639.42,35.29,0,0
639.54,35.29,0,0
639.66,35.28,0,0
639.78,35.28,0,0
639.9,35.29,0,0
640.03,35.29,0,0
640.15,35.28,0,0
640.27,35.29,0,0
640.39,35.29,0,0
640.52,35.29,0,0
640.64,35.28,0,0
640.76,35.29,0,0
640.88,35.28,0,0
641.0,35.29,0,0
641.13,35.28,0,0
641.25,35.29,0,0
641.37,35.29,0,0
641.49,35.29,0,0
641.61,35.29,0,0
641.74,35.29,0,0
641.86,35.29,0,0
641.98,35.29,0,0
642.1,35.29,0,0
642.22,35.29,0,0
642.35,35.29,0,0
642.47,35.29,0,0
642.59,35.29,0,0
642.71,35.29,0,0
642.84,35.29,0,0
642.96,35.29,0,0
643.08,35.29,0,0
643.2,35.29,0,1
643.32,35.29,0,1
643.45,35.29,0,1
643.57,35.29,0,1
643.69,35.29,0,1
643.81,35.29,0,1
643.94,35.29,0,1
644.06,35.29,0,1
644.18,35.29,0,1
644.3,35.29,0,1
644.42,35.29,0,1
644.55,35.28,0,1
644.67,35.29,0,1
644.79,35.29,0,1
644.91,35.29,0,1
645.03,35.29,0,1
645.16,35.29,0,1
645.28,35.29,0,1
645.4,35.28,0,1
645.52,35.29,0,1
645.65,35.29,0,1
645.77,35.29,0,1
645.89,35.29,0,1
646.01,35.29,0,1
646.13,35.28,0,1
646.26,35.29,0,1
646.38,35.29,0,1
646.5,35.29,0,1
646.62,35.29,0,1
646.75,35.28,0,1
646.87,35.29,0,1
646.99,35.29,0,1
647.11,35.29,0,1
647.23,35.29,0,1
647.36,35.29,0,1
647.48,35.29,0,1
647.6,35.29,0,1
647.72,35.29,0,1
647.84,35.29,0,1
647.97,35.29,0,1
648.09,35.29,0,1
648.21,35.29,0,1
648.33,35.28,0,1
648.46,35.29,0,1
648.58,35.28,0,1
648.7,35.29,0,1
648.82,35.28,0,1
648.94,35.29,0,1
649.07,35.29,0,1
649.19,35.29,0,1
649.31,35.29,0,1
649.43,35.29,0,1
649.55,35.29,0,1
649.68,35.29,0,1
649.8,35.28,0,1
649.92,35.29,0,1
650.04,35.29,0,1
650.17,35.29,0,1
650.29,35.29,0,1
650.41,35.29,0,1
650.53,35.28,0,1
650.65,35.29,0,1
650.78,35.29,0,1
650.9,35.29,0,1
651.02,35.28,0,1
651.14,35.29,0,1
651.27,35.29,0,1
651.39,35.29,0,1
651.51,35.29,0,1
651.63,35.28,0,1
651.75,35.28,0,1
651.88,35.29,0,1
652.0,35.29,0,1
652.12,35.29,0,1
652.24,35.28,0,1
652.36,35.28,0,1
652.49,35.29,0,1
652.61,35.28,0,1
652.73,35.28,0,1
652.85,35.28,0,1
652.97,35.29,0,1
653.1,35.28,0,1
653.22,35.29,0,1
653.34,35.29,0,1
653.46,35.28,0,1
653.59,35.29,0,1
653.71,35.29,0,1
653.83,35.28,0,1
653.95,35.29,0,1
654.07,35.28,0,1
654.2,35.28,0,1
654.32,35.29,0,1
654.44,35.28,0,1
654.56,35.29,0,1
654.69,35.29,0,1
654.81,35.28,0,1
654.93,35.29,0,1
655.05,35.28,0,1
655.17,35.28,0,1
655.3,35.28,0,1
655.42,35.29,0,1
655.54,35.29,0,1
655.66,35.29,0,1
655.78,35.28,0,1
655.91,35.28,0,1
656.03,35.28,0,1
656.15,35.28,0,1
656.27,35.28,0,1
656.4,35.28,0,1
656.52,35.28,0,1
656.64,35.28,0,1
656.76,35.28,0,1
656.88,35.28,0,1
657.01,35.28,0,1
657.13,35.28,0,1
657.25,35.28,0,1
657.37,35.28,0,1
657.5,35.28,0,1
657.62,35.28,0,1
657.74,35.28,0,1
657.86,35.28,0,1
657.98,35.28,0,1
658.11,35.28,0,1
658.23,35.28,0,1
658.35,35.28,0,1
658.47,35.28,0,1
658.59,35.29,0,1
658.72,35.28,0,1
658.84,35.28,0,1
658.96,35.28,0,1
659.08,35.28,0,1
659.21,35.28,0,1
659.33,35.28,0,1
659.45,35.28,0,1
659.57,35.28,0,1
659.69,35.29,0,1
659.82,35.28,0,1
659.94,35.28,0,1
660.06,35.28,0,1
660.18,35.28,0,1
660.3,35.28,0,1
660.43,35.28,0,1
660.55,35.29,0,1
660.67,35.28,0,1
660.79,35.28,0,1
660.92,35.28,0,1
661.04,35.28,0,1
661.16,35.28,0,1
661.28,35.29,0,1
661.4,35.28,0,1
661.53,35.28,0,1
661.65,35.28,0,1
661.77,35.28,0,1
661.89,35.28,0,1
662.01,35.28,0,1
662.14,35.28,0,1
662.26,35.28,0,1
662.38,35.28,0,1
662.5,35.28,0,1
662.63,35.28,0,1
662.75,35.28,0,1
662.87,35.28,0,1
662.99,35.28,0,1
663.11,35.28,0,1
663.24,35.28,0,1
663.36,35.28,0,1
663.48,35.29,0,1
663.6,35.29,0,1
663.72,35.28,0,1
663.85,35.28,0,1
663.97,35.28,0,1
664.09,35.28,0,1
664.21,35.28,0,1
664.34,35.28,0,1
664.46,35.28,0,1
664.58,35.28,0,1
664.7,35.28,0,1
664.82,35.28,0,1
664.95,35.28,0,1
665.07,35.28,0,1
665.19,35.28,0,1
665.31,35.28,0,1
665.44,35.28,0,1
665.56,35.28,0,1
665.68,35.28,0,1
665.8,35.28,0,1
665.92,35.28,0,1
666.05,35.28,0,1
666.17,35.28,0,1
666.29,35.28,0,1
666.41,35.28,0,1
666.53,35.28,0,1
666.66,35.28,0,1
666.78,35.28,0,1
666.9,35.28,0,1
667.02,35.28,0,1
667.15,35.28,0,1
667.27,35.28,0,1
667.39,35.28,0,1
667.51,35.28,0,1
667.63,35.28,0,1
667.76,35.28,0,1
667.88,35.28,0,1
668.0,35.28,0,1
668.12,35.28,0,1
668.24,35.28,0,1
668.37,35.28,0,1
668.49,35.27,0,1
668.61,35.28,0,1
668.73,35.28,0,1
668.86,35.28,0,1
668.98,35.28,0,1
669.1,35.28,0,1
669.22,35.28,0,1
669.34,35.28,0,1
669.47,35.28,0,1
669.59,35.27,0,1
669.71,35.28,0,1
669.83,35.27,0,1
669.96,35.28,0,1
670.08,35.28,0,1
670.2,35.27,0,1
670.32,35.28,0,1
670.44,35.28,0,1
670.57,35.27,0,1
670.69,35.27,0,1
670.81,35.27,0,1
670.93,35.28,0,1
671.05,35.28,0,1
671.18,35.27,0,1
671.3,35.28,0,1
671.42,35.28,0,1
671.54,35.27,0,1
671.66,35.27,0,1
671.79,35.28,0,1
671.91,35.27,0,1
672.03,35.27,0,1
672.15,35.28,0,1
672.28,35.28,0,1
672.4,35.27,0,1
672.52,35.27,0,1
672.64,35.28,0,1
672.76,35.28,0,1
672.89,35.28,0,1
673.01,35.28,0,1
673.13,35.28,0,1
673.25,35.27,0,1
673.38,35.27,0,1
673.5,35.27,0,1
673.62,35.27,0,1
673.74,35.27,0,1
673.86,35.28,0,1
673.99,35.27,0,1
674.11,35.27,0,1
674.23,35.27,0,1
674.35,35.27,0,1
674.47,35.27,0,1
674.6,35.27,0,1
674.72,35.27,0,1
674.84,35.27,0,1
674.96,35.26,0,1
675.09,35.27,0,1
675.21,35.27,0,1
675.33,35.27,0,1
675.45,35.26,0,1
675.57,35.27,0,1
675.7,35.27,0,1
675.82,35.27,0,1
675.94,35.27,0,1
676.06,35.27,0,1
676.19,35.27,0,1
676.31,35.27,0,1
676.43,35.27,0,1
676.55,35.27,0,1
676.67,35.26,0,1
676.8,35.26,0,1
676.92,35.27,0,1
677.04,35.27,0,1
677.16,35.27,0,1
677.28,35.27,0,1
677.41,35.27,0,1
677.53,35.27,0,1
677.65,35.27,0,1
677.77,35.27,0,1
677.9,35.26,0,1
678.02,35.27,0,1
678.14,35.27,0,1
678.26,35.26,0,1
678.38,35.27,0,1
678.51,35.26,0,1
678.63,35.26,0,1
678.75,35.27,0,1
678.87,35.26,0,1
678.99,35.26,0,1
679.12,35.26,0,1
679.24,35.26,0,1
679.36,35.27,0,1
679.48,35.26,0,1
679.61,35.27,0,1
679.73,35.26,0,1
679.85,35.26,0,1
679.97,35.26,0,1
680.09,35.26,0,1
680.22,35.26,0,1
680.34,35.27,0,1
680.46,35.26,0,1
680.58,35.26,0,1
680.71,35.26,0,1
680.83,35.26,0,1
680.95,35.26,0,1
681.07,35.27,0,1
681.19,35.26,0,1
681.32,35.27,0,1
681.44,35.26,0,1
681.56,35.26,0,1
681.68,35.27,0,1
681.8,35.26,0,1
681.93,35.26,0,1
682.05,35.27,0,1
682.17,35.26,0,1
682.29,35.26,0,1
682.41,35.26,0,1
682.54,35.26,0,1
682.66,35.26,0,1
682.78,35.26,0,1
682.9,35.26,0,1
683.03,35.26,0,1
683.15,35.26,0,1
683.27,35.26,0,1
683.39,35.26,0,1
683.51,35.26,0,1
683.64,35.26,0,1
683.76,35.26,0,1
683.88,35.25,0,1
684.0,35.27,0,1
684.13,35.26,0,1
684.25,35.26,0,1
684.37,35.26,0,1
684.49,35.26,0,1
684.61,35.26,0,1
684.74,35.26,0,1
684.86,35.26,0,1
684.98,35.26,0,1
685.1,35.27,0,1
685.22,35.26,0,1
685.35,35.26,0,1
685.47,35.26,0,1
685.59,35.26,0,1
685.71,35.26,0,1
685.84,35.26,0,1
685.96,35.26,0,1
686.08,35.26,0,1
686.2,35.26,0,1
686.32,35.27,0,1
686.45,35.26,0,1
686.57,35.26,0,1
686.69,35.26,0,1
686.81,35.26,0,1
686.94,35.27,0,1
687.06,35.26,0,1
687.18,35.26,0,1
687.3,35.25,0,1
687.42,35.26,0,1
687.55,35.26,0,1
687.67,35.26,0,1
687.79,35.26,0,1
687.91,35.26,0,1
688.03,35.26,0,1
688.16,35.26,0,1
688.28,35.27,0,1
688.4,35.25,0,1
688.52,35.26,0,1
688.65,35.26,0,1
688.77,35.27,0,1
688.89,35.26,0,1
689.01,35.26,0,1
689.13,35.26,0,1
689.26,35.26,0,1
689.38,35.26,0,1
689.5,35.26,0,1
689.62,35.26,0,1
689.74,35.26,0,1
689.87,35.26,0,1
689.99,35.26,0,1
690.11,35.26,0,1
690.23,35.26,0,1
690.35,35.26,0,1
690.48,35.26,0,1
690.6,35.26,0,1
690.72,35.26,0,1
690.84,35.26,0,1
690.97,35.26,0,1
691.09,35.26,0,1
691.21,35.26,0,1
691.33,35.26,0,1
691.45,35.26,0,1
691.58,35.26,0,1
691.7,35.27,0,1
691.82,35.26,0,1
691.94,35.26,0,1
692.07,35.26,0,1
692.19,35.27,0,1
692.31,35.26,0,1
692.43,35.26,0,1
692.55,35.26,0,1
692.68,35.26,0,1
692.8,35.26,0,1
692.92,35.26,0,1
693.04,35.26,0,1
693.16,35.26,0,1
693.29,35.26,0,1
693.41,35.26,0,1
693.53,35.26,0,1
693.65,35.26,0,1
693.78,35.26,0,1
693.9,35.26,0,1
694.02,35.26,0,1
694.14,35.26,0,1
694.26,35.25,0,1
694.39,35.26,0,1
694.51,35.26,0,1
694.63,35.26,0,1
694.75,35.26,0,1
694.88,35.26,0,1
695.0,35.26,0,1
695.12,35.26,0,1
695.24,35.26,0,1
695.36,35.26,0,1
695.49,35.26,0,1
695.61,35.26,0,1
695.73,35.26,0,1
695.85,35.26,0,1
695.97,35.26,0,1
696.1,35.26,0,1
696.22,35.26,0,1
696.34,35.26,0,1
696.46,35.25,0,1
696.59,35.26,0,1
696.71,35.26,0,1
696.83,35.26,0,1
696.95,35.26,0,1
697.07,35.26,0,1
697.2,35.26,0,1
697.32,35.26,0,1
697.44,35.26,0,1
697.56,35.26,0,1
697.68,35.26,0,1
697.81,35.25,0,1
697.93,35.26,0,1
698.05,35.25,0,1
698.17,35.26,0,1
698.3,35.26,0,1
698.42,35.26,0,1
698.54,35.26,0,1
698.66,35.25,0,1
698.78,35.26,0,1
698.91,35.26,0,1
699.03,35.26,0,1
699.15,35.26,0,1
699.27,35.26,0,1
699.4,35.26,0,1
699.52,35.26,0,1
699.64,35.26,0,1
699.76,35.26,0,1
699.88,35.26,0,1
700.01,35.25,0,1
700.13,35.26,0,1
700.25,35.26,0,1
700.37,35.26,0,1
700.49,35.26,0,1
700.62,35.26,0,1
700.74,35.26,0,1
700.86,35.26,0,1
700.98,35.26,0,1
701.1,35.25,0,1
701.23,35.26,0,1
701.35,35.26,0,1
701.47,35.26,0,1
701.59,35.26,0,1
701.72,35.26,0,1
701.84,35.25,0,1
701.96,35.26,0,1
702.08,35.25,0,1
702.2,35.26,0,1
702.33,35.26,0,1
702.45,35.26,0,1
702.57,35.26,0,1
702.69,35.26,0,1
702.82,35.25,0,1
702.94,35.26,0,1
703.06,35.25,0,1
703.18,35.25,0,1
703.3,35.26,0,1
703.43,35.25,0,1
703.55,35.25,0,1
703.67,35.25,2,1
703.79,35.25,7,1
703.92,35.26,12,1
704.04,35.25,14,1
704.16,35.25,15,1
704.28,35.26,16,1
704.41,35.26,16,1
704.53,35.25,17,1
704.65,35.27,17,1
704.77,35.28,17,1
704.9,35.28,17,1
705.02,35.28,17,1
705.14,35.29,17,1
705.26,35.3,17,1
705.39,35.31,17,1
705.51,35.33,17,1
705.63,35.34,17,1
705.75,35.36,17,1
705.87,35.37,17,1
706.0,35.39,17,1
706.12,35.41,17,1
706.24,35.43,17,1
706.36,35.45,17,1
706.48,35.47,17,1
706.61,35.48,17,1
706.73,35.5,17,1
706.85,35.52,17,1
706.97,35.54,17,1
707.1,35.56,17,1
707.22,35.6,17,1
707.34,35.6,17,1
707.46,35.63,17,1
707.59,35.66,17,1
707.71,35.67,17,1
707.83,35.69,4,1
707.95,35.72,4,1
708.08,35.73,4,1
708.2,35.76,4,1
708.32,35.78,4,1
708.44,35.8,4,1
708.56,35.82,4,1
708.69,35.84,4,1
708.81,35.85,4,1
708.93,35.87,4,1
709.05,35.89,4,1
709.17,35.9,4,1
709.3,35.91,4,1
709.42,35.93,4,1
709.54,35.94,4,1
709.66,35.95,4,1
709.78,35.96,4,1
709.91,35.97,4,1
710.03,35.97,4,1
710.15,35.98,4,1
710.27,35.99,4,1
710.4,35.99,4,1
710.52,36.0,4,1
710.64,36.01,4,1
710.76,36.01,4,1
710.89,36.02,4,1
711.01,36.02,4,1
711.13,36.03,4,1
711.25,36.04,5,1
711.37,36.04,11,1
711.5,36.04,22,1
711.62,36.05,22,1
711.74,36.05,22,1
711.86,36.05,22,1
711.99,36.05,22,1
712.11,36.07,22,1
712.23,36.07,22,1
712.35,36.08,22,1
712.48,36.09,22,1
712.6,36.12,23,1
712.72,36.11,13,1
712.84,36.13,13,1
712.97,36.15,13,1
713.09,36.17,13,1
713.21,36.18,13,1
713.33,36.19,13,1
713.46,36.22,13,1
713.58,36.24,13,1
713.7,36.25,13,1
713.82,36.26,13,1
713.95,36.28,13,1
714.07,36.3,13,1
714.19,36.32,13,1
714.31,36.33,13,1
714.43,36.35,13,1
714.56,36.36,13,1
714.68,36.38,13,1
714.8,36.4,13,1
714.92,36.41,13,1
715.04,36.42,13,1
715.17,36.44,13,1
715.29,36.46,13,1
715.41,36.47,13,1
715.53,36.48,13,1
715.66,36.49,13,1
715.78,36.51,13,1
715.9,36.53,13,1
716.02,36.54,13,1
716.14,36.55,13,1
716.27,36.56,13,1
716.39,36.58,13,1
716.51,36.59,13,1
716.63,36.61,13,1
716.76,36.61,13,1
716.88,36.63,13,1
717.0,36.65,13,1
717.12,36.67,13,1
717.25,36.68,13,1
717.37,36.68,13,1
717.49,36.69,13,1
717.61,36.71,13,1
717.73,36.72,13,1
717.85,36.73,13,1
717.98,36.74,13,1
718.1,36.76,13,1
718.22,36.77,13,1
718.34,36.78,13,1
718.47,36.79,13,1
718.59,36.81,13,1
718.71,36.81,13,1
718.83,36.83,13,1
718.96,36.84,13,1
719.08,36.85,13,1
719.2,36.87,13,1
719.32,36.88,13,1
719.44,36.89,13,1
719.57,36.89,13,1
719.69,36.91,13,1
719.81,36.92,13,1
719.93,36.93,13,1
720.06,36.96,13,1
720.18,36.96,13,1
720.3,36.97,13,1
720.42,36.98,13,1
720.54,36.99,13,1
720.67,37.0,13,1
720.79,37.02,13,1
720.91,37.03,13,1
721.03,37.04,13,1
721.16,37.04,13,1
721.28,37.05,13,1
721.4,37.06,13,1
721.52,37.08,13,1
721.64,37.09,13,1
721.77,37.1,13,1
721.89,37.1,13,1
722.01,37.11,13,1
722.13,37.12,13,1
722.26,37.14,13,1
722.38,37.15,13,1
722.5,37.17,13,1
722.62,37.18,13,1
722.74,37.19,13,1
722.87,37.19,13,1
722.99,37.21,13,1
723.11,37.22,13,1
723.23,37.23,13,1
723.35,37.24,13,1
723.48,37.24,13,1
723.6,37.26,13,1
723.72,37.27,13,1
723.84,37.27,13,1
723.97,37.28,13,1
724.09,37.3,13,1
724.21,37.31,13,1
724.33,37.32,13,1
724.46,37.33,13,1
724.58,37.34,13,1
724.7,37.35,13,1
724.82,37.35,13,1
724.94,37.36,13,1
725.07,37.38,13,1
725.19,37.38,13,1
725.31,37.4,13,1
725.43,37.42,13,1
725.56,37.42,13,1
725.68,37.42,13,1
725.8,37.43,13,1
725.92,37.45,13,1
726.04,37.46,13,1
726.17,37.47,13,1
726.29,37.47,13,1
726.41,37.48,13,1
726.53,37.49,13,1
726.66,37.5,13,1
726.78,37.51,13,1
726.9,37.52,13,1
727.02,37.53,13,1
727.14,37.54,13,1
727.27,37.55,13,1
727.39,37.56,13,1
727.51,37.57,13,1
727.63,37.58,13,1
727.76,37.59,13,1
727.88,37.6,13,1
728.0,37.61,13,1
728.12,37.62,13,1
728.24,37.62,13,1
728.37,37.64,13,1
728.49,37.64,13,1
728.61,37.66,13,1
728.73,37.67,13,1
728.85,37.67,13,1
728.98,37.68,13,1
729.1,37.69,13,1
729.22,37.7,13,1
729.34,37.71,13,1
729.47,37.72,13,1
729.59,37.71,13,1
729.71,37.73,13,1
729.83,37.74,13,1
729.96,37.75,13,1
730.08,37.75,13,1
730.2,37.77,13,1
730.32,37.77,13,1
730.44,37.77,13,1
730.57,37.79,13,1
730.69,37.8,13,1
730.81,37.81,13,1
730.93,37.82,13,1
731.05,37.82,13,1
731.18,37.84,13,1
731.3,37.84,13,1
731.42,37.85,13,1
731.54,37.87,13,1
731.67,37.88,13,1
731.79,37.88,13,1
731.91,37.89,13,1
732.03,37.89,13,1
732.16,37.9,13,1
732.28,37.91,13,1
732.4,37.91,13,1
732.52,37.93,13,1
732.64,37.94,13,1
732.77,37.94,13,1
732.89,37.96,13,1
733.01,37.97,13,1
733.13,37.97,13,1
733.26,37.98,13,1
733.38,37.99,13,1
733.5,38.0,13,1
733.62,38.0,13,1
733.74,38.0,13,1
733.87,38.02,13,1
733.99,38.03,13,1
734.11,38.03,13,1
734.23,38.04,13,1
734.35,38.05,13,1
734.48,38.06,13,1
734.6,38.07,13,1
734.72,38.08,13,1
734.84,38.08,13,1
734.97,38.08,13,1
735.09,38.1,13,1
735.21,38.1,13,1
735.33,38.1,13,1
735.46,38.13,13,1
735.58,38.13,13,1
735.7,38.14,13,1
735.82,38.15,13,1
735.94,38.15,13,1
736.07,38.15,13,1
736.19,38.17,13,1
736.31,38.18,13,1
736.43,38.19,13,1
736.55,38.19,13,1
736.68,38.19,13,1
736.8,38.21,13,1
736.92,38.22,13,1
737.04,38.23,13,1
737.17,38.23,13,1
737.29,38.23,13,1
737.41,38.25,13,1
737.53,38.26,13,1
737.65,38.26,13,1
737.78,38.27,13,1
737.9,38.27,13,1
738.02,38.29,13,1
738.14,38.29,13,1
738.27,38.3,13,1
738.39,38.3,13,1
738.51,38.31,13,1
738.63,38.32,13,1
738.76,38.33,13,1
738.88,38.33,13,1
739.0,38.35,13,1
739.12,38.35,13,1
739.24,38.37,13,1
739.36,38.37,13,1
739.49,38.37,13,1
739.61,38.38,13,1
739.73,38.38,13,1
739.85,38.39,13,1
739.98,38.4,13,1
740.1,38.41,13,1
740.22,38.42,13,1
740.34,38.41,13,1
740.47,38.43,13,1
740.59,38.45,13,1
740.71,38.45,13,1
740.83,38.45,13,1
740.96,38.46,13,1
741.08,38.48,13,1
741.2,38.47,13,1
741.32,38.49,13,1
741.44,38.48,13,1
741.57,38.5,13,1
741.69,38.51,13,1
741.81,38.52,13,1
741.93,38.51,13,1
742.05,38.52,13,1
742.18,38.54,13,1
742.3,38.53,13,1
742.42,38.54,13,1
742.54,38.55,13,1
742.67,38.56,13,1
742.79,38.58,13,1
742.91,38.57,13,1
743.03,38.58,13,1
743.15,38.59,13,1
743.28,38.6,13,1
743.4,38.59,13,1
743.52,38.61,13,1
743.64,38.61,13,1
743.77,38.63,13,1
743.89,38.62,13,1
744.01,38.62,13,1
744.13,38.64,13,1
744.26,38.65,13,1
744.38,38.65,13,1
744.5,38.65,13,1
744.62,38.67,13,1
744.74,38.67,13,1
744.86,38.68,13,1
744.99,38.68,13,1
745.11,38.71,13,1
745.23,38.71,13,1
745.35,38.7,13,1
745.48,38.72,13,1
745.6,38.73,13,1
745.72,38.73,13,1
745.84,38.73,13,1
745.97,38.75,13,1
746.09,38.76,13,1
746.21,38.75,13,1
746.33,38.77,13,1
746.46,38.78,13,1
746.58,38.77,13,1
746.7,38.78,13,1
746.82,38.8,13,1
746.94,38.78,13,1
747.07,38.8,13,1
747.19,38.81,13,1
747.31,38.82,13,1
747.43,38.82,13,1
747.55,38.84,13,1
747.68,38.83,13,1
747.8,38.83,13,1
747.92,38.85,13,1
748.04,38.85,13,1
748.17,38.86,13,1
748.29,38.87,13,1
748.41,38.86,13,1
748.53,38.88,13,1
748.65,38.9,13,1
748.78,38.89,13,1
748.9,38.92,13,1
749.02,38.9,13,1
749.14,38.91,13,1
749.27,38.93,13,1
749.39,38.92,13,1
749.51,38.93,13,1
749.63,38.93,13,1
749.76,38.93,13,1
749.88,38.95,13,1
750.0,38.96,1,1
750.12,38.95,7,1
750.25,38.97,12,1
750.37,38.97,12,1
750.49,38.97,15,1
750.61,38.99,15,1
750.74,38.98,16,1
750.86,38.98,16,1
750.98,39.0,17,1
751.1,38.99,17,1
751.22,39.02,17,1
751.35,39.03,17,1
751.47,39.01,17,1
751.59,39.04,17,1
751.71,39.03,17,1
751.84,39.04,17,1
751.96,39.05,17,1
752.08,39.06,17,1
752.2,39.06,17,1
752.33,39.08,17,1
752.45,39.07,17,1
752.57,39.09,17,1
752.69,39.1,17,1
752.81,39.1,17,1
752.94,39.12,17,1
753.06,39.13,17,1
753.18,39.13,17,1
753.3,39.15,17,1
753.42,39.14,17,1
753.55,39.18,17,1
753.67,39.18,20,1
753.79,39.16,26,1
753.92,39.2,31,1
754.04,39.2,36,1
754.16,39.23,37,1
754.28,39.23,38,1
754.41,39.26,39,1
754.53,39.27,39,1
754.65,39.29,40,1
754.78,39.28,40,1
754.9,39.29,40,1
755.02,39.36,40,1
755.14,39.35,40,1
755.26,39.4,40,1
755.39,39.41,40,1
755.51,39.43,40,1
755.63,39.49,40,1
755.75,39.49,40,1
755.87,39.54,40,1
756.0,39.55,40,1
756.12,39.58,40,1
756.24,39.62,40,1
756.36,39.68,40,1
756.49,39.7,40,1
756.61,39.73,40,1
756.73,39.79,40,1
756.85,39.8,40,1
756.97,39.85,40,1
757.1,39.89,40,1
757.22,39.94,40,1
757.34,39.94,40,1
757.46,40.02,40,1
757.59,40.06,40,1
757.71,40.08,40,1
757.83,40.12,40,1
757.95,40.18,40,1
758.07,40.23,40,1
758.2,40.22,40,1
758.32,40.31,40,1
758.44,40.34,40,1
758.56,40.4,40,1
758.69,40.39,40,1
758.81,40.48,40,1
758.93,40.5,40,1
759.05,40.54,40,1
759.17,40.58,40,1
759.3,40.61,40,1
759.42,40.68,40,1
759.54,40.68,40,1
759.66,40.75,40,1
759.78,40.77,40,1
759.91,40.82,40,1
760.03,40.89,40,1
760.15,40.88,40,1
760.27,40.94,40,1
760.4,40.97,40,1
760.52,41.01,40,1
760.64,41.04,41,1
760.77,41.1,48,1
760.89,41.15,59,1
761.01,41.17,78,1
761.14,41.22,89,1
761.26,41.25,95,1
761.38,41.3,95,1
761.5,41.35,95,1
761.62,41.37,95,1
761.75,41.45,95,1
761.87,41.47,95,1
761.99,41.55,95,1
762.11,41.61,95,1
762.23,41.67,95,1
762.36,41.75,93,1
762.48,41.81,75,1
762.6,41.91,19,1
762.73,41.98,19,1
762.85,42.06,19,1
762.97,42.17,19,1
763.09,42.22,19,1
763.22,42.31,19,1
763.34,42.39,19,1
763.46,42.44,19,1
763.58,42.52,19,1
763.71,42.58,19,1
763.83,42.62,19,1
763.95,42.69,19,1
764.07,42.73,10,1
764.2,42.75,4,1
764.32,42.81,4,1
764.44,42.83,4,1
764.56,42.85,4,1
764.69,42.92,4,1
764.81,42.91,4,1
764.93,42.93,4,1
765.05,42.96,4,1
765.17,42.95,4,1
765.29,42.97,4,1
765.42,42.97,4,1
765.54,42.96,4,1
765.66,42.99,4,1
765.78,42.96,4,1
765.91,42.98,4,1
766.03,42.96,4,1
766.15,42.96,4,1
766.27,42.95,4,1
766.4,42.94,4,1
766.52,42.94,4,1
766.64,42.91,4,1
766.76,42.91,4,1
766.88,42.88,4,1
767.01,42.86,4,1
767.13,42.85,4,1
767.25,42.83,4,1
767.37,42.82,4,1
767.5,42.78,4,1
767.62,42.77,4,1
767.74,42.74,4,1
767.86,42.72,4,1
767.98,42.72,4,1
768.1,42.67,4,1
768.23,42.67,4,1
768.35,42.64,4,1
768.47,42.6,4,1
768.59,42.61,4,1
768.72,42.56,4,1
768.84,42.53,4,1
768.96,42.54,4,1
769.08,42.48,4,1
769.21,42.48,4,1
769.33,42.45,4,1
769.45,42.4,4,1
769.57,42.42,4,1
769.69,42.37,4,1
769.82,42.36,4,1
769.94,42.35,4,1
770.06,42.3,4,1
770.18,42.29,4,1
770.3,42.27,4,1
770.43,42.23,4,1
770.55,42.23,4,1
770.67,42.19,4,1
770.79,42.17,4,1
770.91,42.16,4,1
771.04,42.12,4,1
771.16,42.11,4,1
771.28,42.1,4,1
771.4,42.05,4,1
771.53,42.05,4,1
771.65,42.03,4,1
771.77,41.99,4,1
771.89,42.0,4,1
772.01,41.95,4,1
772.14,41.93,4,1
772.26,41.93,4,1
772.38,41.9,4,1
772.5,41.87,4,1
772.63,41.88,4,1
772.75,41.84,4,1
772.87,41.82,4,1
772.99,41.83,4,1
773.11,41.77,4,1
773.23,41.77,4,1
773.36,41.77,4,1
773.48,41.73,4,1
773.6,41.7,4,1
773.72,41.72,4,1
773.85,41.67,4,1
773.97,41.66,4,1
774.09,41.67,4,1
774.21,41.63,4,1
774.34,41.62,4,1
774.46,41.62,4,1
774.58,41.57,4,1
774.7,41.58,4,1
774.82,41.57,4,1
774.95,41.53,4,1
775.07,41.54,4,1
775.19,41.52,4,1
775.31,41.49,4,1
775.44,41.49,4,1
775.56,41.47,4,1
775.68,41.44,4,1
775.8,41.45,4,1
775.92,41.44,4,1
776.04,41.4,4,1
776.17,41.4,4,1
776.29,41.39,4,1
776.41,41.36,4,1
776.53,41.36,4,1
776.66,41.35,4,1
776.78,41.32,4,1
776.9,41.33,4,1
777.02,41.33,4,1
777.15,41.29,4,1
777.27,41.28,4,1
777.39,41.29,4,1
777.51,41.25,4,1
777.63,41.25,4,1
777.76,41.25,4,1
777.88,41.22,4,1
778.0,41.2,4,1
778.12,41.2,4,1
778.24,41.2,4,1
778.37,41.17,4,1
778.49,41.17,4,1
778.61,41.17,4,1
778.73,41.14,4,1
778.85,41.12,4,1
778.98,41.14,4,1
779.1,41.11,4,1
779.22,41.09,4,1
779.34,41.1,4,1
779.47,41.1,4,1
779.59,41.06,4,1
779.71,41.05,4,1
779.83,41.06,4,1
779.96,41.04,4,1
780.08,41.02,4,1
780.2,41.03,4,1
780.32,41.02,4,1
780.44,40.99,4,1
780.57,41.0,4,1
780.69,41.0,4,1
780.81,40.96,4,1
780.93,40.96,4,1
781.05,40.96,4,1
781.18,40.95,4,1
781.3,40.92,4,1
781.42,40.93,4,1
781.54,40.93,4,1
781.66,40.89,4,1
781.79,40.89,4,1
781.91,40.9,4,1
782.03,40.89,4,1
782.15,40.86,4,1
782.28,40.88,4,1
782.4,40.87,4,1
782.52,40.85,4,1
782.64,40.83,4,1
782.76,40.84,4,1
782.89,40.85,4,1
783.01,40.8,4,1
783.13,40.81,4,1
783.25,40.84,4,1
783.38,40.8,4,1
783.5,40.76,4,1
783.62,40.78,4,1
783.74,40.78,4,1
783.86,40.75,4,1
783.98,40.74,4,1
784.11,40.74,4,1
784.23,40.72,4,1
784.35,40.72,4,1
784.47,40.73,4,1
784.6,40.72,4,1
784.72,40.69,4,1
784.84,40.7,4,1
784.96,40.69,4,1
785.09,40.68,4,1
785.21,40.66,4,1
785.33,40.68,4,1
785.45,40.67,4,1
785.57,40.63,4,1
785.7,40.63,4,1
785.82,40.65,4,1
785.94,40.65,4,1
786.06,40.61,4,1
786.19,40.61,4,1
786.31,40.62,4,1
786.43,40.61,4,1
786.55,40.59,4,1
786.67,40.56,4,1
786.79,40.56,4,1
786.92,40.58,4,1
787.04,40.57,4,1
787.16,40.55,4,1
787.28,40.54,4,1
787.41,40.53,4,1
787.53,40.55,4,1
787.65,40.55,4,1
787.77,40.52,4,1
787.9,40.52,4,1
788.02,40.54,4,1
788.14,40.52,4,1
788.26,40.49,4,1
788.38,40.48,4,1
788.51,40.48,4,1
788.63,40.5,4,1
788.75,40.48,4,1
788.87,40.47,4,1
788.99,40.44,4,1
789.12,40.45,4,1
789.24,40.45,4,1
789.36,40.45,4,1
789.48,40.43,4,1
789.6,40.44,4,1
789.73,40.41,4,1
789.85,40.4,4,1
789.97,40.39,4,1
790.09,40.4,4,1
790.22,40.4,4,1
790.34,40.4,4,1
790.46,40.4,4,1
790.58,40.37,4,1
790.7,40.36,4,1
790.83,40.36,4,1
790.95,40.36,4,1
791.07,40.36,4,1
791.19,40.37,4,1
791.32,40.33,4,1
791.44,40.32,4,1
791.56,40.32,4,1
791.68,40.33,4,1
791.8,40.32,4,1
791.92,40.32,4,1
792.05,40.29,4,1
792.17,40.28,4,1
792.29,40.28,4,1
792.41,40.31,4,1
792.54,40.28,4,1
792.66,40.29,4,1
792.78,40.26,4,1
792.9,40.25,4,1
793.03,40.25,4,1
793.15,40.28,4,1
793.27,40.26,4,1
793.39,40.25,4,1
793.51,40.23,4,1
793.64,40.24,4,1
793.76,40.23,4,1
793.88,40.23,4,1
794.0,40.22,4,1
794.13,40.21,4,1
794.25,40.19,4,1
794.37,40.18,4,1
794.49,40.18,4,1
794.61,40.19,4,1
794.73,40.18,4,1
794.86,40.19,4,1
794.98,40.15,4,1
795.1,40.14,4,1
795.22,40.13,4,1
795.35,40.14,4,1
795.47,40.16,4,1
795.59,40.15,4,1
795.71,40.15,4,1
795.84,40.12,4,1
795.96,40.1,4,1
796.08,40.1,4,1
796.2,40.11,4,1
796.32,40.11,4,1
796.45,40.1,4,1
796.57,40.11,4,1
796.69,40.11,4,1
796.81,40.08,4,1
796.93,40.05,4,1
797.06,40.07,4,1
797.18,40.04,4,1
797.3,40.06,4,1
797.42,40.07,4,1
797.54,40.06,4,1
797.67,40.05,4,1
797.79,40.07,4,1
797.91,40.02,4,1
798.03,40.02,4,1
798.16,39.99,4,1
798.28,40.02,4,1
798.4,40.02,4,1
798.52,40.01,4,1
798.65,39.99,4,1
798.77,40.02,4,1
798.89,40.01,4,1
799.01,40.01,4,1
799.13,39.99,4,1
799.26,39.99,4,1
799.38,39.97,4,1
799.5,39.94,4,1
799.62,39.96,4,1
799.74,39.93,4,1
799.87,39.95,4,1
799.99,39.95,4,1
800.11,39.95,4,1
800.23,39.96,4,1
800.35,39.93,4,1
800.48,39.94,4,1
800.6,39.92,4,1
800.72,39.89,4,1
800.84,39.91,4,1
800.97,39.89,4,1
801.09,39.91,4,1
801.21,39.89,4,1
801.33,39.92,4,1
801.45,39.89,4,1
801.58,39.9,4,1
801.7,39.91,4,1
801.82,39.9,4,1
801.94,39.87,4,1
802.07,39.87,4,1
802.19,39.84,4,1
802.31,39.84,4,1
802.43,39.85,4,1
802.55,39.84,4,1
802.67,39.82,4,1
802.8,39.84,4,1
802.92,39.83,4,1
803.04,39.82,4,1
803.16,39.85,4,1
803.29,39.82,4,1
803.41,39.84,4,1
803.53,39.83,4,1
803.65,39.8,4,1
803.78,39.85,4,1
803.9,39.82,4,1
804.02,39.79,4,1
804.14,39.8,4,1
804.26,39.78,4,1
804.39,39.75,4,1
804.51,39.76,4,1
804.63,39.74,4,1
804.75,39.74,4,1
804.88,39.77,4,1
805.0,39.76,4,1
805.12,39.74,4,1
805.24,39.73,4,1
805.36,39.71,4,1
805.48,39.72,4,1
805.61,39.7,4,1
805.73,39.72,4,1
805.85,39.73,4,1
805.97,39.72,4,1
806.1,39.71,4,1
806.22,39.71,4,1
806.34,39.7,4,1
806.46,39.68,4,1
806.59,39.68,4,1
806.71,39.67,4,1
806.83,39.7,4,1
806.95,39.72,4,1
807.07,39.7,4,1
807.2,39.69,4,1
807.32,39.7,4,1
807.44,39.68,4,1
807.56,39.68,4,1
807.68,39.67,4,1
807.81,39.67,4,1
807.93,39.68,4,1
808.05,39.67,4,1
808.17,39.66,4,1
808.29,39.66,4,1
808.42,39.66,4,1
808.54,39.65,4,1
808.66,39.65,4,1
808.78,39.61,4,1
808.91,39.61,4,1
809.03,39.59,4,1
809.15,39.6,4,1
809.27,39.61,4,1
809.39,39.59,4,1
809.52,39.6,4,1
809.64,39.56,4,1
809.76,39.59,4,1
809.88,39.57,4,1
810.01,39.55,4,1
810.13,39.56,4,1
810.25,39.58,4,1
810.37,39.55,4,1
810.49,39.59,4,1
810.61,39.6,4,1
810.74,39.58,4,1
810.86,39.55,4,1
810.98,39.56,4,1
811.1,39.58,4,1
811.23,39.56,4,1
811.35,39.53,4,1
811.47,39.56,4,1
811.59,39.57,4,1
811.72,39.52,4,1
811.84,39.5,4,1
811.96,39.49,4,1
812.08,39.49,4,1
812.2,39.5,4,1
812.33,39.49,4,1
812.45,39.5,4,1
812.57,39.5,4,1
812.69,39.46,4,1
812.82,39.46,4,1
812.94,39.48,4,1
813.06,39.45,4,1
813.18,39.46,4,1
813.3,39.47,4,1
813.42,39.46,4,1
813.55,39.48,4,1
813.67,39.5,4,1
813.79,39.45,4,1
813.91,39.5,4,1
814.04,39.46,4,1
814.16,39.46,4,1
814.28,39.44,4,1
814.4,39.47,4,1
814.53,39.48,4,1
814.65,39.44,4,1
814.77,39.41,4,1
814.89,39.44,4,1
815.01,39.4,4,1
815.14,39.39,4,1
815.26,39.41,4,1
815.38,39.39,4,1
815.5,39.38,4,1
815.62,39.41,4,1
815.75,39.38,4,1
815.87,39.45,4,1
815.99,39.39,4,1
816.11,39.41,4,1
816.23,39.4,4,1
816.36,39.42,4,1
816.48,39.35,4,1
816.6,39.38,4,1
816.72,39.35,4,1
816.84,39.34,4,1
816.97,39.36,4,1
817.09,39.33,4,1
817.21,39.35,4,1
817.34,39.35,4,1
817.46,39.39,4,1
817.58,39.36,4,1
817.7,39.35,4,1
817.82,39.36,4,1
817.95,39.36,4,1
818.07,39.31,4,1
818.19,39.33,4,1
818.31,39.31,4,1
818.43,39.3,4,1
818.56,39.28,4,1
818.68,39.31,4,1
818.8,39.34,4,1
818.92,39.33,4,1
819.04,39.34,4,1
819.17,39.33,4,1
819.29,39.29,4,1
819.41,39.28,4,1
819.53,39.29,4,1
819.66,39.27,4,1
819.78,39.27,4,1
819.9,39.28,4,1
820.02,39.3,4,1
820.14,39.3,4,1
820.27,39.28,4,1
820.39,39.27,4,1
820.51,39.3,4,1
820.63,39.25,4,1
820.76,39.26,4,1
820.88,39.25,4,1
821.0,39.23,4,1
821.12,39.25,4,1
821.24,39.22,4,1
821.36,39.19,4,1
821.49,39.24,4,1
821.61,39.21,4,1
821.73,39.26,4,1
821.85,39.25,4,1
821.98,39.25,4,1
822.1,39.21,4,1
822.22,39.24,4,1
822.34,39.21,4,1
822.47,39.2,4,1
822.59,39.2,4,1
822.71,39.18,4,1
822.83,39.21,4,1
822.95,39.19,4,1
823.08,39.21,4,1
823.2,39.22,4,1
823.32,39.2,4,1
823.44,39.21,4,1
823.57,39.2,4,1
823.69,39.19,4,1
823.81,39.16,4,1
823.93,39.16,4,1
824.05,39.17,4,1
824.17,39.15,4,1
824.3,39.17,4,1
824.42,39.16,4,1
824.54,39.2,4,1
824.66,39.18,4,1
824.79,39.17,4,1
824.91,39.17,4,1
825.03,39.14,4,1
825.15,39.13,4,1
825.28,39.13,4,1
825.4,39.12,4,1
825.52,39.13,4,1
825.64,39.12,4,1
825.76,39.15,4,1
825.89,39.14,4,1
826.01,39.14,4,1
826.13,39.13,4,1
826.25,39.1,4,1
826.37,39.08,4,1
826.5,39.09,4,1
826.62,39.09,4,1
826.74,39.11,4,1
826.86,39.13,4,1
826.98,39.12,4,1
827.11,39.09,4,1
827.23,39.12,4,1
827.35,39.08,4,1
827.47,39.07,4,1
827.59,39.08,4,1
827.72,39.04,4,1
827.84,39.06,4,1
827.96,39.08,4,1
828.08,39.12,4,1
828.21,39.08,4,1
828.33,39.06,4,1
828.45,39.08,4,1
828.57,39.05,4,1
828.7,39.05,4,1
828.82,39.04,4,1
828.94,39.02,4,1
829.06,39.03,4,1
829.18,39.05,4,1
829.3,39.07,4,1
829.43,39.08,4,1
829.55,39.05,4,1
829.67,39.04,4,1
829.79,39.03,4,1
829.92,39.01,4,1
830.04,39.0,4,1
830.16,39.0,4,1
830.28,39.0,4,1
830.41,39.01,4,1
830.53,39.02,4,1
830.65,39.03,4,1
830.77,39.03,4,1
830.89,39.0,4,1
831.02,39.01,4,1
831.14,39.04,4,1
831.26,38.99,4,1
831.38,38.99,4,1
831.51,38.97,4,1
831.63,38.96,4,1
831.75,38.98,4,1
831.87,38.94,4,1
831.99,38.96,4,1
832.11,38.98,4,1
832.24,39.0,4,1
832.36,38.97,4,1
832.48,38.99,4,1
832.6,38.98,4,1
832.73,38.98,4,1
832.85,38.96,4,1
832.97,38.94,4,1
833.09,38.94,4,1
833.22,38.93,4,1
833.34,38.95,4,1
833.46,38.97,4,1
833.58,38.96,4,1
833.7,38.95,4,1
833.83,38.93,4,1
833.95,38.92,4,1
834.07,38.91,4,1
834.19,38.9,4,1
834.31,38.92,4,1
834.44,38.95,4,1
834.56,38.94,4,1
834.68,38.96,4,1
834.8,38.96,4,1
834.92,38.91,4,1
835.05,38.9,4,1
835.17,38.9,4,1
835.29,38.9,4,1
835.41,38.88,4,1
835.53,38.91,4,1
835.66,38.91,4,1
835.78,38.92,4,1
835.9,38.91,4,1
836.03,38.87,4,1
836.15,38.87,4,1
836.27,38.85,4,1
836.39,38.86,4,1
836.51,38.9,4,1
836.64,38.89,4,1
836.76,38.89,4,1
836.88,38.86,4,1
837.0,38.86,4,1
837.12,38.85,4,1
837.25,38.89,4,1
837.37,38.88,4,1
837.49,38.87,4,1
837.61,38.83,4,1
837.73,38.84,4,1
837.86,38.85,4,1
837.98,38.87,4,1
838.1,38.87,4,1
838.22,38.84,4,1
838.34,38.84,4,1
838.47,38.83,4,1
838.59,38.84,4,1
838.71,38.85,4,1
838.83,38.83,4,1
838.96,38.81,4,1
839.08,38.81,4,1
839.2,38.84,4,1
839.32,38.83,4,1
839.45,38.81,4,1
839.57,38.79,4,1
839.69,38.79,4,1
839.81,38.84,4,1
839.93,38.83,4,1
840.05,38.8,4,1
840.18,38.79,4,1
840.3,38.82,4,1
840.42,38.82,4,1
840.54,38.79,4,1
840.67,38.78,4,1
840.79,38.79,4,1
840.91,38.81,4,1
841.03,38.8,4,1
841.16,38.77,4,1
841.28,38.77,4,1
841.4,38.79,4,1
841.52,38.79,4,1
841.64,38.77,4,1
841.77,38.75,4,1
841.89,38.76,4,1
842.01,38.79,4,1
842.13,38.77,4,1
842.26,38.75,4,1
842.38,38.75,4,1
842.5,38.78,4,1
842.62,38.76,4,1
842.74,38.74,4,1
842.86,38.74,4,1
842.99,38.77,4,1
843.11,38.75,4,1
843.23,38.73,4,1
843.35,38.73,4,1
843.48,38.76,4,1
843.6,38.73,4,1
843.72,38.71,4,1
843.84,38.74,4,1
843.97,38.73,4,1
844.09,38.73,4,1
844.21,38.7,4,1
844.33,38.74,4,1
844.45,38.74,4,1
844.58,38.7,4,1
844.7,38.69,4,1
844.82,38.72,4,1
844.94,38.73,4,1
845.06,38.7,4,1
845.19,38.71,4,1
845.31,38.74,4,1
845.43,38.7,4,1
845.55,38.69,4,1
845.67,38.73,4,1
845.8,38.69,4,1
845.92,38.67,4,1
846.04,38.72,4,1
846.16,38.68,4,1
846.28,38.67,4,1
846.41,38.71,4,1
846.53,38.69,4,1
846.65,38.65,4,1
846.77,38.7,4,1
846.9,38.68,4,1
847.02,38.66,4,1
847.14,38.69,4,1
847.26,38.66,4,1
847.39,38.67,4,1
847.51,38.68,4,1
847.63,38.64,4,1
847.75,38.66,4,1
847.87,38.67,4,1
848.0,38.63,4,1
848.12,38.67,4,1
848.24,38.65,4,1
848.36,38.64,4,1
848.48,38.67,4,1
848.61,38.63,4,1
848.73,38.65,4,1
848.85,38.65,4,1
848.97,38.63,4,1
849.09,38.64,4,1
849.22,38.61,4,1
849.34,38.65,4,1
849.46,38.62,4,1
849.58,38.63,4,1
849.71,38.63,4,1
849.83,38.6,4,1
849.95,38.63,4,1
850.07,38.59,4,1
850.2,38.64,4,1
850.32,38.61,4,1
850.44,38.63,4,1
850.56,38.62,4,1
850.68,38.61,4,1
850.8,38.62,4,1
850.93,38.59,4,1
851.05,38.63,4,1
851.17,38.57,4,1
851.29,38.62,4,1
851.42,38.6,4,1
851.54,38.6,4,1
851.66,38.59,4,1
851.78,38.57,4,1
851.91,38.6,4,1
852.03,38.56,4,1
852.15,38.61,4,1
852.27,38.56,4,1
852.39,38.6,4,1
852.52,38.56,4,1
852.64,38.6,4,1
852.76,38.57,4,1
852.88,38.58,4,1
853.0,38.57,4,1
853.13,38.57,4,1
853.25,38.57,4,1
853.37,38.57,4,1
853.49,38.57,4,1
853.61,38.56,4,1
853.74,38.57,4,1
853.86,38.55,4,1
853.98,38.57,4,1
854.1,38.54,4,1
854.22,38.56,4,1
854.35,38.53,4,1
854.47,38.57,4,1
854.59,38.53,4,1
854.72,38.56,4,1
854.84,38.53,4,1
854.96,38.55,4,1
855.08,38.51,4,1
855.2,38.56,4,1
855.33,38.52,4,1
855.45,38.56,4,1
855.57,38.52,4,1
855.69,38.56,4,1
855.81,38.52,4,1
855.94,38.56,4,1
856.06,38.51,4,1
856.18,38.53,4,1
856.3,38.5,4,1
856.42,38.52,4,1
856.55,38.51,4,1
856.67,38.53,4,1
856.79,38.5,4,1
856.91,38.51,4,1
857.03,38.49,4,1
857.16,38.51,4,1
857.28,38.5,4,1
857.4,38.5,4,1
857.52,38.51,4,1
857.65,38.49,4,1
857.77,38.5,4,1
857.89,38.49,4,1
858.01,38.51,4,1
858.14,38.49,4,1
858.26,38.47,4,1
858.38,38.49,4,1
858.5,38.49,4,1
858.62,38.49,4,1
858.75,38.48,4,1
858.87,38.49,4,1
858.99,38.47,4,1
859.11,38.48,4,1
859.23,38.48,4,1
859.36,38.48,4,1
859.48,38.46,4,1
859.6,38.47,4,1
859.72,38.47,4,1
859.84,38.47,4,1
859.97,38.46,4,1
860.09,38.46,4,1
860.21,38.46,4,1
860.33,38.46,4,1
860.46,38.46,4,1
860.58,38.46,4,1
860.7,38.46,4,1
860.82,38.46,4,1
860.95,38.45,4,1
861.07,38.46,4,1
861.19,38.45,4,1
861.31,38.45,4,1
861.43,38.44,4,1
861.55,38.45,4,1
861.68,38.43,4,1
861.8,38.46,4,1
861.92,38.42,4,1
862.04,38.44,4,1
862.17,38.41,4,1
862.29,38.44,4,1
862.41,38.43,4,1
862.53,38.43,4,1
862.66,38.43,4,1
862.78,38.42,4,1
862.9,38.44,4,1
863.02,38.41,4,1
863.14,38.43,4,1
863.27,38.43,4,1
863.39,38.4,4,1
863.51,38.43,4,1
863.63,38.4,4,1
863.75,38.41,4,1
863.88,38.42,4,1
864.0,38.4,4,1
864.12,38.42,4,1
864.24,38.4,4,1
864.36,38.41,4,1
864.49,38.41,4,1
864.61,38.39,4,1
864.73,38.4,4,1
864.85,38.39,4,1
864.97,38.4,4,1
865.1,38.41,4,1
865.22,38.38,4,1
865.34,38.39,4,1
865.46,38.4,4,1
865.59,38.37,4,1
865.71,38.41,4,1
865.83,38.39,4,1
865.95,38.38,4,1
866.08,38.39,4,1
866.2,38.39,4,1
866.32,38.38,4,1
866.44,38.4,4,1
866.56,38.38,4,1
866.69,38.37,4,1
866.81,38.39,4,1
866.93,38.37,4,1
867.05,38.36,4,1
867.17,38.37,4,1
867.3,38.37,4,1
867.42,38.35,4,1
867.54,38.37,4,1
867.66,38.36,4,1
867.78,38.35,4,1
867.91,38.37,4,1
868.03,38.35,4,1
868.15,38.35,4,1
868.27,38.36,4,1
868.4,38.35,4,1
868.52,38.35,4,1
868.64,38.34,4,1
868.76,38.33,4,1
868.89,38.36,4,1
869.01,38.34,4,1
869.13,38.35,4,1
869.25,38.35,4,1
869.37,38.34,4,1
869.5,38.35,4,1
869.62,38.33,4,1
869.74,38.33,4,1
869.86,38.33,4,1
869.98,38.32,4,1
870.11,38.34,4,1
870.23,38.32,4,1
870.35,38.32,4,1
870.47,38.33,4,1
870.59,38.31,4,1
870.72,38.32,4,1
870.84,38.33,4,1
870.96,38.31,4,1
871.08,38.33,4,1
871.21,38.33,4,1
871.33,38.31,4,1
871.45,38.34,4,1
871.57,38.32,4,1
871.69,38.31,4,1
871.82,38.32,4,1
871.94,38.3,4,1
872.06,38.31,4,1
872.18,38.31,4,1
872.3,38.31,4,1
872.43,38.31,4,1
872.55,38.3,4,1
872.67,38.3,4,1
872.79,38.3,4,1
872.91,38.29,4,1
873.04,38.29,4,1
873.16,38.3,4,1
873.28,38.28,4,1
873.41,38.31,4,1
873.53,38.28,4,1
873.65,38.29,4,1
873.77,38.29,4,1
873.89,38.28,4,1
874.02,38.29,4,1
874.14,38.27,4,1
874.26,38.28,4,1
874.38,38.29,4,1
874.5,38.27,4,1
874.63,38.28,4,1
874.75,38.28,4,1
874.87,38.26,4,1
874.99,38.28,4,1
875.11,38.25,4,1
875.24,38.26,4,1
875.36,38.28,4,1
875.48,38.25,4,1
875.6,38.27,4,1
875.72,38.26,4,1
875.85,38.25,4,1
875.97,38.27,4,1
876.09,38.26,4,1
876.21,38.25,4,1
876.34,38.27,4,1
876.46,38.26,4,1
876.58,38.25,4,1
876.7,38.27,4,1
876.83,38.25,4,1
876.95,38.24,4,1
877.07,38.25,4,1
877.19,38.24,4,1
877.31,38.24,4,1
877.44,38.25,4,1
877.56,38.25,4,1
877.68,38.23,4,1
877.8,38.25,4,1
877.92,38.23,4,1
878.05,38.23,4,1
878.17,38.24,4,1
878.29,38.23,4,1
878.41,38.23,4,1
878.53,38.24,4,1
878.66,38.22,4,1
878.78,38.22,4,1
878.9,38.23,4,1
879.02,38.22,4,1
879.15,38.21,4,1
879.27,38.23,4,1
879.39,38.21,4,1
879.51,38.21,4,1
879.64,38.22,4,1
879.76,38.22,4,1
879.88,38.21,4,1
880.0,38.22,4,1
880.12,38.21,4,1
880.25,38.19,4,1
880.37,38.21,4,1
880.49,38.2,4,1
880.61,38.19,4,1
880.73,38.2,4,1
880.86,38.2,4,1
880.98,38.2,4,1
881.1,38.21,4,1
881.22,38.2,4,1
881.34,38.2,4,1
881.47,38.21,4,1
881.59,38.2,4,1
881.71,38.18,4,1
881.83,38.21,4,1
881.96,38.18,4,1
882.08,38.2,4,1
882.2,38.19,4,1
882.32,38.16,4,1
882.44,38.18,4,1
882.57,38.19,4,1
882.69,38.18,4,1
882.81,38.19,4,1
882.93,38.16,4,1
883.05,38.19,4,1
883.18,38.17,4,1
883.3,38.17,4,1
883.42,38.18,4,1
883.54,38.15,4,1
883.66,38.17,4,1
883.79,38.17,4,1
883.91,38.16,4,1
884.03,38.17,4,1
884.15,38.17,4,1
884.28,38.15,4,1
884.4,38.18,4,1
884.52,38.16,4,1
884.64,38.16,4,1
884.77,38.16,4,1
884.89,38.14,4,1
885.01,38.17,4,1
885.13,38.14,4,1
885.25,38.16,4,1
885.38,38.14,4,1
885.5,38.15,4,1
885.62,38.15,4,1
885.74,38.14,4,1
885.86,38.16,4,1
885.99,38.13,4,1
886.11,38.15,4,1
886.23,38.14,4,1
886.35,38.13,4,1
886.47,38.17,4,1
886.6,38.13,4,1
886.72,38.14,4,1
886.84,38.15,4,1
886.96,38.14,4,1
887.09,38.15,4,1
887.21,38.13,4,1
887.33,38.14,4,1
887.45,38.14,4,1
887.58,38.12,4,1
887.7,38.14,4,1
887.82,38.12,4,1
887.94,38.12,4,1
888.06,38.12,4,1
888.19,38.11,4,1
888.31,38.13,4,1
888.43,38.12,4,1
888.55,38.13,4,1
888.67,38.12,4,1
888.8,38.11,4,1
888.92,38.12,4,1
889.04,38.1,4,1
889.16,38.13,4,1
889.28,38.11,4,1
889.41,38.11,4,1
889.53,38.12,4,1
889.65,38.1,4,1
889.77,38.12,4,1
889.9,38.1,4,1
890.02,38.1,4,1
890.14,38.11,4,1
890.26,38.09,4,1
890.38,38.11,4,1
890.51,38.09,4,1
890.63,38.08,4,1
890.75,38.1,4,1
890.87,38.09,4,1
891.0,38.09,4,1
891.12,38.11,4,1
891.24,38.09,4,1
891.36,38.1,4,1
891.48,38.11,4,1
891.61,38.09,4,1
891.73,38.08,4,1
891.85,38.1,4,1
891.97,38.09,4,1
892.09,38.08,4,1
892.22,38.09,4,1
892.34,38.09,4,1
892.46,38.08,4,1
892.58,38.08,4,1
892.71,38.1,4,1
892.83,38.08,4,1
892.95,38.07,4,1
893.07,38.08,4,1
893.19,38.08,4,1
893.32,38.06,4,1
893.44,38.07,4,1
893.56,38.08,4,1
893.68,38.06,4,1
893.8,38.06,4,1
893.93,38.09,4,1
894.05,38.08,4,1
894.17,38.07,4,1
894.29,38.09,4,1
894.41,38.08,4,1
894.54,38.07,4,1
894.66,38.07,4,1
894.78,38.08,4,1
894.9,38.06,4,1
895.03,38.07,4,1
895.15,38.06,4,1
895.27,38.05,4,1
895.39,38.05,4,1
895.52,38.06,4,1
895.64,38.06,4,1
895.76,38.05,4,1
895.88,38.05,4,1
896.0,38.06,4,1
896.13,38.05,4,1
896.25,38.06,4,1
896.37,38.06,4,1
896.49,38.05,4,1
896.61,38.05,4,1
896.74,38.05,4,1
896.86,38.05,4,1
896.98,38.04,4,1
897.1,38.06,4,1
897.22,38.04,4,1
897.35,38.03,4,1
897.47,38.05,4,1
897.59,38.06,4,1
897.71,38.03,4,1
897.84,38.04,4,1
897.96,38.04,4,1
898.08,38.03,4,1
898.2,38.04,4,1
898.33,38.04,4,1
898.45,38.03,4,1
898.57,38.03,4,1
898.69,38.04,4,1
898.81,38.03,4,1
898.94,38.03,4,1
899.06,38.04,4,1
899.18,38.05,4,1
899.3,38.03,4,1
899.42,38.02,4,1
899.55,38.04,4,1
899.67,38.05,4,1
899.79,38.02,4,1
899.91,38.02,4,1
900.03,38.03,4,1
900.16,38.04,4,1
900.28,38.02,4,1
900.4,38.01,4,1
900.52,38.03,4,1
900.65,38.03,4,1
900.77,38.02,4,1
900.89,38.02,4,1
901.01,38.02,4,1
901.13,38.03,4,1
901.26,38.02,4,1
901.38,38.01,4,1
901.5,38.03,4,1
901.62,38.02,4,1
901.75,38.02,4,1
901.87,38.01,4,1
901.99,38.01,4,1
902.11,38.02,4,1
902.23,38.02,4,1
902.35,38.01,4,1
902.48,38.01,4,1
902.6,38.0,4,1
902.72,38.01,4,1
902.84,38.02,4,1
902.97,38.0,4,1
903.09,38.01,4,1
903.21,38.0,4,1
903.33,38.0,4,1
903.46,38.01,4,1
903.58,38.0,4,1
903.7,38.0,4,1
903.82,37.99,4,1
903.94,37.99,4,1
904.07,38.01,4,1
904.19,38.0,4,1
904.31,37.99,4,1
904.43,38.0,4,1
904.55,38.01,4,1
904.68,38.01,4,1
904.8,38.01,4,1
904.92,37.99,4,1
905.04,37.98,4,1
905.16,38.0,4,1
905.29,38.01,4,1
905.41,38.0,4,1
905.53,37.99,4,1
905.65,37.99,4,1
905.78,38.0,4,1
905.9,37.99,4,1
906.02,38.0,4,1
906.14,38.0,4,1
906.27,37.99,4,1
906.39,37.98,4,1
906.51,37.98,4,1
906.63,37.99,4,1
906.75,37.99,4,1
906.88,37.99,4,1
907.0,37.99,4,1
907.12,37.97,4,1
907.24,37.97,4,1
907.36,37.98,4,1
907.49,37.98,4,1
907.61,37.98,4,1
907.73,37.98,4,1
907.85,37.98,4,1
907.97,37.98,4,1
908.1,37.98,4,1
908.22,37.97,4,1
908.34,37.97,4,1
908.46,37.96,4,1
908.59,37.97,4,1
908.71,37.97,4,1
908.83,37.97,4,1
908.95,37.97,4,1
909.07,37.97,4,1
909.2,37.97,4,1
909.32,37.97,4,1
909.44,37.97,4,1
909.56,37.96,4,1
909.69,37.97,4,1
909.81,37.96,4,1
909.93,37.96,4,1
910.05,37.97,4,1
910.17,37.96,4,1
910.3,37.97,4,1
910.42,37.97,4,1
910.54,37.97,4,1
910.66,37.96,4,1
910.78,37.96,4,1
910.91,37.95,4,1
911.03,37.97,4,1
911.15,37.95,4,1
911.27,37.96,4,1
911.4,37.94,4,1
911.52,37.95,4,1
911.64,37.95,4,1
911.76,37.96,4,1
911.88,37.96,4,1
912.01,37.95,4,1
912.13,37.94,4,1
912.25,37.95,4,1
912.37,37.95,4,1
912.5,37.95,4,1
912.62,37.94,4,1
912.74,37.94,4,1
912.86,37.94,4,1
912.98,37.94,4,1
913.1,37.95,4,1
913.23,37.94,4,1
913.35,37.94,4,1
913.47,37.94,4,1
913.59,37.94,4,1
913.72,37.94,4,1
913.84,37.93,4,1
913.96,37.93,4,1
914.08,37.93,4,1
914.21,37.94,4,1
914.33,37.93,4,1
914.45,37.93,4,1
914.57,37.93,4,1
914.69,37.93,4,1
914.82,37.94,4,1
914.94,37.93,4,1
915.06,37.94,4,1
915.18,37.93,4,1
915.3,37.94,4,1
915.43,37.93,4,1
915.55,37.93,4,1
915.67,37.94,4,1
915.79,37.93,4,1
915.91,37.92,4,1
916.04,37.92,4,1
916.16,37.92,4,1
916.28,37.93,4,1
916.4,37.92,4,1
916.53,37.93,4,1
916.65,37.91,4,1
916.77,37.93,4,1
916.89,37.93,4,1
917.02,37.93,4,1
917.14,37.92,4,1
917.26,37.92,4,1
917.38,37.93,4,1
917.5,37.91,4,1
917.63,37.92,4,1
917.75,37.92,4,1
917.87,37.92,4,1
917.99,37.92,4,1
918.11,37.92,4,1
918.24,37.92,4,1
918.36,37.92,4,1
918.48,37.92,4,1
918.6,37.92,4,1
918.72,37.92,4,1
918.85,37.92,4,1
918.97,37.91,4,1
919.09,37.91,4,1
919.21,37.9,4,1
919.34,37.91,4,1
919.46,37.91,4,1
919.58,37.91,4,1
919.7,37.91,4,1
919.82,37.91,4,1
919.95,37.9,4,1
920.07,37.9,4,1
920.19,37.9,4,1
920.31,37.91,4,1
920.44,37.9,4,1
920.56,37.9,4,1
920.68,37.9,4,1
920.8,37.91,4,1
920.92,37.91,4,1
921.05,37.9,4,1
921.17,37.9,4,1
921.29,37.89,4,1
921.41,37.89,4,1
921.53,37.89,4,1
921.66,37.89,4,1
921.78,37.88,4,1
921.9,37.89,4,1
922.02,37.9,4,1
922.15,37.9,4,1
922.27,37.9,4,1
922.39,37.9,4,1
922.51,37.9,4,1
922.63,37.9,4,1
922.76,37.89,4,1
922.88,37.89,4,1
923.0,37.89,4,1
923.12,37.89,4,1
923.25,37.89,4,1
923.37,37.89,4,1
923.49,37.89,4,1
923.61,37.89,4,1
923.73,37.88,4,1
923.85,37.89,4,1
923.98,37.89,4,1
924.1,37.88,4,1
924.22,37.88,4,1
924.34,37.87,4,1
924.47,37.87,4,1
924.59,37.88,4,1
924.71,37.87,4,1
924.83,37.87,4,1
924.96,37.87,4,1
925.08,37.88,4,1
925.2,37.88,4,1
925.32,37.89,4,1
925.44,37.89,4,1
925.57,37.89,4,1
925.69,37.9,4,1
925.81,37.89,4,1
925.93,37.89,4,1
926.05,37.89,4,1
926.18,37.88,4,1
926.3,37.87,4,1
926.42,37.87,4,1
926.54,37.86,4,1
926.66,37.87,4,1
926.79,37.87,4,1
926.91,37.87,4,1
927.03,37.86,4,1
927.15,37.87,4,1
927.28,37.87,4,1
927.4,37.87,4,1
927.52,37.86,4,1
927.64,37.87,4,1
927.76,37.86,4,1
927.89,37.85,4,1
928.01,37.86,4,1
928.13,37.87,4,1
928.25,37.86,4,1
928.38,37.86,4,1
928.5,37.87,4,1
928.62,37.87,4,1
928.74,37.87,4,1
928.86,37.87,4,1
928.99,37.86,4,1
929.11,37.86,4,1
929.23,37.86,4,1
929.35,37.86,4,1
929.47,37.85,4,1
929.6,37.85,4,1
929.72,37.85,4,1
929.84,37.86,4,1
929.96,37.86,4,1
930.09,37.86,4,1
930.21,37.86,4,1
930.33,37.86,4,1
930.45,37.86,4,1
930.57,37.87,4,1
930.7,37.86,4,1
930.82,37.86,4,1
930.94,37.86,4,1
931.06,37.85,4,1
931.19,37.86,4,1
931.31,37.86,4,1
931.43,37.86,4,1
931.55,37.85,4,1
931.67,37.85,4,1
931.79,37.85,4,1
931.92,37.84,4,1
932.04,37.85,4,1
932.16,37.83,4,1
932.28,37.85,4,1
932.41,37.84,4,1
932.53,37.84,4,1
932.65,37.84,4,1
932.77,37.84,4,1
932.9,37.84,4,1
933.02,37.84,4,1
933.14,37.84,4,1
933.26,37.84,4,1
933.38,37.84,4,1
933.51,37.85,4,1
933.63,37.84,4,1
933.75,37.84,4,1
933.87,37.84,4,1
933.99,37.85,4,1
934.12,37.84,4,1
934.24,37.84,4,1
934.36,37.84,4,1
934.48,37.84,4,1
934.6,37.83,4,1
934.73,37.83,4,1
934.85,37.83,4,1
934.97,37.84,4,1
935.09,37.84,4,1
935.22,37.84,4,1
935.34,37.83,4,1
935.46,37.83,4,1
935.58,37.84,4,1
935.71,37.84,4,1
935.83,37.84,4,1
935.95,37.84,4,1
936.07,37.84,4,1
936.19,37.83,4,1
936.32,37.84,4,1
936.44,37.84,4,1
936.56,37.84,4,1
936.68,37.83,4,1
936.8,37.83,4,1
936.93,37.82,4,1
937.05,37.83,4,1
937.17,37.83,4,1
937.29,37.82,4,1
937.41,37.82,4,1
937.54,37.82,4,1
937.66,37.83,4,1
937.78,37.83,4,1
937.9,37.83,4,1
938.03,37.82,4,1
938.15,37.82,4,1
938.27,37.82,4,1
938.39,37.82,4,1
938.51,37.83,4,1
938.64,37.82,4,1
938.76,37.82,4,1
938.88,37.82,4,1
939.0,37.83,4,1
939.13,37.82,4,1
939.25,37.83,4,1
939.37,37.82,4,1
939.49,37.82,4,1
939.61,37.82,4,1
939.74,37.82,4,1
939.86,37.81,4,1
939.98,37.81,4,1
940.1,37.82,4,1
940.22,37.81,4,1
940.35,37.81,4,1
940.47,37.81,4,1
940.59,37.82,4,1
940.71,37.81,4,1
940.84,37.82,4,1
940.96,37.82,4,1
941.08,37.81,4,1
941.2,37.82,4,1
941.32,37.82,4,1
941.45,37.82,4,1
941.57,37.82,4,1
941.69,37.82,4,1
941.81,37.81,4,1
941.94,37.81,4,1
942.06,37.81,4,1
942.18,37.81,4,1
942.3,37.8,4,1
942.42,37.81,4,1
942.54,37.8,4,1
942.67,37.81,4,1
942.79,37.8,4,1
942.91,37.81,4,1
943.03,37.81,4,1
943.16,37.8,4,1
943.28,37.8,4,1
943.4,37.81,4,1
943.52,37.81,4,1
943.65,37.8,4,1
943.77,37.79,4,1
943.89,37.81,4,1
944.01,37.81,4,1
944.13,37.8,4,1
944.26,37.8,4,1
944.38,37.8,4,1
944.5,37.81,4,1
944.62,37.81,4,1
944.74,37.79,4,1
944.87,37.8,4,1
944.99,37.8,4,1
945.11,37.79,4,1
945.23,37.79,4,1
945.35,37.79,4,1
945.48,37.79,4,1
945.6,37.79,4,1
945.72,37.79,4,1
945.84,37.8,4,1
945.97,37.8,4,1
946.09,37.8,4,1
946.21,37.8,4,1
946.33,37.81,4,1
946.45,37.8,4,1
946.58,37.8,4,1
946.7,37.8,4,1
946.82,37.8,4,1
946.94,37.8,4,1
947.07,37.79,4,1
947.19,37.79,4,1
947.31,37.79,4,1
947.43,37.79,4,1
947.55,37.78,4,1
947.68,37.79,4,1
947.8,37.78,4,1
947.92,37.79,4,1
948.04,37.79,4,1
948.16,37.79,4,1
948.29,37.79,4,1
948.41,37.79,4,1
948.53,37.79,4,1
948.65,37.78,4,1
948.78,37.78,4,1
948.9,37.78,4,1
949.02,37.77,4,1
949.14,37.78,4,1
949.26,37.79,4,1
949.39,37.79,4,1
949.51,37.79,4,1
949.63,37.79,4,1
949.75,37.79,4,1
949.88,37.78,4,1
950.0,37.78,4,1
950.12,37.79,4,1
950.24,37.78,4,1
950.36,37.78,4,1
950.49,37.78,4,1
950.61,37.78,4,1
950.73,37.78,4,1
950.85,37.77,4,1
950.97,37.78,4,1
951.1,37.78,4,1
951.22,37.79,4,1
951.34,37.79,4,1
951.46,37.79,4,1
951.59,37.79,4,1
951.71,37.78,4,1
951.83,37.78,4,1
951.95,37.79,4,1
952.07,37.78,4,1
952.2,37.78,4,1
952.32,37.77,4,1
952.44,37.77,4,1
952.56,37.78,4,1
952.68,37.77,4,1
952.81,37.77,4,1
952.93,37.77,4,1
953.05,37.77,4,1
953.17,37.77,4,1
953.29,37.78,4,1
953.42,37.78,4,1
953.54,37.76,4,1
953.66,37.78,4,1
953.78,37.78,4,1
953.91,37.77,4,1
954.03,37.76,4,1
954.15,37.78,4,1
954.27,37.77,4,1
954.4,37.77,4,1
954.52,37.76,4,1
954.64,37.78,4,1
954.76,37.78,4,1
954.88,37.77,4,1
955.01,37.77,4,1
955.13,37.78,4,1
955.25,37.77,4,1
955.37,37.76,4,1
955.49,37.77,4,1
955.62,37.76,4,1
955.74,37.76,4,1
955.86,37.77,4,1
955.98,37.77,4,1
956.1,37.76,4,1
956.23,37.77,4,1
956.35,37.77,4,1
956.47,37.76,4,1
956.59,37.78,4,1
956.72,37.78,4,1
956.84,37.77,4,1
956.96,37.77,4,1
957.08,37.78,4,1
957.2,37.77,4,1
957.33,37.77,4,1
957.45,37.77,4,1
957.57,37.76,4,1
957.69,37.76,4,1
957.82,37.77,4,1
957.94,37.77,4,1
958.06,37.76,4,1
958.18,37.76,4,1
958.3,37.77,4,1
958.43,37.76,4,1
958.55,37.77,4,1
958.67,37.76,4,1
958.79,37.76,4,1
958.91,37.76,4,1
959.04,37.76,4,1
959.16,37.76,4,1
959.28,37.76,4,1
959.4,37.76,4,1
959.53,37.77,4,1
959.65,37.76,4,1
959.77,37.76,4,1
959.89,37.77,4,1
960.01,37.76,4,1
960.14,37.76,4,1
960.26,37.77,4,1
960.38,37.75,4,1
960.5,37.76,4,1
960.63,37.76,4,1
960.75,37.75,4,1
960.87,37.76,4,1
960.99,37.75,4,1
961.11,37.76,4,1
961.23,37.75,4,1
961.36,37.76,4,1
961.48,37.76,4,1
961.6,37.75,4,1
961.72,37.77,4,1
961.85,37.76,4,1
961.97,37.76,4,1
962.09,37.75,4,1
962.21,37.76,4,1
962.34,37.77,4,1
962.46,37.76,4,1
962.58,37.76,4,1
962.7,37.76,4,1
962.82,37.75,4,1
962.95,37.76,4,1
963.07,37.75,4,1
963.19,37.76,4,1
963.31,37.75,4,1
963.43,37.74,4,1
963.56,37.74,4,1
963.68,37.76,4,1
963.8,37.75,4,1
963.92,37.74,4,1
964.04,37.76,4,1
964.17,37.76,4,1
964.29,37.75,4,1
964.41,37.75,4,1
964.53,37.75,4,1
964.66,37.76,4,1
964.78,37.75,4,1
964.9,37.74,4,1
965.02,37.76,4,1
965.14,37.76,4,1
965.27,37.75,4,1
965.39,37.76,4,1
965.51,37.75,4,1
965.63,37.75,4,1
965.76,37.74,4,1
965.88,37.75,4,1
966.0,37.74,4,1
966.12,37.75,4,1
966.24,37.75,4,1
966.37,37.75,4,1
966.49,37.75,4,1
966.61,37.74,4,1
966.73,37.75,4,1
966.85,37.75,4,1
966.98,37.75,4,1
967.1,37.76,4,1
967.22,37.75,4,1
967.34,37.75,4,1
967.47,37.76,4,1
967.59,37.74,4,1
967.71,37.74,4,1
967.83,37.74,4,1
967.95,37.74,4,1
968.08,37.74,4,1
968.2,37.73,4,1
968.32,37.75,4,1
968.44,37.74,4,1
968.57,37.73,4,1
968.69,37.75,4,1
968.81,37.75,4,1
968.93,37.75,4,1
969.05,37.73,4,1
969.18,37.74,4,1
969.3,37.74,4,1
969.42,37.73,4,1
969.54,37.74,4,1
969.66,37.73,4,1
969.79,37.75,4,1
969.91,37.73,4,1
970.03,37.74,4,1
970.15,37.73,4,1
970.28,37.74,4,1
970.4,37.74,4,1
970.52,37.73,4,1
970.64,37.73,4,1
970.76,37.73,4,1
970.89,37.73,4,1
971.01,37.73,4,1
971.13,37.74,4,1
971.25,37.72,4,1
971.37,37.73,4,1
971.5,37.72,4,1
971.62,37.73,4,1
971.74,37.74,4,1
971.86,37.73,4,1
971.98,37.73,4,1
972.11,37.74,4,1
972.23,37.74,4,1
972.35,37.73,4,1
972.47,37.73,4,1
972.6,37.73,4,1
972.72,37.73,4,1
972.84,37.73,4,1
972.96,37.74,4,1
973.09,37.73,4,1
973.21,37.73,4,1
973.33,37.73,4,1
973.45,37.74,4,1
973.57,37.73,4,1
973.7,37.71,4,1
973.82,37.73,4,1
973.94,37.72,4,1
974.06,37.73,4,1
974.18,37.72,4,1
974.31,37.72,4,1
974.43,37.72,4,1
974.55,37.73,4,1
974.67,37.72,4,1
974.79,37.73,4,1
974.92,37.72,4,1
975.04,37.73,4,1
975.16,37.72,4,1
975.28,37.73,4,1
975.41,37.72,4,1
975.53,37.73,4,1
975.65,37.71,4,1
975.77,37.72,4,1
975.89,37.72,4,1
976.02,37.72,4,1
976.14,37.72,4,1
976.26,37.71,4,1
976.38,37.72,4,1
976.51,37.71,4,1
976.63,37.72,4,1
976.75,37.71,4,1
976.87,37.72,4,1
976.99,37.72,4,1
977.12,37.72,4,1
977.24,37.71,4,1
977.36,37.72,4,1
977.48,37.73,4,1
977.6,37.72,4,1
977.73,37.72,4,1
977.85,37.72,4,1
977.97,37.73,4,1
978.09,37.72,4,1
978.22,37.71,4,1
978.34,37.72,4,1
978.46,37.71,4,1
978.58,37.72,4,1
978.7,37.71,4,1
978.83,37.72,4,1
978.95,37.7,4,1
979.07,37.72,4,1
979.19,37.72,4,1
979.32,37.72,4,1
979.44,37.7,4,1
979.56,37.71,4,1
979.68,37.7,4,1
979.8,37.71,4,1
979.93,37.7,4,1
980.05,37.71,4,1
980.17,37.7,4,1
980.29,37.71,4,1
980.41,37.7,4,1
980.54,37.71,4,1
980.66,37.71,4,1
980.78,37.71,4,1
980.9,37.7,4,1
981.03,37.71,4,1
981.15,37.7,4,1
981.27,37.7,4,1
981.39,37.7,4,1
981.51,37.69,4,1
981.64,37.71,4,1
981.76,37.7,4,1
981.88,37.7,4,1
982.0,37.7,4,1
982.12,37.71,4,1
982.25,37.69,4,1
982.37,37.71,4,1
982.49,37.69,4,1
982.61,37.72,4,1
982.73,37.69,4,1
982.86,37.7,4,1
982.98,37.69,4,1
983.1,37.71,4,1
983.22,37.7,4,1
983.35,37.7,4,1
983.47,37.69,4,1
983.59,37.7,4,1
983.71,37.69,4,1
983.83,37.71,4,1
983.96,37.69,4,1
984.08,37.68,4,1
984.2,37.69,4,1
984.32,37.7,4,1
984.45,37.7,4,1
984.57,37.7,4,1
984.69,37.69,4,1
984.81,37.7,4,1
984.93,37.71,4,1
985.06,37.7,4,1
985.18,37.69,4,1
985.3,37.7,4,1
985.42,37.7,4,1
985.54,37.7,4,1
985.67,37.7,4,1
985.79,37.69,4,1
985.91,37.7,4,1
986.03,37.69,4,1
986.16,37.7,4,1
986.28,37.69,4,1
986.4,37.69,4,1
986.52,37.69,4,1
986.64,37.68,4,1
986.77,37.69,4,1
986.89,37.68,4,1
987.01,37.68,4,1
987.13,37.68,4,1
987.26,37.69,4,1
987.38,37.68,4,1
987.5,37.7,4,1
987.62,37.69,4,1
987.74,37.7,4,1
987.87,37.7,4,1
987.99,37.69,4,1
988.11,37.69,4,1
988.23,37.69,4,1
988.35,37.7,4,1
988.48,37.68,4,1
988.6,37.69,4,1
988.72,37.68,4,1
988.84,37.68,4,1
988.97,37.68,4,1
989.09,37.68,4,1
989.21,37.68,4,1
989.33,37.68,4,1
989.45,37.68,4,1
989.58,37.69,4,1
989.7,37.69,4,1
989.82,37.69,4,1
989.94,37.68,4,1
990.06,37.68,4,1
990.19,37.67,4,1
990.31,37.68,4,1
990.43,37.68,4,1
990.55,37.68,4,1
990.67,37.68,4,1
990.8,37.68,4,1
990.92,37.69,4,1
991.04,37.68,4,1
991.16,37.69,4,1
991.29,37.67,4,1
991.41,37.68,4,1
991.53,37.67,4,1
991.65,37.68,4,1
991.78,37.67,4,1
991.9,37.68,4,1
992.02,37.67,4,1
992.14,37.67,4,1
992.26,37.67,4,1
992.39,37.68,4,1
992.51,37.68,4,1
992.63,37.67,4,1
992.75,37.68,4,1
992.87,37.68,4,1
993.0,37.67,4,1
993.12,37.67,4,1
993.24,37.68,4,1
993.36,37.67,4,1
993.48,37.68,4,1
993.61,37.67,4,1
993.73,37.68,4,1
993.85,37.66,4,1
993.97,37.67,4,1
994.1,37.67,4,1
994.22,37.67,4,1
994.34,37.66,4,1
994.46,37.66,4,1
994.58,37.66,4,1
994.71,37.67,4,1
994.83,37.66,4,1
994.95,37.67,4,1
995.07,37.66,4,1
995.2,37.66,4,1
995.32,37.67,4,1
995.44,37.66,4,1
995.56,37.67,4,1
995.68,37.66,4,1
995.81,37.67,4,1
995.93,37.66,4,1
996.05,37.67,4,1
996.17,37.67,4,1
996.29,37.67,4,1
996.42,37.66,4,1
996.54,37.66,4,1
996.66,37.67,4,1
996.78,37.66,4,1
996.91,37.65,4,1
997.03,37.66,4,1
997.15,37.65,4,1
997.27,37.66,4,1
997.39,37.65,4,1
997.52,37.66,4,1
997.64,37.65,4,1
997.76,37.66,4,1
997.88,37.67,4,1
998.01,37.67,4,1
998.13,37.66,4,1
998.25,37.67,4,1
998.37,37.67,4,1
998.49,37.66,4,1
998.62,37.66,4,1
998.74,37.66,4,1
998.86,37.66,4,1
998.98,37.64,4,1
999.1,37.66,4,1
999.23,37.64,4,1
999.35,37.66,4,1
999.47,37.64,4,1
999.59,37.66,4,1
999.72,37.64,4,1
999.84,37.64,4,1
999.96,37.66,4,1
1000.08,37.66,4,1
1000.2,37.66,4,1
1000.33,37.65,4,1
1000.45,37.65,4,1
1000.57,37.65,4,1
1000.69,37.66,4,1
1000.82,37.65,4,1
1000.94,37.66,4,1
1001.06,37.64,4,1
1001.18,37.66,4,1
1001.3,37.65,4,1
1001.42,37.66,4,1
1001.55,37.65,4,1
1001.67,37.65,4,1
1001.79,37.65,4,1
1001.91,37.64,4,1
1002.04,37.64,4,1
1002.16,37.65,4,1
1002.28,37.64,4,1
1002.4,37.64,4,1
1002.53,37.64,4,1
1002.65,37.64,4,1
1002.77,37.64,4,1
1002.89,37.65,4,1
1003.02,37.64,4,1
1003.14,37.64,4,1
1003.26,37.64,4,1
1003.38,37.64,4,1
1003.5,37.65,4,1
1003.63,37.64,4,1
1003.75,37.65,4,1
1003.87,37.64,4,1
1003.99,37.64,4,1
1004.11,37.65,4,1
1004.24,37.64,4,1
1004.36,37.64,4,1
1004.48,37.65,4,1
1004.6,37.64,4,1
1004.73,37.65,4,1
1004.85,37.63,4,1
1004.97,37.64,4,1
1005.09,37.64,4,1
1005.21,37.64,4,1
1005.34,37.64,4,1
1005.46,37.63,4,1
1005.58,37.64,4,1
1005.7,37.64,4,1
1005.83,37.64,4,1
1005.95,37.64,4,1
1006.07,37.63,4,1
1006.19,37.63,4,1
1006.32,37.63,4,1
1006.44,37.64,4,1
1006.56,37.63,4,1
1006.68,37.64,4,1
1006.8,37.63,4,1
1006.92,37.63,4,1
1007.05,37.63,4,1
1007.17,37.63,4,1
1007.29,37.63,4,1
1007.41,37.64,4,1
1007.54,37.63,4,1
1007.66,37.63,4,1
1007.78,37.63,4,1
1007.9,37.63,4,1
1008.03,37.63,4,1
1008.15,37.62,4,1
1008.27,37.63,4,1
1008.39,37.62,4,1
1008.52,37.63,4,1
1008.64,37.63,4,1
1008.76,37.63,4,1
1008.88,37.64,4,1
1009.0,37.63,4,1
1009.13,37.62,4,1
1009.25,37.63,4,1
1009.37,37.63,4,1
1009.49,37.62,4,1
1009.61,37.62,4,1
1009.74,37.62,4,1
1009.86,37.62,4,1
1009.98,37.63,4,1
1010.1,37.62,4,1
1010.23,37.62,4,1
1010.35,37.62,4,1
1010.47,37.63,4,1
1010.59,37.61,4,1
1010.71,37.62,4,1
1010.84,37.61,4,1
1010.96,37.61,4,1
1011.08,37.62,4,1
1011.2,37.62,4,1
1011.33,37.62,4,1
1011.45,37.61,4,1
1011.57,37.62,4,1
1011.69,37.62,4,1
1011.81,37.62,4,1
1011.94,37.63,4,1
1012.06,37.62,4,1
1012.18,37.62,4,1
1012.3,37.62,4,1
1012.42,37.61,4,1
1012.55,37.62,4,1
1012.67,37.62,4,1
1012.79,37.61,4,1
1012.91,37.62,4,1
1013.04,37.61,4,1
1013.16,37.61,4,1
1013.28,37.61,4,1
1013.4,37.61,4,1
1013.53,37.6,4,1
1013.65,37.61,4,1
1013.77,37.62,4,1
1013.89,37.6,4,1
1014.01,37.61,4,1
1014.14,37.61,4,1
1014.26,37.61,4,1
1014.38,37.61,4,1
1014.5,37.61,4,1
1014.63,37.61,4,1
1014.75,37.6,4,1
1014.87,37.62,4,1
1014.99,37.61,4,1
1015.11,37.61,4,1
1015.24,37.62,4,1
1015.36,37.6,4,1
1015.48,37.61,4,1
1015.6,37.61,4,1
1015.73,37.61,4,1
1015.85,37.6,4,1
1015.97,37.61,4,1
1016.09,37.61,4,1
1016.21,37.61,4,1
1016.34,37.61,4,1
1016.46,37.6,4,1
1016.58,37.61,4,1
1016.7,37.6,4,1
1016.83,37.6,4,1
1016.95,37.61,4,1
1017.07,37.6,4,1
1017.19,37.6,4,1
1017.31,37.6,4,1
1017.44,37.61,4,1
1017.56,37.6,4,1
1017.68,37.6,4,1
1017.8,37.61,4,1
1017.92,37.61,4,1
1018.05,37.6,4,1
1018.17,37.6,4,1
1018.29,37.61,4,1
1018.41,37.6,4,1
1018.54,37.61,4,1
1018.66,37.61,4,1
1018.78,37.61,4,1
1018.9,37.59,4,1
1019.03,37.6,4,1
1019.15,37.61,4,1
1019.27,37.6,4,1
1019.39,37.6,4,1
1019.51,37.61,4,1
1019.64,37.6,4,1
1019.76,37.6,4,1
1019.88,37.6,4,1
1020.0,37.6,4,1
1020.13,37.6,4,1
1020.25,37.6,4,1
1020.37,37.59,4,1
1020.49,37.6,4,1
1020.61,37.6,4,1
1020.74,37.59,4,1
1020.86,37.61,4,1
1020.98,37.6,4,1
1021.1,37.6,4,1
1021.22,37.59,4,1
1021.35,37.6,4,1
1021.47,37.6,4,1
1021.59,37.59,4,1
1021.71,37.58,4,1
1021.84,37.6,4,1
1021.96,37.6,4,1
1022.08,37.6,4,1
1022.2,37.6,4,1
1022.33,37.59,4,1
1022.45,37.6,4,1
1022.57,37.6,4,1
1022.69,37.6,4,1
1022.81,37.59,4,1
1022.94,37.59,4,1
1023.06,37.6,4,1
1023.18,37.6,4,1
1023.3,37.59,4,1
1023.42,37.6,4,1
1023.55,37.59,4,1
1023.67,37.61,4,1
1023.79,37.6,4,1
1023.91,37.6,4,1
1024.04,37.6,4,1
1024.16,37.59,4,1
1024.28,37.6,4,1
1024.4,37.6,4,1
1024.53,37.59,4,1
1024.65,37.59,4,1
1024.77,37.59,4,1
1024.89,37.59,4,1
1025.01,37.6,4,1
1025.14,37.6,4,1
1025.26,37.6,4,1
1025.38,37.58,4,1
1025.5,37.6,4,1
1025.63,37.6,4,1
1025.75,37.59,4,1
1025.87,37.59,4,1
1025.99,37.59,4,1
1026.11,37.59,4,1
1026.24,37.6,4,1
1026.36,37.59,4,1
1026.48,37.6,4,1
1026.6,37.58,4,1
1026.72,37.59,4,1
1026.85,37.59,4,1
1026.97,37.6,4,1
1027.09,37.59,4,1
1027.21,37.59,4,1
1027.34,37.59,4,1
1027.46,37.6,4,1
1027.58,37.59,4,1
1027.7,37.59,4,1
1027.82,37.59,4,1
1027.95,37.59,4,1
1028.07,37.59,4,1
1028.19,37.59,4,1
1028.31,37.59,4,1
1028.44,37.58,4,1
1028.56,37.58,4,1
1028.68,37.59,4,1
1028.8,37.58,4,1
1028.93,37.59,4,1
1029.05,37.6,4,1
1029.17,37.59,4,1
1029.29,37.59,4,1
1029.41,37.59,4,1
1029.54,37.59,4,1
1029.66,37.59,4,1
1029.78,37.6,4,1
1029.9,37.58,4,1
1030.03,37.59,4,1
1030.15,37.59,4,1
1030.27,37.59,4,1
1030.39,37.59,4,1
1030.51,37.59,4,1
1030.64,37.59,4,1
1030.76,37.58,4,1
1030.88,37.59,4,1
1031.0,37.59,4,1
1031.12,37.59,4,1
1031.25,37.59,4,1
1031.37,37.59,4,1
1031.49,37.59,4,1
1031.61,37.58,4,1
1031.74,37.59,4,1
1031.86,37.59,4,1
1031.98,37.58,4,1
1032.1,37.59,4,1
1032.22,37.58,4,1
1032.35,37.59,4,1
1032.47,37.59,4,1
1032.59,37.58,4,1
1032.71,37.58,4,1
1032.84,37.6,4,1
1032.96,37.59,4,1
1033.08,37.59,4,1
1033.2,37.59,4,1
1033.32,37.59,4,1
1033.45,37.58,4,1
1033.57,37.58,4,1
1033.69,37.58,4,1
1033.81,37.59,4,1
1033.94,37.59,4,1
1034.06,37.59,4,1
1034.18,37.59,4,1
1034.3,37.59,4,1
1034.43,37.58,4,1
1034.55,37.58,4,1
1034.67,37.59,4,1
1034.79,37.58,4,1
1034.91,37.6,4,1
1035.04,37.59,4,1
1035.16,37.59,4,1
1035.28,37.59,4,1
1035.4,37.58,4,1
1035.53,37.58,4,1
1035.65,37.59,4,1
1035.77,37.58,4,1
1035.89,37.59,4,1
1036.01,37.58,4,1
1036.14,37.59,4,1
1036.26,37.59,4,1
1036.38,37.58,4,1
1036.5,37.59,4,1
1036.62,37.58,4,1
1036.75,37.58,4,1
1036.87,37.58,4,1
1036.99,37.6,4,1
1037.11,37.58,4,1
1037.24,37.58,4,1
1037.36,37.6,4,1
1037.48,37.6,4,1
1037.6,37.59,4,1
1037.72,37.59,4,1
1037.85,37.57,4,1
1037.97,37.59,4,1
1038.09,37.59,4,1
1038.21,37.58,4,1
1038.34,37.59,4,1
1038.46,37.58,4,1
1038.58,37.58,4,1
1038.7,37.59,4,1
1038.82,37.59,4,1
1038.95,37.58,4,1
1039.07,37.58,4,1
1039.19,37.58,4,1
1039.31,37.58,4,1
1039.44,37.58,4,1
1039.56,37.57,4,1
1039.68,37.58,4,1
1039.8,37.58,4,1
1039.93,37.58,4,1
1040.05,37.57,4,1
1040.17,37.58,4,1
1040.29,37.58,4,1
1040.41,37.58,4,1
1040.54,37.58,4,1
1040.66,37.58,4,1
1040.78,37.59,4,1
1040.9,37.58,4,1
1041.03,37.59,4,1
1041.15,37.6,4,1
1041.27,37.58,4,1
1041.39,37.58,4,1
1041.51,37.58,4,1
1041.64,37.58,4,1
1041.76,37.59,4,1
1041.88,37.58,4,1
1042.0,37.57,4,1
1042.12,37.57,4,1
1042.25,37.58,4,1
1042.37,37.58,4,1
1042.49,37.57,4,1
1042.61,37.57,4,1
1042.74,37.57,4,1
1042.86,37.56,4,1
1042.98,37.58,4,1
1043.1,37.57,4,1
1043.22,37.58,4,1
1043.35,37.58,4,1
1043.47,37.58,4,1
1043.59,37.58,4,1
1043.71,37.57,4,1
1043.83,37.58,4,1
1043.96,37.58,4,1
1044.08,37.59,4,1
1044.2,37.57,4,1
1044.32,37.57,4,1
1044.45,37.58,4,1
1044.57,37.58,4,1
1044.69,37.58,4,1
1044.81,37.58,4,1
1044.94,37.57,4,1
1045.06,37.58,4,1
1045.18,37.58,4,1
1045.3,37.57,4,1
1045.42,37.58,4,1
1045.55,37.58,4,1
1045.67,37.58,4,1
1045.79,37.57,4,1
1045.91,37.57,4,1
1046.04,37.57,4,1
1046.16,37.57,4,1
1046.28,37.58,4,1
1046.4,37.58,4,1
1046.52,37.57,4,1
1046.65,37.58,4,1
1046.77,37.58,4,1
1046.89,37.58,4,1
1047.01,37.58,4,1
1047.14,37.57,4,1
1047.26,37.57,4,1
1047.38,37.57,4,1
1047.5,37.57,4,1
1047.62,37.57,4,1
1047.75,37.57,4,1
1047.87,37.57,4,1
1047.99,37.58,4,1
1048.11,37.57,4,1
1048.24,37.57,4,1
1048.36,37.58,4,1
1048.48,37.57,4,1
1048.6,37.57,4,1
1048.72,37.58,4,1
1048.85,37.58,4,1
1048.97,37.58,4,1
1049.09,37.58,4,1
1049.21,37.58,4,1
1049.33,37.57,4,1
1049.46,37.57,4,1
1049.58,37.58,4,1
1049.7,37.57,4,1
1049.82,37.57,4,1
1049.95,37.57,4,1
1050.07,37.57,4,1
1050.19,37.57,4,1
1050.31,37.57,4,1
1050.44,37.56,4,1
1050.56,37.57,4,1
1050.68,37.57,4,1
1050.8,37.57,4,1
1050.92,37.56,4,1
1051.05,37.58,4,1
1051.17,37.57,4,1
1051.29,37.58,4,1
1051.41,37.57,4,1
1051.54,37.57,4,1
1051.66,37.58,4,1
1051.78,37.57,4,1
1051.9,37.57,4,1
1052.02,37.58,4,1
1052.15,37.57,4,1
1052.27,37.57,4,1
1052.39,37.57,4,1
1052.51,37.57,4,1
1052.64,37.56,4,1
1052.76,37.57,4,1
1052.88,37.57,4,1
1053.0,37.57,4,1
1053.12,37.56,4,1
1053.25,37.56,4,1
1053.37,37.57,4,1
1053.49,37.56,4,1
1053.61,37.57,4,1
1053.73,37.57,4,1
1053.86,37.57,4,1
1053.98,37.57,4,1
1054.1,37.57,4,1
1054.22,37.57,4,1
1054.35,37.56,4,1
1054.47,37.56,4,1
1054.59,37.57,4,1
1054.71,37.57,4,1
1054.83,37.58,4,1
1054.96,37.56,4,1
1055.08,37.56,4,1
1055.2,37.57,4,1
1055.32,37.56,4,1
1055.45,37.57,4,1
1055.57,37.57,4,1
1055.69,37.56,4,1
1055.81,37.57,4,1
1055.94,37.57,4,1
1056.06,37.57,4,1
1056.18,37.57,4,1
1056.3,37.56,4,1
1056.42,37.57,4,1
1056.55,37.55,4,1
1056.67,37.57,4,1
1056.79,37.56,4,1
1056.91,37.56,4,1
1057.04,37.56,4,1
1057.16,37.56,4,1
1057.28,37.56,4,1
1057.4,37.56,4,1
1057.52,37.55,4,1
1057.65,37.56,4,1
1057.77,37.55,4,1
1057.89,37.56,4,1
1058.01,37.57,4,1
1058.14,37.56,4,1
1058.26,37.56,4,1
1058.38,37.57,4,1
1058.5,37.57,4,1
1058.62,37.56,4,1
1058.75,37.56,4,1
1058.87,37.56,4,1
1058.99,37.57,4,1
1059.11,37.56,4,1
1059.23,37.56,4,1
1059.36,37.55,4,1
1059.48,37.56,4,1
1059.6,37.56,4,1
1059.72,37.55,4,1
1059.85,37.56,4,1
1059.97,37.56,4,1
1060.09,37.56,4,1
1060.21,37.56,4,1
1060.33,37.56,4,1
1060.46,37.56,4,1
1060.58,37.55,4,1
1060.7,37.56,4,1
1060.82,37.56,4,1
1060.94,37.55,4,1
1061.07,37.55,4,1
1061.19,37.56,4,1
1061.31,37.55,4,1
1061.44,37.55,4,1
1061.56,37.55,4,1
1061.68,37.55,4,1
1061.8,37.55,4,1
1061.92,37.56,4,1
1062.05,37.55,4,1
1062.17,37.55,4,1
1062.29,37.55,4,1
1062.41,37.55,4,1
1062.54,37.55,4,1
1062.66,37.55,4,1
1062.78,37.54,4,1
1062.9,37.55,4,1
1063.02,37.56,4,1
1063.15,37.56,4,1
1063.27,37.55,4,1
1063.39,37.54,4,1
1063.51,37.55,4,1
1063.63,37.56,4,1
1063.76,37.55,4,1
1063.88,37.55,4,1
1064.0,37.55,4,1
1064.12,37.55,4,1
1064.25,37.55,4,1
1064.37,37.55,4,1
1064.49,37.55,4,1
1064.61,37.54,4,1
1064.73,37.55,4,1
1064.86,37.55,4,1
1064.98,37.55,4,1
1065.1,37.55,4,1
1065.22,37.54,4,1
1065.35,37.55,4,1
1065.47,37.54,4,1
1065.59,37.54,4,1
1065.71,37.55,4,1
1065.83,37.55,4,1
1065.96,37.55,4,1
1066.08,37.56,4,1
1066.2,37.55,4,1
1066.32,37.55,4,1
1066.44,37.55,4,1
1066.57,37.56,4,1
1066.69,37.54,4,1
1066.81,37.55,4,1
1066.94,37.55,4,1
1067.06,37.55,4,1
1067.18,37.54,4,1
1067.3,37.54,4,1
1067.42,37.54,4,1
1067.55,37.54,4,1
1067.67,37.54,4,1
1067.79,37.54,4,1
1067.91,37.55,4,1
1068.04,37.55,4,1
1068.16,37.54,4,1
1068.28,37.54,4,1
1068.4,37.53,4,1
1068.52,37.54,4,1
1068.65,37.54,4,1
1068.77,37.54,4,1
1068.89,37.54,4,1
1069.01,37.54,4,1
1069.13,37.54,4,1
1069.26,37.54,4,1
1069.38,37.55,4,1
1069.5,37.54,4,1
1069.62,37.54,4,1
1069.75,37.54,4,1
1069.87,37.55,4,1
1069.99,37.54,4,1
1070.11,37.54,4,1
1070.23,37.54,4,1
1070.36,37.53,4,1
1070.48,37.54,4,1
1070.6,37.54,4,1
1070.72,37.54,4,1
1070.84,37.54,4,1
1070.97,37.55,4,1
1071.09,37.54,4,1
1071.21,37.54,4,1
1071.33,37.54,4,1
1071.46,37.54,4,1
1071.58,37.54,4,1
1071.7,37.54,4,1
1071.82,37.53,4,1
1071.94,37.54,4,1
1072.07,37.54,4,1
1072.19,37.54,4,1
1072.31,37.53,4,1
1072.43,37.54,4,1
1072.56,37.54,4,1
1072.68,37.53,4,1
1072.8,37.53,4,1
1072.92,37.54,4,1
1073.05,37.53,4,1
1073.17,37.53,4,1
1073.29,37.53,4,1
1073.41,37.54,4,1
1073.53,37.54,4,1
1073.66,37.54,4,1
1073.78,37.54,4,1
1073.9,37.54,4,1
1074.02,37.54,4,1
1074.15,37.54,4,1
1074.27,37.54,4,1
1074.39,37.54,4,1
1074.51,37.55,4,1
1074.63,37.53,4,1
1074.76,37.54,4,1
1074.88,37.53,4,1
1075.0,37.54,4,1
1075.12,37.53,4,1
1075.25,37.54,4,1
1075.37,37.53,4,1
1075.49,37.52,4,1
1075.61,37.54,4,1
1075.73,37.53,4,1
1075.86,37.53,4,1
1075.98,37.53,4,1
1076.1,37.53,4,1
1076.22,37.53,4,1
1076.34,37.52,4,1
1076.47,37.53,4,1
1076.59,37.53,4,1
1076.71,37.53,4,1
1076.83,37.53,4,1
1076.96,37.53,4,1
1077.08,37.54,4,1
1077.2,37.54,4,1
1077.32,37.53,4,1
1077.44,37.53,4,1
1077.57,37.54,4,1
1077.69,37.53,4,1
1077.81,37.53,4,1
1077.93,37.52,4,1
1078.06,37.54,4,1
1078.18,37.53,4,1
1078.3,37.53,4,1
1078.42,37.53,4,1
1078.55,37.53,4,1
1078.67,37.53,4,1
1078.79,37.53,4,1
1078.91,37.53,4,1
1079.03,37.52,4,1
1079.16,37.53,4,1
1079.28,37.53,4,1
1079.4,37.52,4,1
1079.52,37.52,4,1
1079.65,37.52,4,1
1079.77,37.53,4,1
1079.89,37.52,4,1
1080.01,37.54,4,1
1080.13,37.54,4,1
1080.26,37.53,4,1
1080.38,37.53,4,1
1080.5,37.52,4,1
1080.62,37.54,4,1
1080.74,37.53,4,1
1080.87,37.53,4,1
1080.99,37.52,4,1
1081.11,37.53,4,1
1081.23,37.52,4,1
1081.36,37.53,4,1
1081.48,37.53,4,1
1081.6,37.53,4,1
1081.72,37.53,4,1
1081.84,37.52,4,1
1081.97,37.53,4,1
1082.09,37.53,4,1
1082.21,37.53,4,1
1082.33,37.53,4,1
1082.46,37.53,4,1
1082.58,37.53,4,1
1082.7,37.52,4,1
1082.82,37.53,4,1
1082.94,37.53,4,1
1083.07,37.52,4,1
1083.19,37.52,4,1
1083.31,37.52,4,1
1083.43,37.53,4,1
1083.56,37.53,4,1
1083.68,37.52,4,1
1083.8,37.52,4,1
1083.92,37.53,4,1
1084.05,37.52,4,1
1084.17,37.52,4,1
1084.29,37.52,4,1
1084.41,37.51,4,1
1084.53,37.51,4,1
1084.66,37.53,4,1
1084.78,37.51,1,0
1084.9,37.52,9,0
1085.03,37.52,83,0
1085.15,37.52,133,0
1085.27,37.53,147,0
1085.4,37.52,164,0
1085.52,37.52,164,0
1085.64,37.5,164,0
1085.77,37.48,164,0
1085.89,37.46,164,0
1086.01,37.42,164,0
1086.14,37.39,164,0
1086.26,37.34,164,0
1086.38,37.29,164,0
1086.5,37.24,164,0
1086.63,37.19,164,0
1086.75,37.13,164,0
1086.87,37.05,164,0
1087.0,36.98,164,0
1087.12,36.91,164,0
1087.24,36.84,164,0
1087.36,36.76,164,0
1087.49,36.68,164,0
1087.61,36.61,164,0
1087.73,36.51,164,0
1087.85,36.44,164,0
1087.98,36.35,164,0
1088.1,36.27,164,0
1088.22,36.18,164,0
1088.35,36.09,164,0
1088.47,36.0,164,0
1088.59,35.92,164,0
1088.72,35.82,164,0
1088.84,35.74,164,0
1088.96,35.64,164,0
1089.08,35.56,164,0
1089.21,35.45,164,0
1089.33,35.38,164,0
1089.45,35.27,164,0
1089.58,35.2,164,0
1089.7,35.1,164,0
1089.82,35.01,164,0
1089.94,34.93,164,0
1090.07,34.83,164,0
1090.19,34.75,164,0
1090.31,34.66,164,0
1090.44,34.56,164,0
1090.56,34.48,164,0
1090.68,34.39,164,0
1090.81,34.31,164,0
1090.93,34.2,164,0
1091.05,34.13,164,0
1091.18,34.04,164,0
1091.3,33.96,164,0
1091.42,33.86,164,0
1091.54,33.79,164,0
1091.67,33.7,164,0
1091.79,33.62,164,0
1091.91,33.54,164,0
1092.04,33.45,164,0
1092.16,33.37,164,0
1092.28,33.29,164,0
1092.41,33.2,164,0
1092.53,33.12,164,0
1092.65,33.03,164,0
1092.77,32.96,164,0
1092.9,32.87,164,0
1093.02,32.81,170,0
1093.14,32.72,160,0
1093.27,32.64,115,0
1093.39,32.57,86,0
1093.52,32.48,72,0
1093.64,32.42,63,0
1093.76,32.34,63,0
1093.88,32.27,56,0
1094.01,32.21,47,0
1094.13,32.14,47,0
1094.25,32.09,47,0
1094.37,32.03,47,0
1094.5,31.99,47,0
1094.62,31.94,47,0
1094.74,31.91,47,0
1094.86,31.86,47,0
1094.98,31.84,47,0
1095.11,31.81,47,0
1095.23,31.78,47,0
1095.35,31.76,47,0
1095.47,31.74,49,1
1095.6,31.73,49,1
1095.72,31.7,52,1
1095.84,31.68,82,1
1095.97,31.69,130,1
1096.09,31.68,139,1
1096.21,31.69,139,1
1096.34,31.71,139,1
1096.46,31.74,139,1
1096.58,31.78,139,1
1096.7,31.85,139,1
1096.83,31.92,139,1
1096.95,32.0,139,1
1097.07,32.11,139,1
1097.2,32.21,139,1
1097.32,32.33,139,1
1097.44,32.46,139,1
1097.57,32.6,139,1
1097.69,32.74,139,1
1097.81,32.9,139,1
1097.93,33.05,139,1
1098.06,33.22,139,1
1098.18,33.38,139,1
1098.3,33.56,139,1
1098.43,33.74,139,1
1098.55,33.92,139,1
1098.67,34.11,139,1
1098.8,34.3,139,1
1098.92,34.49,139,1
1099.04,34.69,139,1
1099.16,34.88,139,1
1099.29,35.09,139,1
1099.41,35.27,139,1
1099.53,35.48,139,1
1099.66,35.69,139,1
1099.78,35.89,139,1
1099.9,36.1,139,1
1100.02,36.3,139,1
1100.15,36.5,139,1
1100.27,36.71,139,1
1100.39,36.91,139,1
1100.52,37.12,139,1
1100.64,37.32,139,1
1100.76,37.53,139,1
1100.88,37.72,139,1
1101.01,37.93,139,1
1101.13,38.12,139,1
1101.25,38.32,139,1
1101.38,38.53,139,1
1101.5,38.73,139,1
1101.62,38.92,139,1
1101.75,39.12,139,1
1101.87,39.31,139,1
1101.99,39.51,139,1
1102.11,39.7,139,1
1102.24,39.9,139,1
1102.36,40.09,139,1
1102.48,40.28,139,1
1102.61,40.48,139,1
1102.73,40.66,139,1
1102.85,40.86,139,1
1102.97,41.05,139,1
1103.1,41.22,139,1
1103.22,41.41,139,1
1103.34,41.6,139,1
1103.47,41.78,139,1
1103.59,41.96,139,1
1103.71,42.14,139,1
1103.84,42.32,139,1
1103.96,42.51,139,1
1104.08,42.68,139,1
1104.2,42.86,139,1
1104.33,43.03,139,1
1104.45,43.2,139,1
1104.57,43.37,139,1
1104.7,43.55,139,1
1104.82,43.71,139,1
1104.94,43.89,139,1
1105.06,44.04,139,1
1105.19,44.22,139,1
1105.31,44.38,139,1
1105.43,44.55,139,1
1105.56,44.71,139,1
1105.68,44.86,139,1
1105.8,45.03,139,1
1105.93,45.18,139,1
1106.05,45.33,139,1
1106.17,45.51,139,1
1106.29,45.66,139,1
1106.42,45.81,139,1
1106.54,45.97,139,1
1106.66,46.13,139,1
1106.79,46.27,139,1
1106.91,46.42,139,1
1107.03,46.57,139,1
1107.15,46.73,139,1
1107.28,46.88,139,1
1107.4,47.01,139,1
1107.52,47.17,139,1
1107.65,47.3,139,1
1107.77,47.45,139,1
1107.89,47.61,139,1
1108.02,47.73,139,1
1108.14,47.89,139,1
1108.26,48.02,139,1
1108.38,48.16,139,1
1108.51,48.31,139,1
1108.63,48.45,139,1
1108.75,48.58,139,1
1108.88,48.72,139,1
1109.0,48.85,139,1
1109.12,48.99,139,1
1109.24,49.13,139,1
1109.37,49.26,139,1
1109.49,49.39,139,1
1109.61,49.53,139,1
1109.74,49.66,139,1
1109.86,49.79,139,1
1109.98,49.92,139,1
1110.11,50.05,139,1
1110.23,50.18,139,1
1110.35,50.32,146,1
1110.47,50.44,127,1
1110.6,50.57,68,1
1110.72,50.69,56,1
1110.85,50.82,49,1
1110.97,50.95,49,1
1111.09,51.07,49,1
1111.21,51.19,49,1
1111.33,51.3,49,1
1111.46,51.4,49,1
1111.58,51.48,49,0
1111.7,51.56,49,0
1111.82,51.64,49,0
1111.95,51.71,49,0
1112.07,51.77,49,0
1112.19,51.81,49,0
1112.31,51.84,49,0
1112.44,51.87,49,0
1112.56,51.88,49,0
1112.68,51.89,49,0
1112.8,51.88,49,0
1112.92,51.86,49,0
1113.05,51.84,49,0
1113.17,51.81,49,0
1113.29,51.76,49,0
1113.41,51.71,49,0
1113.54,51.65,49,0
1113.66,51.59,49,0
1113.78,51.54,49,0
1113.9,51.47,49,0
1114.02,51.4,49,0
1114.15,51.32,49,0
1114.27,51.25,49,0
1114.39,51.17,49,0
1114.51,51.08,49,0
1114.64,50.99,49,0
1114.76,50.91,49,0
1114.88,50.82,49,0
1115.0,50.72,47,0
1115.13,50.63,44,0
1115.25,50.56,36,0
1115.37,50.46,29,0
1115.5,50.34,25,0
1115.62,50.27,25,0
1115.74,50.16,25,0
1115.86,50.06,25,0
1115.98,49.97,25,0
1116.11,49.88,25,0
1116.23,49.79,25,0
1116.35,49.7,25,0
1116.47,49.6,25,0
1116.59,49.52,25,0
1116.72,49.43,25,0
1116.84,49.34,25,0
1116.96,49.24,25,0
1117.08,49.16,25,0
1117.21,49.07,25,0
1117.33,48.99,25,0
1117.45,48.9,25,0
1117.57,48.82,25,0
1117.69,48.74,25,0
1117.82,48.66,25,0
1117.94,48.59,25,0
1118.06,48.51,25,0
1118.18,48.43,25,0
1118.31,48.35,25,0
1118.43,48.27,25,0
1118.55,48.2,25,0
1118.67,48.12,25,0
1118.8,48.04,25,0
1118.92,47.97,25,0
1119.04,47.9,25,0
1119.16,47.84,25,0
1119.28,47.76,25,0
1119.41,47.69,25,0
1119.53,47.62,25,0
1119.65,47.56,25,0
1119.77,47.49,25,0
1119.9,47.42,25,0
1120.02,47.35,25,0
1120.14,47.3,25,0
1120.26,47.23,25,0
1120.38,47.16,25,0
1120.51,47.1,25,0
1120.63,47.05,25,0
1120.75,46.98,25,0
1120.87,46.92,25,0
1121.0,46.87,25,0
1121.12,46.8,25,0
1121.24,46.75,25,0
1121.36,46.69,25,0
1121.48,46.64,25,0
1121.61,46.57,25,0
1121.73,46.52,25,0
1121.85,46.46,25,0
1121.97,46.42,25,0
1122.09,46.36,25,0
1122.22,46.31,25,0
1122.34,46.25,25,0
1122.46,46.21,25,0
1122.58,46.15,25,0
1122.71,46.1,25,0
1122.83,46.05,25,0
1122.95,46.0,25,0
1123.07,45.95,25,0
1123.19,45.91,25,0
1123.32,45.85,25,0
1123.44,45.81,25,0
1123.56,45.76,23,1
1123.68,45.71,23,1
1123.81,45.67,23,1
1123.93,45.63,23,1
1124.05,45.58,23,1
1124.17,45.54,23,1
1124.3,45.52,23,1
1124.42,45.47,23,1
1124.54,45.45,23,1
1124.66,45.42,23,1
1124.78,45.39,23,1
1124.91,45.38,23,1
1125.03,45.37,23,1
1125.15,45.34,23,1
1125.27,45.34,23,1
1125.4,45.31,23,1
1125.52,45.32,23,1
1125.64,45.3,23,1
1125.76,45.3,23,1
1125.88,45.29,23,1
1126.01,45.29,23,1
1126.13,45.29,23,1
1126.25,45.29,23,1
1126.37,45.29,23,1
1126.5,45.29,23,1
1126.62,45.3,23,1
1126.74,45.3,23,1
1126.86,45.31,23,1
1126.98,45.31,23,1
1127.11,45.32,23,1
1127.23,45.32,23,1
1127.35,45.32,23,1
1127.47,45.33,23,1
1127.59,45.34,23,1
1127.72,45.35,23,1
1127.84,45.36,23,1
1127.96,45.37,23,1
1128.08,45.37,23,1
1128.21,45.39,23,1
1128.33,45.38,23,1
1128.45,45.41,23,1
1128.57,45.4,23,1
1128.69,45.42,23,1
1128.82,45.43,23,1
1128.94,45.44,23,1
1129.06,45.45,23,1
1129.18,45.46,23,1
1129.31,45.47,23,1
1129.43,45.48,23,1
1129.55,45.5,23,1
1129.67,45.51,23,1
1129.8,45.52,23,1
1129.92,45.53,23,1
1130.04,45.53,23,1
1130.16,45.54,23,1
1130.28,45.55,23,1
1130.41,45.57,23,1
1130.53,45.57,23,1
1130.65,45.59,23,1
1130.77,45.59,23,1
1130.9,45.62,23,1
1131.02,45.61,23,1
1131.14,45.63,23,1
1131.26,45.64,23,1
1131.38,45.65,23,1
1131.51,45.66,22,1
1131.63,45.68,22,1
1131.75,45.66,22,1
1131.87,45.68,20,1
1132.0,45.68,18,1
1132.12,45.7,17,1
1132.24,45.71,16,1
1132.36,45.71,15,1
1132.49,45.73,14,1
1132.61,45.73,13,1
1132.73,45.74,13,1
1132.85,45.75,12,1
1132.98,45.77,12,1
1133.1,45.76,12,1
1133.22,45.76,12,1
1133.34,45.76,12,1
1133.46,45.76,12,1
1133.59,45.77,12,1
1133.71,45.77,12,1
1133.83,45.76,12,1
1133.95,45.78,12,1
1134.08,45.75,12,1
1134.2,45.76,12,1
1134.32,45.73,12,1
1134.44,45.76,12,1
1134.57,45.74,12,1
1134.69,45.74,12,1
1134.81,45.73,12,1
1134.93,45.72,12,1
1135.05,45.72,12,1
1135.18,45.72,12,1
1135.3,45.7,12,1
1135.42,45.71,12,1
1135.54,45.68,12,1
1135.67,45.69,12,1
1135.79,45.68,12,1
1135.91,45.67,12,1
1136.03,45.67,12,1
1136.15,45.67,12,1
1136.28,45.66,12,1
1136.4,45.66,12,1
1136.52,45.63,12,1
1136.64,45.63,12,1
1136.77,45.62,12,1
1136.89,45.61,12,1
1137.01,45.59,12,1
1137.13,45.56,12,1
1137.25,45.58,12,1
1137.38,45.57,12,1
1137.5,45.57,12,1
1137.62,45.57,12,1
1137.74,45.55,12,1
1137.86,45.53,12,1
1137.99,45.53,12,1
1138.11,45.5,12,1
1138.23,45.51,12,1
1138.35,45.49,12,1
1138.48,45.49,12,1
1138.6,45.5,12,1
1138.72,45.48,12,1
1138.84,45.46,12,1
1138.96,45.46,12,1
1139.09,45.45,12,1
1139.21,45.45,11,1
1139.33,45.43,11,1
1139.45,45.42,11,1
1139.58,45.42,9,1
1139.7,45.41,8,1
1139.82,45.39,8,1
1139.94,45.39,8,1
1140.07,45.38,8,1
1140.19,45.35,8,1
1140.31,45.35,9,1
1140.43,45.35,10,1
1140.56,45.34,10,1
1140.68,45.32,10,1
1140.8,45.3,10,1
1140.92,45.31,10,1
1141.05,45.29,10,1
1141.17,45.28,10,1
1141.29,45.26,10,1
1141.41,45.25,10,1
1141.53,45.24,10,1
1141.66,45.24,10,1
1141.78,45.23,10,1
1141.9,45.22,10,1
1142.02,45.2,10,1
1142.15,45.2,10,1
1142.27,45.18,10,1
1142.39,45.18,10,1
1142.51,45.16,10,1
1142.63,45.15,10,1
1142.76,45.13,10,1
1142.88,45.13,10,1
1143.0,45.12,10,1
1143.12,45.09,10,1
1143.25,45.09,10,1
1143.37,45.09,10,1
1143.49,45.08,10,1
1143.61,45.06,10,1
1143.73,45.07,10,1
1143.86,45.03,10,1
1143.98,45.03,10,1
1144.1,45.02,10,1
1144.22,45.02,10,1
1144.34,45.0,10,1
1144.47,45.0,10,1
1144.59,44.99,10,1
1144.71,44.97,10,1
1144.83,44.96,10,1
1144.95,44.95,10,1
1145.08,44.95,10,1
1145.2,44.95,10,1
1145.32,44.92,10,1
1145.44,44.92,10,1
1145.57,44.9,10,1
1145.69,44.9,10,1
1145.81,44.88,10,1
1145.93,44.87,10,1
1146.06,44.87,10,1
1146.18,44.85,10,1
1146.3,44.84,10,1
1146.42,44.84,10,1
1146.55,44.84,10,1
1146.67,44.83,7,1
1146.79,44.82,7,1
1146.91,44.81,7,1
1147.03,44.81,8,1
1147.16,44.78,9,1
1147.28,44.78,9,1
1147.4,44.77,9,1
1147.52,44.76,10,1
1147.65,44.74,10,1
1147.77,44.74,10,1
1147.89,44.73,11,1
1148.01,44.73,11,1
1148.14,44.71,11,1
1148.26,44.7,11,1
1148.38,44.7,11,1
1148.5,44.68,11,1
1148.62,44.68,11,1
1148.75,44.66,11,1
1148.87,44.66,11,1
1148.99,44.66,11,1
1149.11,44.64,11,1
1149.24,44.64,11,1
1149.36,44.62,11,1
1149.48,44.62,11,1
1149.6,44.61,11,1
1149.72,44.6,11,1
1149.85,44.59,11,1
1149.97,44.59,11,1
1150.09,44.58,12,1
1150.21,44.57,12,1
1150.34,44.57,12,1
1150.46,44.55,12,1
1150.58,44.55,12,1
1150.7,44.55,13,1
1150.82,44.56,13,1
1150.95,44.53,13,1
1151.07,44.52,13,1
1151.19,44.52,14,1
1151.31,44.5,14,1
1151.44,44.51,14,1
1151.56,44.51,14,1
1151.68,44.5,14,1
1151.8,44.5,14,1
1151.93,44.48,14,1
1152.05,44.5,14,1
1152.17,44.47,15,1
1152.29,44.46,15,1
1152.42,44.46,16,1
1152.54,44.45,16,1
1152.66,44.45,16,1
1152.78,44.46,16,1
1152.9,44.47,16,1
1153.03,44.46,16,1
1153.15,44.45,16,1
1153.27,44.46,16,1
1153.39,44.47,16,1
1153.52,44.44,16,1
1153.64,44.41,16,1
1153.76,44.44,16,1
1153.88,44.42,16,1
1154.0,44.44,16,1
1154.13,44.46,16,1
1154.25,44.45,16,1
1154.37,44.44,16,1
1154.49,44.45,16,1
1154.61,44.45,16,1
1154.74,44.46,16,1
1154.86,44.43,16,1
1154.98,44.45,16,1
1155.1,44.44,16,1
1155.23,44.45,16,1
1155.35,44.45,16,1
1155.47,44.45,16,1
1155.59,44.46,16,1
1155.71,44.46,16,1
1155.84,44.45,16,1
1155.96,44.46,16,1
1156.08,44.45,16,1
1156.2,44.45,16,1
1156.33,44.46,16,1
1156.45,44.44,16,1
1156.57,44.45,16,1
1156.69,44.43,16,1
1156.81,44.47,16,1
1156.94,44.43,16,1
1157.06,44.47,16,1
1157.18,44.47,16,1
1157.3,44.46,16,1
1157.43,44.45,16,1
1157.55,44.47,16,1
1157.67,44.46,16,1
1157.79,44.48,16,1
1157.92,44.47,16,1
1158.04,44.47,16,1
1158.16,44.47,16,1
1158.28,44.47,16,1
1158.4,44.48,16,1
1158.53,44.47,16,1
1158.65,44.47,16,1
1158.77,44.5,16,1
1158.89,44.49,16,1
1159.02,44.48,18,1
1159.14,44.48,18,1
1159.26,44.5,18,1
1159.38,44.49,17,1
1159.5,44.49,18,1
1159.63,44.48,19,1
1159.75,44.49,20,1
1159.87,44.51,20,1
1159.99,44.49,20,1
1160.12,44.48,20,1
1160.24,44.49,20,1
1160.36,44.49,20,1
1160.48,44.49,20,1
1160.6,44.5,20,1
1160.73,44.52,20,1
1160.85,44.51,20,1
1160.97,44.51,20,1
1161.09,44.51,20,1
1161.22,44.53,20,1
1161.34,44.52,20,1
1161.46,44.53,20,1
1161.58,44.54,20,1
1161.7,44.54,20,1
1161.83,44.54,20,1
1161.95,44.55,20,1
1162.07,44.55,20,1
1162.19,44.56,20,1
1162.32,44.56,20,1
1162.44,44.57,20,1
1162.56,44.57,20,1
1162.68,44.58,20,1
1162.81,44.57,20,1
1162.93,44.58,20,1
1163.05,44.59,20,1
1163.17,44.58,20,1
1163.29,44.6,20,1
1163.42,44.6,20,1
1163.54,44.61,20,1
1163.66,44.62,20,1
1163.78,44.62,20,1
1163.91,44.63,20,1
1164.03,44.64,20,1
1164.15,44.63,20,1
1164.27,44.64,20,1
1164.39,44.65,20,1
1164.52,44.67,20,1
1164.64,44.65,20,1
1164.76,44.67,20,1
1164.88,44.66,20,1
1165.01,44.68,20,1
1165.13,44.68,20,1
1165.25,44.69,20,1
1165.37,44.68,20,1
1165.49,44.7,20,1
1165.62,44.69,20,1
1165.74,44.71,20,1
1165.86,44.72,20,1
1165.98,44.72,20,1
1166.1,44.72,20,1
1166.23,44.71,20,1
1166.35,44.73,20,1
1166.47,44.73,20,1
1166.59,44.74,20,1
1166.72,44.73,20,1
1166.84,44.75,20,1
1166.96,44.74,20,1
1167.08,44.77,20,1
1167.2,44.77,20,1
1167.33,44.78,20,1
1167.45,44.75,20,1
1167.57,44.78,20,1
1167.69,44.78,20,1
1167.82,44.79,20,1
1167.94,44.79,20,1
1168.06,44.81,20,1
1168.18,44.79,20,1
1168.31,44.79,20,1
1168.43,44.8,20,1
1168.55,44.79,20,1
1168.67,44.82,20,1
1168.79,44.82,20,1
1168.92,44.81,20,1
1169.04,44.82,20,1
1169.16,44.84,20,1
1169.28,44.83,20,1
1169.41,44.84,20,1
1169.53,44.83,20,1
1169.65,44.86,20,1
1169.77,44.83,20,1
1169.89,44.88,20,1
1170.02,44.86,20,1
1170.14,44.87,20,1
1170.26,44.85,20,1
1170.38,44.87,20,1
1170.51,44.87,20,1
1170.63,44.89,20,1
1170.75,44.87,20,1
1170.87,44.9,20,1
1170.99,44.89,20,1
1171.12,44.89,20,1
1171.24,44.89,20,1
1171.36,44.9,20,1
1171.48,44.91,20,1
1171.6,44.9,20,1
1171.73,44.91,20,1
1171.85,44.89,20,1
1171.97,44.91,20,1
1172.09,44.92,20,1
1172.22,44.92,20,1
1172.34,44.92,20,1
1172.46,44.93,20,1
1172.58,44.93,20,1
1172.7,44.94,20,1
1172.83,44.94,20,1
1172.95,44.95,20,1
1173.07,44.95,20,1
1173.19,44.95,20,1
1173.32,44.94,20,1
1173.44,44.97,20,1
1173.56,44.95,20,1
1173.68,44.98,20,1
1173.81,44.97,20,1
1173.93,44.96,20,1
1174.05,44.96,20,1
1174.17,44.96,20,1
1174.29,44.98,20,1
1174.42,44.96,20,1
1174.54,44.97,20,1
1174.66,44.97,20,1
1174.78,44.98,20,1
1174.9,45.0,20,1
1175.03,45.01,20,1
1175.15,45.0,20,1
1175.27,45.0,20,1
1175.39,44.99,20,1
1175.52,45.0,20,1
1175.64,45.01,20,1
1175.76,45.01,20,1
1175.88,45.01,20,1
1176.01,45.02,20,1
1176.13,45.01,20,1
1176.25,45.02,20,1
1176.37,45.01,20,1
1176.49,45.02,20,1
1176.61,45.03,20,1
1176.74,45.03,20,1
1176.86,45.03,20,1
1176.98,45.02,20,1
1177.1,45.04,20,1
1177.23,45.03,20,1
1177.35,45.04,20,1
1177.47,45.06,20,1
1177.59,45.03,20,1
1177.72,45.04,20,1
1177.84,45.06,20,1
1177.96,45.05,20,1
1178.08,45.07,20,1
1178.2,45.06,20,1
1178.33,45.07,20,1
1178.45,45.05,20,1
1178.57,45.06,20,1
1178.69,45.06,20,1
1178.82,45.07,20,1
1178.94,45.06,20,1
1179.06,45.07,20,1
1179.18,45.07,20,1
1179.3,45.09,20,1
1179.43,45.09,20,1
1179.55,45.08,20,1
1179.67,45.08,20,1
1179.79,45.09,20,1
1179.92,45.1,20,1
1180.04,45.11,20,1
1180.16,45.09,20,1
1180.28,45.1,20,1
1180.4,45.09,20,1
1180.53,45.11,20,1
1180.65,45.12,20,1
1180.77,45.1,20,1
1180.89,45.13,20,1
1181.02,45.09,20,1
1181.14,45.12,20,1
1181.26,45.1,20,1
1181.38,45.12,20,1
1181.51,45.12,20,1
1181.63,45.14,20,1
1181.75,45.12,20,1
1181.87,45.13,20,1
1181.99,45.13,20,1
1182.11,45.15,20,1
1182.24,45.14,20,1
1182.36,45.14,19,1
1182.48,45.15,19,1
1182.61,45.15,22,1
1182.73,45.15,26,1
1182.85,45.15,35,1
1182.98,45.16,36,1
1183.1,45.16,37,1
1183.22,45.16,37,1
1183.34,45.17,37,1
1183.46,45.17,37,1
1183.59,45.18,38,1
1183.71,45.19,38,1
1183.83,45.18,39,1
1183.95,45.2,39,1
1184.08,45.22,40,1
1184.2,45.23,41,1
1184.32,45.24,41,1
1184.44,45.25,41,1
1184.57,45.27,41,1
1184.69,45.3,41,1
1184.81,45.31,41,1
1184.93,45.34,41,1
1185.05,45.35,41,1
1185.18,45.38,41,1
1185.3,45.4,41,1
1185.42,45.42,41,1
1185.54,45.45,41,1
1185.67,45.48,41,1
1185.79,45.5,41,1
1185.91,45.53,41,1
1186.03,45.55,41,1
1186.16,45.58,41,1
1186.28,45.61,41,1
1186.4,45.64,41,1
1186.52,45.66,41,1
1186.64,45.7,41,1
1186.77,45.72,41,1
1186.89,45.76,41,1
1187.01,45.79,41,1
1187.13,45.81,41,1
1187.26,45.84,41,1
1187.38,45.87,41,1
1187.5,45.89,41,1
1187.62,45.92,41,1
1187.74,45.96,41,1
1187.87,45.98,41,1
1187.99,46.01,41,1
1188.11,46.04,41,1
1188.23,46.07,41,1
1188.35,46.1,41,1
1188.48,46.13,41,1
1188.6,46.16,41,1
1188.72,46.19,41,1
1188.84,46.21,41,1
1188.97,46.26,41,1
1189.09,46.27,41,1
1189.21,46.3,41,1
1189.33,46.34,41,1
1189.45,46.38,41,1
1189.58,46.4,41,1
1189.7,46.43,41,1
1189.82,46.45,41,1
1189.94,46.49,41,1
1190.07,46.51,41,1
1190.19,46.53,41,1
1190.31,46.56,41,1
1190.43,46.59,41,1
1190.55,46.62,41,1
1190.68,46.65,41,1
1190.8,46.67,41,1
1190.92,46.7,41,1
1191.04,46.72,41,1
1191.17,46.76,41,1
1191.29,46.79,41,1
1191.41,46.79,41,1
1191.53,46.82,41,1
1191.66,46.85,41,1
1191.78,46.88,41,1
1191.9,46.91,41,1
1192.02,46.93,41,1
1192.14,46.97,41,1
1192.27,46.98,41,1
1192.39,47.0,41,1
1192.51,47.03,41,1
1192.63,47.06,41,1
1192.76,47.09,41,1
1192.88,47.11,41,1
1193.0,47.13,41,1
1193.12,47.15,41,1
1193.24,47.17,41,1
1193.36,47.2,41,1
1193.49,47.21,41,1
1193.61,47.26,41,1
1193.73,47.27,41,1
1193.85,47.31,41,1
1193.98,47.33,41,1
1194.1,47.35,41,1
1194.22,47.36,41,1
1194.34,47.38,41,1
1194.47,47.41,41,1
1194.59,47.43,41,1
1194.71,47.47,41,1
1194.83,47.48,41,1
1194.95,47.51,41,1
1195.08,47.53,41,1
1195.2,47.55,41,1
1195.32,47.56,41,1
1195.44,47.6,41,1
1195.57,47.61,41,1
1195.69,47.64,41,1
1195.81,47.65,41,1
1195.93,47.68,41,1
1196.05,47.7,41,1
1196.18,47.72,41,1
1196.3,47.73,41,1
1196.42,47.76,41,1
1196.54,47.78,41,1
1196.67,47.81,41,1
1196.79,47.82,41,1
1196.91,47.85,40,1
1197.03,47.86,40,1
1197.16,47.87,40,1
1197.28,47.91,38,1
1197.4,47.95,35,1
1197.52,47.95,31,1
1197.65,47.96,29,1
1197.77,47.99,28,1
1197.89,48.0,28,1
1198.01,48.01,27,1
1198.14,48.05,27,1
1198.26,48.05,26,1
1198.38,48.07,26,1
1198.5,48.09,25,1
1198.63,48.09,24,1
1198.75,48.11,24,1
1198.87,48.12,23,1
1198.99,48.12,22,1
1199.12,48.12,22,1
1199.24,48.12,21,1
1199.36,48.14,21,1
1199.48,48.15,20,1
1199.6,48.14,20,1
1199.73,48.14,20,1
1199.85,48.14,20,1
1199.97,48.15,20,1
1200.09,48.15,20,1
1200.22,48.16,20,1
1200.34,48.15,20,1
1200.46,48.13,20,1
1200.58,48.16,20,1
1200.71,48.13,20,1
1200.83,48.14,20,1
1200.95,48.13,20,1
1201.07,48.13,20,1
1201.19,48.12,20,1
1201.32,48.11,20,1
1201.44,48.11,20,1
1201.56,48.1,20,1
1201.68,48.08,20,1
1201.81,48.08,20,1
1201.93,48.06,20,1
1202.05,48.04,20,1
1202.17,48.06,20,1
1202.29,48.02,20,1
1202.42,48.02,20,1
1202.54,48.02,20,1
1202.66,48.01,20,1
1202.78,48.0,20,1
1202.91,48.01,20,1
1203.03,47.97,20,1
1203.15,47.98,20,1
1203.27,47.96,20,1
1203.39,47.97,20,1
1203.52,47.95,20,1
1203.64,47.95,20,1
1203.76,47.92,20,1
1203.88,47.91,20,1
1204.01,47.9,20,1
1204.13,47.9,20,1
1204.25,47.88,20,1
1204.37,47.89,20,1
1204.5,47.86,20,1
1204.62,47.84,20,1
1204.74,47.83,20,1
1204.86,47.85,20,1
1204.98,47.83,20,1
1205.1,47.83,20,1
1205.23,47.8,20,1
1205.35,47.8,20,1
1205.47,47.79,20,1
1205.59,47.78,20,1
1205.72,47.77,20,1
1205.84,47.77,20,1
1205.96,47.77,20,1
1206.08,47.74,20,1
1206.2,47.74,20,1
1206.33,47.74,20,1
1206.45,47.73,20,1
1206.57,47.71,20,1
1206.69,47.72,20,1
1206.82,47.69,20,1
1206.94,47.7,20,1
1207.06,47.68,20,1
1207.18,47.68,20,1
1207.31,47.68,20,1
1207.43,47.67,20,1
1207.55,47.63,20,1
1207.67,47.65,20,1
1207.79,47.64,20,1
1207.92,47.64,20,1
1208.04,47.63,20,1
1208.16,47.63,20,1
1208.28,47.6,20,1
1208.41,47.6,20,1
1208.53,47.61,20,1
1208.65,47.6,20,1
1208.77,47.6,20,1
1208.89,47.57,20,1
1209.02,47.59,20,1
1209.14,47.58,20,1
1209.26,47.58,20,1
1209.38,47.56,20,1
1209.51,47.55,20,1
1209.63,47.54,20,1
1209.75,47.55,20,1
1209.87,47.52,20,1
1209.99,47.54,20,1
1210.12,47.53,20,1
1210.24,47.53,20,1
1210.36,47.5,20,1
1210.48,47.52,20,1
1210.6,47.5,20,1
1210.73,47.5,20,1
1210.85,47.5,20,1
1210.97,47.5,20,1
1211.09,47.47,20,1
1211.22,47.48,20,1
1211.34,47.48,20,1
1211.46,47.48,20,1
1211.58,47.49,20,1
1211.7,47.45,20,1
1211.83,47.46,20,1
1211.95,47.46,20,1
1212.07,47.45,20,1
1212.19,47.44,20,1
1212.32,47.44,20,1
1212.44,47.42,20,1
1212.56,47.43,20,1
1212.68,47.42,20,1
1212.81,47.42,20,1
1212.93,47.42,20,1
1213.05,47.42,20,1
1213.17,47.41,20,1
1213.29,47.41,20,1
1213.42,47.4,20,1
1213.54,47.4,20,1
1213.66,47.4,20,1
1213.78,47.39,20,1
1213.91,47.38,20,1
1214.03,47.38,20,1
1214.15,47.38,20,1
1214.27,47.36,20,1
1214.39,47.38,20,1
1214.52,47.37,20,1
1214.64,47.37,20,1
1214.76,47.35,20,1
1214.88,47.37,20,1
1215.01,47.35,20,1
1215.13,47.36,20,1
1215.25,47.34,20,1
1215.37,47.35,20,1
1215.49,47.34,20,1
1215.62,47.36,20,1
1215.74,47.33,20,1
1215.86,47.35,20,1
1215.98,47.32,20,1
1216.1,47.33,20,1
1216.23,47.32,20,1
1216.35,47.32,20,1
1216.47,47.32,20,1
1216.59,47.31,20,1
1216.72,47.3,20,1
1216.84,47.3,20,1
1216.96,47.29,20,1
1217.08,47.33,20,1
1217.2,47.3,20,1
1217.33,47.3,20,1
1217.45,47.31,20,1
1217.57,47.3,20,1
1217.69,47.3,20,1
1217.82,47.28,20,1
1217.94,47.29,20,1
1218.06,47.27,20,1
1218.18,47.28,20,1
1218.31,47.27,20,1
1218.43,47.29,20,1
1218.55,47.27,20,1
1218.67,47.27,20,1
1218.79,47.27,20,1
1218.92,47.27,20,1
1219.04,47.27,20,1
1219.16,47.25,20,1
1219.28,47.26,20,1
1219.41,47.24,20,1
1219.53,47.24,20,1
1219.65,47.24,20,1
1219.77,47.24,20,1
1219.89,47.25,20,1
1220.02,47.24,20,1
1220.14,47.23,20,1
1220.26,47.24,20,1
1220.38,47.23,20,1
1220.51,47.23,20,1
1220.63,47.22,20,1
1220.75,47.23,20,1
1220.87,47.22,20,1
1220.99,47.21,20,1
1221.12,47.22,20,1
1221.24,47.22,20,1
1221.36,47.23,20,1
1221.48,47.22,20,1
1221.6,47.2,20,1
1221.73,47.2,20,1
1221.85,47.2,20,1
1221.97,47.21,20,1
1222.09,47.18,20,1
1222.22,47.19,20,1
1222.34,47.2,20,1
1222.46,47.19,20,1
1222.58,47.19,20,1
1222.7,47.2,20,1
1222.83,47.19,20,1
1222.95,47.19,20,1
1223.07,47.18,20,1
1223.19,47.19,20,1
1223.32,47.18,20,1
1223.44,47.18,20,1
1223.56,47.17,20,1
1223.68,47.17,20,1
1223.8,47.17,20,1
1223.93,47.17,20,1
1224.05,47.16,20,1
1224.17,47.16,20,1
1224.29,47.16,20,1
1224.42,47.16,20,1
1224.54,47.16,20,1
1224.66,47.15,20,1
1224.78,47.15,20,1
1224.91,47.14,20,1
1225.03,47.14,20,1
1225.15,47.15,20,1
1225.27,47.13,20,1
1225.39,47.14,20,1
1225.52,47.14,20,1
1225.64,47.14,20,1
1225.76,47.14,20,1
1225.88,47.13,20,1
1226.01,47.15,20,1
1226.13,47.14,20,1
1226.25,47.14,20,1
1226.37,47.11,20,1
1226.49,47.13,20,1
1226.61,47.12,20,1
1226.74,47.12,20,1
1226.86,47.11,20,1
1226.98,47.12,20,1
1227.1,47.12,20,1
1227.23,47.11,20,1
1227.35,47.11,20,1
1227.47,47.11,20,1
1227.59,47.1,20,1
1227.72,47.09,20,1
1227.84,47.11,20,1
1227.96,47.08,20,1
1228.08,47.1,20,1
1228.2,47.09,20,1
1228.33,47.09,20,1
1228.45,47.09,20,1
1228.57,47.1,20,1
1228.69,47.08,20,1
1228.82,47.1,20,1
1228.94,47.07,20,1
1229.06,47.09,20,1
1229.18,47.08,20,1
1229.3,47.09,20,1
1229.43,47.07,20,1
1229.55,47.08,20,1
1229.67,47.07,20,1
1229.79,47.08,20,1
1229.92,47.07,20,1
1230.04,47.07,20,1
1230.16,47.06,20,1
1230.28,47.08,20,1
1230.4,47.06,20,1
1230.53,47.06,20,1
1230.65,47.06,20,1
1230.77,47.07,20,1
1230.89,47.05,20,1
1231.02,47.05,20,1
1231.14,47.06,20,1
1231.26,47.05,20,1
1231.38,47.06,20,1
1231.51,47.04,20,1
1231.63,47.06,20,1
1231.75,47.05,20,1
1231.87,47.05,20,1
1231.99,47.04,20,1
1232.11,47.05,20,1
1232.24,47.03,20,1
1232.36,47.03,20,1
1232.48,47.03,20,1
1232.6,47.03,20,1
1232.73,47.03,20,1
1232.85,47.03,20,1
1232.97,47.02,20,1
1233.09,47.03,20,1
1233.22,47.02,20,1
1233.34,47.03,20,1
1233.46,47.03,20,1
1233.58,47.03,20,1
1233.7,47.02,20,1
1233.83,47.01,20,1
1233.95,47.01,20,1
1234.07,47.01,20,1
1234.19,47.01,20,1
1234.32,47.0,20,1
1234.44,47.02,20,1
1234.56,47.0,20,1
1234.68,47.01,20,1
1234.8,47.0,20,1
1234.93,47.01,20,1
1235.05,47.01,20,1
1235.17,47.0,20,1
1235.29,46.97,20,1
1235.42,47.0,20,1
1235.54,46.99,20,1
1235.66,47.0,20,1
1235.78,46.98,20,1
1235.9,46.98,20,1
1236.03,46.98,20,1
1236.15,46.97,20,1
1236.27,46.99,20,1
1236.39,46.97,20,1
1236.52,46.98,20,1
1236.64,46.97,20,1
1236.76,46.98,20,1
1236.88,46.98,20,1
1237.0,46.99,20,1
1237.13,46.96,20,1
1237.25,46.98,20,1
1237.37,46.96,20,1
1237.49,46.98,20,1
1237.61,46.97,20,1
1237.74,46.98,20,1
1237.86,46.96,20,1
1237.98,46.97,20,1
1238.1,46.96,20,1
1238.23,46.96,20,1
1238.35,46.96,20,1
1238.47,46.96,20,1
1238.59,46.95,20,1
1238.71,46.94,20,1
1238.84,46.95,20,1
1238.96,46.94,20,1
1239.08,46.95,20,1
1239.2,46.94,20,1
1239.33,46.95,20,1
1239.45,46.95,20,1
1239.57,46.95,20,1
1239.69,46.95,20,1
1239.82,46.95,20,1
1239.94,46.94,20,1
1240.06,46.95,20,1
1240.18,46.94,20,1
1240.3,46.94,20,1
1240.43,46.93,20,1
1240.55,46.95,20,1
1240.67,46.93,20,1
1240.79,46.93,20,1
1240.92,46.93,20,1
1241.04,46.93,20,1
1241.16,46.93,20,1
1241.28,46.94,20,1
1241.4,46.92,20,1
1241.53,46.93,20,1
1241.65,46.92,20,1
1241.77,46.91,20,1
1241.89,46.92,20,1
1242.02,46.9,20,1
1242.14,46.92,20,1
1242.26,46.93,20,1
1242.38,46.92,20,1
1242.5,46.91,20,1
1242.63,46.92,20,1
1242.75,46.92,20,1
1242.87,46.93,20,1
1242.99,46.91,20,1
1243.11,46.91,20,1
1243.24,46.91,20,1
1243.36,46.91,20,1
1243.48,46.89,20,1
1243.6,46.9,20,1
1243.73,46.89,20,1
1243.85,46.91,20,1
1243.97,46.89,20,1
1244.09,46.91,20,1
1244.21,46.9,20,1
1244.34,46.9,20,1
1244.46,46.89,20,1
1244.58,46.88,20,1
1244.7,46.9,20,1
1244.83,46.9,20,1
1244.95,46.89,20,1
1245.07,46.88,20,1
1245.19,46.89,20,1
1245.31,46.9,20,1
1245.44,46.89,20,1
1245.56,46.9,20,1
1245.68,46.9,20,1
1245.8,46.89,20,1
1245.93,46.89,20,1
1246.05,46.89,20,1
1246.17,46.89,20,1
1246.29,46.88,20,1
1246.42,46.88,20,1
1246.54,46.87,20,1
1246.66,46.88,20,1
1246.78,46.86,20,1
1246.9,46.88,20,1
1247.03,46.88,20,1
1247.15,46.88,20,1
1247.27,46.85,20,1
1247.39,46.88,20,1
1247.52,46.87,20,1
1247.64,46.86,20,1
1247.76,46.85,20,1
1247.88,46.86,20,1
1248.0,46.86,20,1
1248.13,46.87,20,1
1248.25,46.85,20,1
1248.37,46.86,20,1
1248.49,46.88,20,1
1248.61,46.85,20,1
1248.74,46.86,20,1
1248.86,46.87,20,1
1248.98,46.86,20,1
1249.1,46.86,20,1
1249.23,46.86,20,1
1249.35,46.85,20,1
1249.47,46.85,20,1
1249.59,46.85,20,1
1249.71,46.85,20,1
1249.84,46.84,20,1
1249.96,46.85,20,1
1250.08,46.84,20,1
1250.2,46.85,20,1
1250.33,46.84,20,1
1250.45,46.83,20,1
1250.57,46.84,20,1
1250.69,46.83,20,1
1250.81,46.83,20,1
1250.94,46.84,20,1
1251.06,46.84,20,1
1251.18,46.84,20,1
1251.3,46.84,20,1
1251.43,46.83,20,1
1251.55,46.84,20,1
1251.67,46.81,20,1
1251.79,46.83,20,1
1251.92,46.83,20,1
1252.04,46.84,20,1
1252.16,46.83,20,1
1252.28,46.82,20,1
1252.4,46.81,20,1
1252.53,46.83,20,1
1252.65,46.83,20,1
1252.77,46.82,20,1
1252.89,46.82,20,1
1253.02,46.82,20,1
1253.14,46.82,20,1
1253.26,46.81,20,1
1253.38,46.81,20,1
1253.5,46.82,20,1
1253.63,46.81,20,1
1253.75,46.8,20,1
1253.87,46.8,20,1
1253.99,46.83,20,1
1254.11,46.83,20,1
1254.24,46.79,20,1
1254.36,46.82,20,1
1254.48,46.79,20,1
1254.6,46.81,20,1
1254.73,46.8,20,1
1254.85,46.8,20,1
1254.97,46.82,20,1
1255.09,46.81,20,1
1255.21,46.79,20,1
1255.34,46.83,20,1
1255.46,46.8,20,1
1255.58,46.81,20,1
1255.7,46.81,20,1
1255.83,46.77,20,1
1255.95,46.79,20,1
1256.07,46.8,20,1
1256.19,46.81,20,1
1256.31,46.77,20,1
1256.44,46.8,20,1
1256.56,46.79,20,1
1256.68,46.8,20,1
1256.8,46.8,20,1
1256.93,46.79,20,1
1257.05,46.79,20,1
1257.17,46.8,20,1
1257.29,46.77,20,1
1257.41,46.79,20,1
1257.54,46.78,20,1
1257.66,46.81,20,1
1257.78,46.8,20,1
1257.9,46.79,20,1
1258.03,46.78,20,1
1258.15,46.78,20,1
1258.27,46.77,20,1
1258.39,46.77,20,1
1258.52,46.77,20,1
1258.64,46.81,20,1
1258.76,46.77,20,1
1258.88,46.78,20,1
1259.0,46.77,20,1
1259.13,46.76,20,1
1259.25,46.76,20,0
1259.37,46.78,20,0
1259.49,46.78,20,0
1259.61,46.75,20,0
1259.74,46.77,20,0
1259.86,46.76,20,0
1259.98,46.74,20,0
1260.1,46.75,20,0
1260.23,46.73,20,0
1260.35,46.72,20,0
1260.47,46.71,20,0
1260.59,46.7,20,0
1260.71,46.67,20,0
1260.84,46.64,20,0
1260.96,46.61,20,0
1261.08,46.58,20,0
1261.2,46.58,20,0
1261.33,46.53,20,0
1261.45,46.49,20,0
1261.57,46.47,20,0
1261.69,46.46,20,0
1261.81,46.38,20,0
1261.94,46.39,20,0
1262.06,46.34,20,0
1262.18,46.28,20,0
1262.3,46.26,20,0
1262.43,46.23,20,0
1262.55,46.22,20,0
1262.67,46.17,20,0
1262.79,46.12,20,0
1262.92,46.11,20,0
1263.04,46.06,20,0
1263.16,46.03,20,0
1263.28,45.99,20,0
1263.4,45.96,20,0
1263.53,45.91,20,0
1263.65,45.87,20,0
1263.77,45.83,20,0
1263.89,45.81,20,0
1264.02,45.77,20,0
1264.14,45.73,20,0
1264.26,45.69,20,0
1264.38,45.66,20,0
1264.5,45.62,20,0
1264.63,45.58,20,0
1264.75,45.54,20,0
1264.87,45.51,20,0
1264.99,45.46,20,0
1265.11,45.43,20,0
1265.24,45.4,20,0
1265.36,45.37,20,0
1265.48,45.35,20,0
1265.6,45.29,20,0
1265.73,45.26,20,0
1265.85,45.2,20,0
1265.97,45.19,20,0
1266.09,45.16,20,0
1266.21,45.11,20,0
1266.34,45.08,20,0
1266.46,45.06,20,0
1266.58,45.01,20,0
1266.7,45.0,20,0
1266.83,44.95,20,0
1266.95,44.93,20,0
1267.07,44.87,20,0
1267.19,44.84,20,0
1267.31,44.82,20,0
1267.44,44.81,20,0
1267.56,44.75,20,0
1267.68,44.7,20,0
1267.8,44.66,20,0
1267.93,44.66,20,0
1268.05,44.62,20,0
1268.17,44.59,20,0
1268.29,44.54,20,0
1268.42,44.53,20,0
1268.54,44.51,20,0
1268.66,44.45,20,0
1268.78,44.43,20,0
1268.9,44.38,20,0
1269.03,44.39,20,0
1269.15,44.35,20,0
1269.27,44.31,20,0
1269.39,44.27,20,0
1269.52,44.29,20,0
1269.64,44.22,20,0
1269.76,44.21,20,0
1269.88,44.15,20,0
1270.0,44.14,20,0
1270.13,44.1,20,0
1270.25,44.07,20,0
1270.37,44.05,20,0
1270.49,44.02,20,0
1270.61,43.99,20,0
1270.74,43.95,20,0
1270.86,43.93,20,0
1270.98,43.91,20,0
1271.1,43.89,20,0
1271.23,43.83,20,0
1271.35,43.83,20,0
1271.47,43.81,20,0
1271.59,43.78,20,0
1271.71,43.75,20,0
1271.84,43.73,20,0
1271.96,43.69,20,0
1272.08,43.67,20,0
1272.2,43.63,20,0
1272.33,43.61,20,0
1272.45,43.59,20,0
1272.57,43.58,20,0
1272.69,43.52,20,0
1272.81,43.52,20,0
1272.94,43.47,20,0
1273.06,43.44,20,0
1273.18,43.43,20,0
1273.3,43.42,20,0
1273.43,43.38,20,0
1273.55,43.36,20,0
1273.67,43.33,20,0
1273.79,43.3,20,0
1273.91,43.29,20,0
1274.04,43.25,20,0
1274.16,43.24,20,0
1274.28,43.2,20,0
1274.4,43.19,20,0
1274.53,43.15,20,0
1274.65,43.15,20,0
1274.77,43.11,20,0
1274.89,43.09,20,0
1275.02,43.06,20,0
1275.14,43.05,20,0
1275.26,43.01,20,0
1275.38,43.0,20,0
1275.5,42.98,20,0
1275.63,42.94,20,0
1275.75,42.92,20,0
1275.87,42.9,20,0
1275.99,42.89,20,0
1276.11,42.86,20,0
1276.24,42.84,20,0
1276.36,42.8,18,0
1276.48,42.78,46,0
1276.61,42.77,125,0
1276.73,42.74,255,0
1276.85,42.72,255,0
1276.98,42.69,255,0
1277.1,42.66,255,0
1277.22,42.63,255,0
1277.34,42.57,255,0
1277.47,42.51,255,0
1277.59,42.45,255,0
1277.71,42.38,255,0
1277.84,42.29,255,0
1277.96,42.19,255,0
1278.08,42.1,255,0
1278.2,42.0,255,0
1278.33,41.89,255,0
1278.45,41.79,255,0
1278.57,41.67,255,0
1278.7,41.53,255,0
1278.82,41.41,255,0
1278.94,41.28,255,0
1279.07,41.16,255,0
1279.19,41.03,255,0
1279.31,40.9,255,0
1279.43,40.75,255,0
1279.56,40.62,255,0
1279.68,40.49,255,0
1279.8,40.33,255,0
1279.93,40.2,255,0
1280.05,40.05,255,0
1280.17,39.91,255,0
1280.29,39.76,255,0
1280.42,39.62,255,0
1280.54,39.47,255,0
1280.66,39.33,255,0
1280.79,39.18,255,0
1280.91,39.03,255,0
1281.03,38.9,255,0
1281.16,38.74,255,0
1281.28,38.61,255,0
1281.4,38.47,255,0
1281.52,38.31,255,0
1281.65,38.17,255,0
1281.77,38.02,255,0
1281.89,37.88,255,0
1282.02,37.75,255,0
1282.14,37.6,255,0
1282.26,37.45,255,0
1282.38,37.31,255,0
1282.51,37.18,255,0
1282.63,37.04,255,0
1282.75,36.89,255,0
1282.88,36.75,255,0
1283.0,36.61,255,0
1283.12,36.47,255,0
1283.25,36.33,255,0
1283.37,36.19,255,0
1283.49,36.07,255,0
1283.61,35.93,255,0
1283.74,35.8,255,0
1283.86,35.66,255,0
1283.98,35.52,255,0
1284.11,35.39,255,0
1284.23,35.25,255,0
1284.35,35.12,255,0
1284.47,35.0,255,0
1284.6,34.87,255,0
1284.72,34.74,255,0
1284.84,34.61,255,0
1284.97,34.48,255,0
1285.09,34.35,255,0
1285.21,34.23,255,0
1285.34,34.09,255,0
1285.46,33.98,255,0
1285.58,33.85,255,0
1285.7,33.72,255,0
1285.83,33.6,255,0
1285.95,33.48,255,0
1286.07,33.37,255,0
1286.2,33.24,255,0
1286.32,33.12,255,0
1286.44,33.0,255,0
1286.56,32.89,255,0
1286.69,32.77,255,0
1286.81,32.65,255,0
1286.93,32.53,255,0
1287.06,32.41,255,0
1287.18,32.31,255,0
1287.3,32.2,255,0
1287.43,32.08,255,0
1287.55,31.96,255,0
1287.67,31.85,255,0
1287.79,31.74,255,0
1287.92,31.63,255,0
1288.04,31.52,255,0
1288.16,31.4,255,0
1288.29,31.3,255,0
1288.41,31.19,255,0
1288.53,31.08,255,0
1288.65,30.97,255,0
1288.78,30.86,255,0
1288.9,30.75,255,0
1289.02,30.65,255,0
1289.15,30.54,255,0
1289.27,30.43,255,0
1289.39,30.33,255,0
1289.52,30.22,255,0
1289.64,30.12,255,0
1289.76,30.02,255,0
1289.88,29.91,255,0
1290.01,29.8,255,0
1290.13,29.7,255,0
1290.25,29.6,255,0
1290.38,29.5,255,0
1290.5,29.4,255,0
1290.62,29.3,255,0
1290.74,29.2,255,0
1290.87,29.1,255,0
1290.99,29.0,255,0
1291.11,28.9,255,0
1291.24,28.8,255,0
1291.36,28.71,255,0
1291.48,28.61,255,0
1291.61,28.52,255,0
1291.73,28.41,255,0
1291.85,28.32,255,0
1291.97,28.23,255,0
1292.1,28.13,255,0
1292.22,28.03,255,0
1292.34,27.94,255,0
1292.47,27.85,255,0
1292.59,27.76,255,0
1292.71,27.66,255,0
1292.83,27.57,255,0
1292.96,27.48,255,0
1293.08,27.38,255,0
1293.2,27.3,255,0
1293.33,27.2,255,0
1293.45,27.11,255,0
1293.57,27.03,255,0
1293.7,26.94,255,0
1293.82,26.84,255,0
1293.94,26.76,255,0
1294.06,26.67,255,0
1294.19,26.57,255,0
1294.31,26.48,255,0
1294.43,26.4,255,0
1294.56,26.31,255,0
1294.68,26.22,255,0
1294.8,26.13,255,0
1294.92,26.04,255,0
1295.05,25.96,255,0
1295.17,25.87,255,0
1295.29,25.78,255,0
1295.42,25.7,255,0
1295.54,25.61,255,0
1295.66,25.52,255,0
1295.79,25.44,255,0
1295.91,25.35,255,0
1296.03,25.26,255,0
1296.15,25.18,255,0
1296.28,25.09,255,0
1296.4,25.01,255,0
1296.52,24.92,255,0
1296.65,24.84,255,0
1296.77,24.76,255,0
1296.89,24.67,255,0
1297.01,24.58,255,0
1297.14,24.5,255,0
1297.26,24.42,255,0
1297.38,24.34,255,0
1297.51,24.25,255,0
1297.63,24.17,255,0
1297.75,24.09,255,0
1297.88,24.0,255,0
1298.0,23.93,255,0
1298.12,23.84,255,0
1298.24,23.76,255,0
1298.37,23.68,255,0
1298.49,23.6,255,0
1298.61,23.52,255,0
1298.74,23.43,255,0
1298.86,23.36,255,0
1298.98,23.27,255,0
1299.1,23.2,255,0
1299.23,23.11,255,0
1299.35,23.03,255,0
1299.47,22.95,255,0
1299.6,22.87,255,0
1299.72,22.79,255,0
1299.84,22.71,255,0
1299.96,22.64,255,0
1300.09,22.56,255,0
1300.21,22.48,255,0
1300.33,22.4,255,0
1300.46,22.32,255,0
1300.58,22.24,255,0
1300.7,22.16,255,0
1300.83,22.08,255,0
1300.95,22.01,255,0
1301.07,21.93,255,0
1301.19,21.85,255,0
1301.32,21.77,255,0
1301.44,21.69,255,0
1301.56,21.62,255,0
1301.69,21.55,255,0
1301.81,21.46,255,0
1301.93,21.39,255,0
1302.06,21.31,255,0
1302.18,21.23,255,0
1302.3,21.15,255,0
1302.42,21.07,255,0
1302.55,21.01,255,0
1302.67,20.93,255,0
1302.79,20.85,255,0
1302.92,20.78,255,0
1303.04,20.7,255,0
1303.16,20.63,255,0
1303.28,20.55,255,0
1303.41,20.47,255,0
1303.53,20.4,255,0
1303.65,20.32,255,0
1303.78,20.25,255,0
1303.9,20.17,255,0
1304.02,20.1,255,0
1304.15,20.02,255,0
1304.27,19.95,255,0
1304.39,19.88,255,0
1304.51,19.8,255,0
1304.64,19.72,255,0
1304.76,19.66,255,0
1304.88,19.59,255,0
1305.01,19.51,255,0
1305.13,19.44,255,0
1305.25,19.36,255,0
1305.37,19.29,255,0
1305.5,19.22,255,0
1305.62,19.15,255,0
1305.74,19.08,255,0
1305.87,19.0,255,0
1305.99,18.93,255,0
1306.11,18.86,255,0
1306.23,18.79,255,0
1306.36,18.72,255,0
1306.48,18.65,255,0
1306.6,18.57,255,0
1306.73,18.51,255,0
1306.85,18.43,255,0
1306.97,18.36,255,0
1307.1,18.3,255,0
1307.22,18.23,255,0
1307.34,18.16,255,0
1307.46,18.09,255,0
1307.59,18.02,255,0
1307.71,17.95,255,0
1307.83,17.87,255,0
1307.96,17.81,255,0
1308.08,17.74,255,0
1308.2,17.67,255,0
1308.32,17.6,255,0
1308.45,17.53,255,0
1308.57,17.47,255,0
1308.69,17.39,255,0
1308.82,17.33,255,0
1308.94,17.26,255,0
1309.06,17.2,255,0
1309.19,17.12,255,0
1309.31,17.06,255,0
1309.43,16.99,255,0
1309.55,16.92,255,0
1309.68,16.86,255,0
1309.8,16.79,255,0
1309.92,16.73,255,0
1310.05,16.65,255,0
1310.17,16.59,255,0
1310.29,16.53,255,0
1310.42,16.46,255,0
1310.54,16.4,255,0
1310.66,16.33,255,0
1310.78,16.26,255,0
1310.91,16.2,255,0
1311.03,16.14,255,0
1311.15,16.07,255,0
1311.28,16.01,255,0
1311.4,15.94,255,0
1311.52,15.88,255,0
1311.64,15.82,255,0
1311.77,15.75,255,0
1311.89,15.68,255,0
1312.01,15.62,255,0
1312.14,15.56,255,0
1312.26,15.49,255,0
1312.38,15.44,255,0
1312.51,15.37,255,0
1312.63,15.31,255,0
1312.75,15.25,255,0
1312.87,15.18,255,0
1313.0,15.12,255,0
1313.12,15.05,255,0
1313.24,14.99,255,0
1313.37,14.94,255,0
1313.49,14.87,255,0
1313.61,14.81,255,0
1313.73,14.75,255,0
1313.86,14.69,255,0
1313.98,14.63,255,0
1314.1,14.56,255,0
1314.23,14.5,255,0
1314.35,14.44,255,0
1314.47,14.38,255,0
1314.59,14.32,255,0
1314.72,14.26,255,0
1314.84,14.19,255,0
1314.96,14.14,255,0
1315.09,14.08,255,0
1315.21,14.01,255,0
1315.33,13.95,255,0
1315.46,13.89,255,0
1315.58,13.83,255,0
1315.7,13.77,255,0
1315.82,13.71,255,0
1315.95,13.66,255,0
1316.07,13.6,255,0
1316.19,13.54,255,0
1316.32,13.47,255,0
1316.44,13.42,255,0
1316.56,13.36,255,0
1316.69,13.3,255,0
1316.81,13.24,255,0
1316.93,13.18,255,0
1317.05,13.12,255,0
1317.18,13.06,255,0
1317.3,13.01,255,0
1317.42,12.95,255,0
1317.55,12.89,255,0
1317.67,12.83,255,0
1317.79,12.77,255,0
1317.91,12.71,255,0
1318.04,12.67,255,0
1318.16,12.6,255,0
1318.28,12.54,255,0
1318.41,12.49,255,0
1318.53,12.43,255,0
1318.65,12.37,255,0
1318.78,12.32,255,0
1318.9,12.26,255,0
1319.02,12.19,255,0
1319.14,12.15,255,0
1319.27,12.1,255,0
1319.39,12.04,255,0
1319.51,11.98,255,0
1319.64,11.93,255,0
1319.76,11.87,255,0
1319.88,11.81,255,0
1320.0,11.76,255,0
1320.13,11.7,255,0
1320.25,11.64,255,0
1320.37,11.59,255,0
1320.5,11.53,255,0
1320.62,11.48,255,0
1320.74,11.42,255,0
1320.86,11.36,255,0
1320.99,11.31,255,0
1321.11,11.26,255,0
1321.23,11.2,255,0
1321.36,11.15,255,0
1321.48,11.09,255,0
1321.6,11.04,255,0
1321.72,10.99,255,0
1321.85,10.94,255,0
1321.97,10.89,255,0
1322.09,10.82,255,0
1322.22,10.78,255,0
1322.34,10.72,255,0
1322.46,10.66,255,0
1322.59,10.61,255,0
1322.71,10.56,255,0
1322.83,10.5,255,0
1322.95,10.45,255,0
1323.08,10.4,255,0
1323.2,10.35,255,0
1323.32,10.29,255,0
1323.45,10.24,255,0
1323.57,10.19,255,0
1323.69,10.14,255,0
1323.81,10.09,255,0
1323.94,10.03,255,0
1324.06,9.98,255,0
1324.18,9.93,255,0
1324.31,9.88,255,0
1324.43,9.84,255,0
1324.55,9.78,255,0
1324.67,9.72,255,0
1324.8,9.69,255,0
1324.92,9.62,255,0
1325.04,9.58,255,0
1325.16,9.53,255,0
1325.28,9.48,255,0
1325.41,9.42,255,0
1325.53,9.38,255,0
1325.65,9.32,255,0
1325.77,9.27,255,0
1325.9,9.23,255,0
1326.02,9.17,255,0
1326.14,9.13,255,0
1326.26,9.07,255,0
1326.39,9.02,255,0
1326.51,8.97,255,0
1326.63,8.93,255,0
1326.75,8.87,255,0
1326.87,8.83,255,0
1327.0,8.77,255,0
1327.12,8.74,255,0
1327.24,8.68,255,0
1327.36,8.63,255,0
1327.48,8.59,255,0
1327.61,8.53,255,0
1327.73,8.49,255,0
1327.85,8.44,255,0
1327.97,8.39,255,0
1328.1,8.35,255,0
1328.22,8.29,255,0
1328.34,8.26,255,0
1328.46,8.2,255,0
1328.58,8.16,255,0
1328.71,8.1,255,0
1328.83,8.06,255,0
1328.95,8.01,255,0
1329.07,7.97,255,0
1329.2,7.91,255,0
1329.32,7.88,255,0
1329.44,7.83,255,0
1329.56,7.78,255,0
1329.69,7.72,255,0
1329.81,7.7,255,0
1329.93,7.63,255,0
1330.05,7.6,255,0
1330.17,7.54,255,0
1330.3,7.49,255,0
1330.42,7.45,255,0
1330.54,7.4,255,0
1330.66,7.36,255,0
1330.79,7.31,255,0
1330.91,7.28,255,0
1331.03,7.22,255,0
1331.15,7.17,255,0
1331.27,7.14,255,0
1331.4,7.09,255,0
1331.52,7.04,255,0
1331.64,7.0,255,0
1331.76,6.95,255,0
1331.89,6.91,255,0
1332.01,6.86,255,0
1332.13,6.82,255,0
1332.25,6.79,255,0
1332.37,6.73,255,0
1332.5,6.68,255,0
1332.62,6.63,255,0
1332.74,6.59,255,0
1332.86,6.55,255,0
1332.98,6.51,255,0
1333.11,6.46,255,0
1333.23,6.41,255,0
1333.35,6.37,255,0
1333.47,6.32,255,0
1333.6,6.28,255,0
1333.72,6.25,255,0
1333.84,6.2,255,0
1333.96,6.15,255,0
1334.08,6.1,255,0
1334.21,6.06,255,0
1334.33,6.02,255,0
1334.45,5.99,255,0
1334.57,5.94,255,0
1334.7,5.9,255,0
1334.82,5.84,255,0
1334.94,5.8,255,0
1335.06,5.76,255,0
1335.19,5.72,255,0
1335.31,5.68,255,0
1335.43,5.64,255,0
1335.55,5.59,255,0
1335.67,5.55,255,0
1335.8,5.51,255,0
1335.92,5.45,255,0
1336.04,5.43,255,0
1336.16,5.38,255,0
1336.29,5.35,255,0
1336.41,5.29,255,0
1336.53,5.25,255,0
1336.65,5.21,255,0
1336.77,5.17,255,0
1336.9,5.13,255,0
1337.02,5.08,255,0
1337.14,5.06,255,0
1337.26,5.0,255,0
1337.38,4.96,255,0
1337.51,4.91,255,0
1337.63,4.9,255,0
1337.75,4.84,255,0
1337.87,4.79,255,0
1338.0,4.74,255,0
1338.12,4.7,255,0
1338.24,4.66,255,0
1338.36,4.63,255,0
1338.48,4.58,255,0
1338.61,4.56,255,0
1338.73,4.51,255,0
1338.85,4.46,255,0
1338.97,4.43,255,0
1339.1,4.39,255,0
1339.22,4.34,255,0
1339.34,4.31,255,0
1339.46,4.26,255,0
1339.58,4.23,255,0
1339.71,4.19,255,0
1339.83,4.14,255,0
1339.95,4.1,255,0
1340.07,4.07,255,0
1340.2,4.03,255,0
1340.32,3.99,255,0
1340.44,3.94,255,0
1340.56,3.91,255,0
1340.69,3.88,255,0
1340.81,3.83,255,0
1340.93,3.79,255,0
1341.05,3.74,255,0
1341.17,3.71,255,0
1341.3,3.67,255,0
1341.42,3.64,255,0
1341.54,3.59,255,0
1341.66,3.56,255,0
1341.79,3.51,255,0
1341.91,3.47,255,0
1342.03,3.44,255,0
1342.15,3.39,255,0
1342.27,3.36,255,0
1342.4,3.33,255,0
1342.52,3.27,255,0
1342.64,3.25,255,0
1342.76,3.2,255,0
1342.88,3.16,255,0
1343.01,3.13,255,0
1343.13,3.09,255,0
1343.25,3.06,255,0
1343.37,3.01,255,0
1343.5,2.98,255,0
1343.62,2.95,255,0
1343.74,2.91,255,0
1343.86,2.87,255,0
1343.98,2.83,255,0
1344.11,2.79,255,0
1344.23,2.75,255,0
1344.35,2.72,255,0
1344.47,2.69,255,0
1344.59,2.66,255,0
1344.72,2.61,255,0
1344.84,2.57,255,0
1344.96,2.54,255,0
1345.08,2.52,255,0
1345.21,2.48,255,0
1345.33,2.45,255,0
1345.45,2.4,255,0
1345.57,2.37,255,0
1345.69,2.33,255,0
1345.82,2.31,255,0
1345.94,2.28,255,0
1346.06,2.23,255,0
1346.19,2.19,255,0
1346.31,2.16,255,0
1346.43,2.13,255,0
1346.55,2.08,255,0
1346.67,2.06,255,0
1346.8,2.02,255,0
1346.92,1.99,255,0
1347.04,1.94,255,0
1347.16,1.92,255,0
1347.28,1.89,255,0
1347.41,1.84,255,0
1347.53,1.81,255,0
1347.65,1.78,255,0
1347.77,1.74,255,0
1347.9,1.7,255,0
1348.02,1.67,255,0
1348.14,1.63,255,0
1348.26,1.6,255,0
1348.39,1.57,255,0
1348.51,1.54,255,0
1348.63,1.48,255,0
1348.75,1.47,255,0
1348.88,1.42,255,0
1349.0,1.4,255,0
1349.12,1.34,255,0
1349.24,1.32,255,0
1349.36,1.28,255,0
1349.49,1.27,223,0
1349.61,1.22,76,0
1349.73,1.21,39,0
1349.86,1.15,6,0
1349.98,1.11,4,0
1350.1,1.13,10,0
1350.22,1.09,10,0
1350.35,1.09,10,0
1350.47,1.09,17,0
1350.59,1.12,20,0
1350.72,1.16,21,0
1350.84,1.18,22,0
1350.96,1.2,23,0
1351.08,1.27,22,0
1351.21,1.35,20,0
1351.33,1.39,20,0
1351.45,1.43,20,0
1351.57,1.55,20,0
1351.69,1.62,20,0
1351.82,1.69,20,0
1351.94,1.74,20,0
1352.06,1.86,20,0
1352.18,1.96,20,0
1352.31,2.02,20,0
1352.43,2.1,20,0
1352.55,2.24,24,0
1352.68,2.3,30,0
1352.8,2.4,43,0
1352.92,2.49,51,0
1353.04,2.59,56,0
1353.17,2.7,56,0
1353.29,2.79,56,0
1353.41,2.9,56,0
1353.53,2.99,56,0
1353.66,3.06,56,0
1353.78,3.16,56,0
1353.9,3.25,56,0
1354.02,3.34,56,0
1354.14,3.43,56,0
1354.27,3.49,56,0
1354.39,3.61,56,0
1354.51,3.68,56,0
1354.63,3.79,56,0
1354.76,3.88,56,0
1354.88,3.93,56,0
1355.0,4.06,56,0
1355.12,4.11,56,0
1355.24,4.13,56,0
1355.37,4.2,56,0
1355.49,4.33,56,0
1355.61,4.4,56,0
1355.73,4.48,56,0
1355.85,4.51,56,0
1355.98,4.59,56,0
1356.1,4.68,56,0
1356.22,4.73,56,0
1356.34,4.79,56,0
1356.47,4.89,56,0
1356.59,4.94,56,0
1356.71,5.02,56,0
1356.83,5.07,56,0
1356.95,5.16,56,0
1357.08,5.2,56,0
1357.2,5.3,56,0
1357.32,5.34,56,0
1357.44,5.43,56,0
1357.57,5.46,56,0
1357.69,5.54,56,0
1357.81,5.59,56,0
1357.93,5.64,56,0
1358.06,5.71,56,0
1358.18,5.79,56,0
1358.3,5.83,56,0
1358.42,5.9,56,0
1358.54,5.96,56,0
1358.67,6.01,56,0
1358.79,6.07,56,0
1358.91,6.12,56,0
1359.03,6.19,56,0
1359.16,6.25,56,0
1359.28,6.29,56,0
1359.4,6.33,56,0
1359.52,6.42,56,0
1359.64,6.46,56,0
1359.77,6.51,56,0
1359.89,6.57,56,0
1360.01,6.62,56,0
1360.13,6.67,56,0
1360.25,6.74,56,0
1360.38,6.77,56,0
1360.5,6.84,56,0
1360.62,6.87,56,0
1360.74,6.93,56,0
1360.87,6.97,56,0
1360.99,7.03,56,0
1361.11,7.07,56,0
1361.23,7.12,56,0
1361.35,7.18,56,0
1361.48,7.22,56,0
1361.6,7.28,56,0
1361.72,7.32,56,0
1361.84,7.37,56,0
1361.97,7.42,56,0
1362.09,7.46,56,0
1362.21,7.51,56,0
1362.33,7.57,56,0
1362.45,7.59,56,0
1362.58,7.64,56,0
1362.7,7.68,56,0
1362.82,7.74,56,0
1362.94,7.79,56,0
1363.07,7.82,56,0
1363.19,7.88,56,0
1363.31,7.92,56,0
1363.43,7.97,56,0
1363.56,8.01,56,0
1363.68,8.04,56,0
1363.8,8.1,56,0
1363.92,8.13,56,0
1364.04,8.19,56,0
1364.17,8.21,56,0
1364.29,8.26,56,0
1364.41,8.31,56,0
1364.53,8.34,56,0
1364.66,8.4,56,0
1364.78,8.43,56,0
1364.9,8.47,56,0
1365.02,8.52,56,0
1365.14,8.55,56,0
1365.27,8.59,56,0
1365.39,8.64,56,0
1365.51,8.68,56,0
1365.63,8.73,56,0
1365.75,8.75,56,0
1365.88,8.8,56,0
1366.0,8.83,56,0
1366.12,8.88,56,0
1366.24,8.91,56,0
1366.37,8.96,56,0
1366.49,8.99,56,0
1366.61,9.03,56,0
1366.73,9.07,56,0
1366.85,9.11,56,0
1366.98,9.15,56,0
1367.1,9.19,56,0
1367.22,9.23,56,0
1367.34,9.26,56,0
1367.46,9.29,56,0
1367.59,9.32,56,0
1367.71,9.37,56,0
1367.83,9.4,56,0
1367.95,9.43,56,0
1368.08,9.47,56,0
1368.2,9.51,56,0
1368.32,9.55,56,0
1368.44,9.57,56,0
1368.56,9.63,56,0
1368.69,9.65,56,0
1368.81,9.68,56,0
1368.93,9.72,56,0
1369.06,9.79,56,0
1369.18,9.81,56,0
1369.3,9.84,56,0
1369.42,9.89,56,0
1369.54,9.91,56,0
1369.67,9.94,56,0
1369.79,9.97,56,0
1369.91,10.02,56,0
1370.03,10.04,56,0
1370.16,10.11,56,0
1370.28,10.1,56,0
1370.4,10.12,56,0
1370.52,10.16,56,0
1370.64,10.2,56,0
1370.77,10.25,56,0
1370.89,10.26,56,0
1371.01,10.32,56,0
1371.13,10.33,56,0
1371.25,10.52,56,0
1371.38,10.71,56,0
1371.5,11.26,56,0
1371.62,10.46,56,0
1371.74,10.48,56,0
1371.87,10.53,56,0
1371.99,10.55,56,0
1372.11,14.23,56,0
1372.23,11.09,56,0
1372.35,10.81,56,0
1372.48,10.69,56,0
1372.6,10.71,56,0
1372.72,10.74,56,0
1372.84,10.78,56,0
1372.97,10.81,56,0
1373.09,10.94,56,0
1373.21,10.85,56,0
1373.33,10.89,56,0
1373.46,10.91,56,0
1373.58,10.95,56,0
1373.7,10.97,56,0
1373.82,11.0,56,0
1373.94,11.03,56,0
1374.07,11.06,56,0
1374.19,11.09,56,0
1374.31,11.14,56,0
1374.43,11.16,56,0
1374.56,11.18,56,0
1374.68,11.21,56,0
1374.8,11.25,56,0
1374.92,11.28,56,0
1375.05,11.31,56,0
1375.17,11.34,56,0
1375.29,11.35,56,0
1375.41,11.37,56,0
1375.53,11.42,56,0
1375.66,11.44,56,0
1375.78,11.48,56,0
1375.9,11.51,56,0
1376.02,11.53,56,0
1376.15,11.55,56,0
1376.27,11.59,56,0
1376.39,11.62,56,0
1376.51,11.64,56,0
1376.63,11.67,56,0
1376.76,11.69,56,0
1376.88,11.72,56,0
1377.0,11.76,56,0
1377.12,11.78,56,0
1377.25,11.81,56,0
1377.37,11.85,56,0
1377.49,11.86,56,0
1377.61,11.89,56,0
1377.73,11.92,56,0
1377.86,11.96,56,0
1377.98,11.97,56,0
1378.1,11.99,56,0
1378.22,12.04,56,0
1378.35,12.07,56,0
1378.47,12.09,56,0
1378.59,12.14,56,0
1378.71,12.14,56,0
1378.83,12.17,56,0
1378.96,12.2,56,0
1379.08,12.27,56,0
1379.2,12.29,56,0
1379.32,12.28,56,0
1379.45,12.31,56,0
1379.57,12.35,56,0
1379.69,12.35,56,0
1379.81,12.38,56,0
1379.94,13.33,56,0
1380.06,12.44,56,0
1380.18,12.45,56,0
1380.3,12.48,56,0
1380.42,12.5,56,0
1380.55,12.55,56,0
1380.67,12.57,56,0
1380.79,12.59,56,0
1380.91,12.62,56,0
1381.04,12.63,56,0
1381.16,12.66,56,0
1381.28,12.69,56,0
1381.4,12.7,56,0
1381.53,12.74,56,0
1381.65,12.75,56,0
1381.77,12.77,56,0
1381.89,12.83,56,0
1382.01,12.84,56,0
1382.14,12.85,56,0
1382.26,12.89,56,0
1382.38,12.9,56,0
1382.5,12.92,56,0
1382.63,12.94,56,0
1382.75,12.98,56,0
1382.87,13.0,56,0
1382.99,13.05,56,0
1383.11,13.05,56,0
1383.24,13.08,56,0
1383.36,13.11,56,0
1383.48,13.12,56,0
1383.6,13.16,56,0
1383.73,13.19,56,0
1383.85,13.22,56,0
1383.97,13.21,56,0
1384.09,13.24,56,0
1384.21,13.22,56,0
1384.34,13.27,56,0
1384.46,13.31,56,0
1384.58,13.34,56,0
1384.7,13.36,56,0
1384.83,13.39,56,0
1384.95,13.39,56,0
1385.07,13.43,56,0
1385.19,13.42,56,0
1385.31,13.48,56,0
1385.44,13.49,56,0
1385.56,13.49,56,0
1385.68,13.54,56,0
1385.8,13.59,56,0
1385.93,13.58,56,0
1386.05,13.62,56,0
1386.17,13.62,56,0
1386.29,13.65,56,0
1386.42,13.71,56,0
1386.54,13.71,56,0
1386.66,13.74,56,0
1386.78,13.72,56,0
1386.91,13.79,56,0
1387.03,13.79,56,0
1387.15,13.81,56,0
1387.27,13.84,56,0
1387.39,13.86,56,0
1387.52,13.88,56,0
1387.64,13.91,56,0
1387.76,13.93,56,0
1387.88,13.96,56,0
1388.01,13.97,56,0
1388.13,14.01,56,0
1388.25,14.03,56,0
1388.37,14.06,56,0
1388.49,14.07,56,0
1388.62,14.09,56,0
1388.74,14.11,56,0
1388.86,14.16,56,0
1388.98,14.17,56,0
1389.1,14.17,56,0
1389.23,14.2,56,0
1389.35,14.23,56,0
1389.47,14.24,56,0
1389.59,14.3,56,0
1389.72,14.28,56,0
1389.84,14.32,56,0
1389.96,14.33,56,0
1390.08,14.36,56,0
1390.2,14.4,56,0
1390.33,14.39,56,0
1390.45,14.39,56,0
1390.57,14.45,56,0
1390.69,14.47,56,0
1390.82,14.44,56,0
1390.94,14.48,56,0
1391.06,14.56,56,0
1391.18,14.51,56,0
1391.31,14.58,56,0
1391.43,14.57,56,0
1391.55,14.59,56,0
1391.67,14.61,56,0
1391.79,14.63,56,0
1391.92,14.66,56,0
1392.04,14.69,56,0
1392.16,14.72,56,0
1392.28,14.78,56,0
1392.41,14.77,56,0
1392.53,14.83,56,0
1392.65,14.79,56,0
1392.77,14.86,56,0
1392.89,14.84,56,0
1393.02,14.85,56,0
1393.14,14.86,56,0
1393.26,14.9,56,0
1393.38,14.93,56,0
1393.51,14.96,56,0
1393.63,14.95,56,0
1393.75,14.98,56,0
1393.87,15.03,56,0
1393.99,15.07,56,0
1394.12,15.03,56,0
1394.24,15.08,56,0
1394.36,15.09,56,0
1394.48,15.12,56,0
1394.6,15.14,56,0
1394.73,15.18,56,0
1394.85,15.17,56,0
1394.97,15.19,56,0
1395.09,15.21,56,0
1395.22,15.23,56,0
1395.34,15.24,56,0
1395.46,15.27,56,0
1395.58,15.29,56,0
1395.7,15.32,56,0
1395.83,15.35,56,0
1395.95,15.35,56,0
1396.07,15.37,56,0
1396.19,15.39,56,0
1396.32,15.4,77,0
1396.44,15.45,122,0
1396.56,15.45,147,0
1396.69,15.5,175,0
1396.81,15.48,194,0
1396.94,15.51,210,0
1397.06,15.51,214,0
1397.18,15.52,206,0
1397.31,15.54,167,0
1397.43,15.52,95,0
1397.56,15.53,64,0
1397.68,15.49,51,0
1397.8,15.48,39,0
1397.92,15.46,44,0
1398.05,15.44,100,0
1398.17,15.42,121,0
1398.3,15.42,161,0
1398.42,15.39,172,0
1398.54,15.4,174,0
1398.67,15.38,175,0
1398.79,15.37,175,0
1398.91,15.37,175,0
1399.04,15.33,175,0
1399.16,15.32,175,0
1399.28,15.27,175,0
1399.4,15.28,175,0
1399.53,15.25,175,0
1399.65,15.22,174,0
1399.78,15.2,171,0
1399.9,15.17,168,0
1400.02,15.12,160,0
1400.15,15.1,152,0
1400.27,15.07,135,0
1400.39,15.01,113,0
1400.52,14.97,100,0
1400.64,14.94,83,0
1400.77,14.9,74,0
1400.89,14.88,67,0
1401.01,14.85,61,0
1401.13,14.81,61,0
1401.26,14.78,61,0
1401.38,14.76,61,0
1401.5,14.73,61,0
1401.62,14.73,61,0
1401.75,14.71,57,1
1401.87,14.69,57,1
1401.99,14.7,57,1
1402.11,14.72,57,1
1402.23,14.71,57,1
1402.36,14.73,57,1
1402.48,14.74,57,1
1402.6,14.79,59,1
1402.72,14.85,55,1
1402.85,14.87,49,1
1402.97,14.95,39,1
1403.09,15.05,35,1
1403.22,15.09,31,1
1403.34,15.18,30,1
1403.46,15.27,27,1
1403.58,15.38,26,1
1403.71,15.46,24,1
1403.83,15.55,23,1
1403.95,15.64,22,1
1404.08,15.74,22,1
1404.2,15.82,21,1
1404.32,15.92,20,1
1404.44,16.02,20,1
1404.56,16.13,20,1
1404.69,16.23,20,1
1404.81,16.32,20,1
1404.93,16.42,20,1
1405.05,16.54,20,1
1405.18,16.6,20,1
1405.3,16.69,20,1
1405.42,16.76,20,1
1405.54,16.86,20,1
1405.67,16.96,20,1
1405.79,17.06,20,1
1405.91,17.15,20,1
1406.03,17.22,20,1
1406.15,17.3,20,1
1406.28,17.39,20,1
1406.4,17.47,20,1
1406.52,17.56,20,1
1406.64,17.65,20,1
1406.77,17.73,20,1
1406.89,17.8,20,1
1407.01,17.89,20,1
1407.13,17.99,20,1
1407.25,18.03,20,1
1407.38,18.12,20,1
1407.5,18.21,20,1
1407.62,18.28,20,1
1407.74,18.37,20,1
1407.86,18.44,20,1
1407.99,18.49,20,1
1408.11,18.6,20,1
1408.23,18.65,20,1
1408.35,18.73,20,1
1408.48,18.8,20,1
1408.6,18.86,20,1
1408.72,18.96,20,1
1408.84,19.01,20,1
1408.96,19.07,20,1
1409.09,19.15,20,1
1409.21,19.24,20,1
1409.33,19.32,20,1
1409.45,19.36,20,1
1409.58,19.41,20,1
1409.7,19.52,20,1
1409.82,19.57,20,1
1409.94,19.64,20,1
1410.06,19.73,20,1
1410.19,19.77,20,1
1410.31,19.83,24,1
1410.43,19.9,23,1
1410.56,19.99,35,1
1410.68,20.04,85,1
1410.8,20.07,131,1
1410.93,20.15,142,1
1411.05,20.2,153,1
1411.17,20.31,148,1
1411.3,20.39,104,1
1411.42,20.44,75,1
1411.55,20.57,61,1
1411.67,20.68,47,1
1411.79,20.8,37,1
1411.92,20.92,56,1
1412.04,21.04,88,1
1412.16,21.13,144,1
1412.29,21.31,163,1
1412.41,21.4,173,1
1412.53,21.53,182,1
1412.66,21.66,166,1
1412.78,21.79,83,1
1412.9,21.95,73,1
1413.03,22.12,60,1
1413.15,22.29,51,1
1413.27,22.41,61,1
1413.4,22.61,91,1
1413.52,22.79,133,1
1413.64,22.96,144,1
1413.77,23.11,151,1
1413.89,23.26,164,1
1414.02,23.44,175,1
1414.14,23.59,169,1
1414.26,23.74,157,1
1414.39,23.93,130,1
1414.51,24.09,112,1
1414.64,24.29,96,1
1414.76,24.47,82,1
1414.88,24.67,76,1
1415.01,24.84,86,1
1415.13,25.04,114,1
1415.25,25.24,144,1
1415.38,25.43,151,1
1415.5,25.62,158,1
1415.62,25.78,166,1
1415.75,25.99,171,1
1415.87,26.14,171,1
1415.99,26.32,171,1
1416.12,26.51,171,1
1416.24,26.72,171,1
1416.36,26.92,171,1
1416.48,27.08,171,1
1416.61,27.31,171,1
1416.73,27.49,171,1
1416.85,27.7,171,1
1416.98,27.93,171,1
1417.1,28.14,171,1
1417.22,28.33,171,1
1417.35,28.56,171,1
1417.47,28.8,171,1
1417.59,28.98,171,1
1417.71,29.23,171,1
1417.84,29.46,171,1
1417.96,29.65,171,1
1418.08,29.88,171,1
1418.21,30.09,169,1
1418.33,30.32,169,1
1418.45,30.54,168,1
1418.58,30.75,106,1
1418.7,30.96,54,1
1418.82,31.2,41,1
1418.95,31.42,28,1
1419.07,31.63,18,1
1419.19,31.84,18,1
1419.32,32.02,21,1
1419.44,32.22,22,1
1419.56,32.38,22,1
1419.68,32.53,22,1
1419.81,32.69,23,1
1419.93,32.84,22,1
1420.05,32.96,22,1
1420.17,33.06,22,1
1420.3,33.17,22,1
1420.42,33.27,21,1
1420.54,33.36,21,1
1420.66,33.44,21,1
1420.79,33.52,21,1
1420.91,33.58,21,1
1421.03,33.65,21,1
1421.15,33.69,21,1
1421.28,33.76,21,1
1421.4,33.8,21,1
1421.52,33.84,21,1
1421.64,33.88,21,1
1421.76,33.9,21,1
1421.89,33.93,21,1
1422.01,33.97,21,1
1422.13,33.97,21,1
1422.25,34.0,21,1
1422.37,34.01,21,1
1422.5,34.04,21,1
1422.62,34.03,21,1
1422.74,34.05,21,1
1422.86,34.06,21,1
1422.99,34.06,21,1
1423.11,34.07,21,1
1423.23,34.07,21,1
1423.35,34.08,21,1
1423.47,34.08,21,1
1423.6,34.07,21,1
1423.72,34.08,21,1
1423.84,34.08,21,1
1423.96,34.08,21,1
1424.09,34.08,21,1
1424.21,34.07,21,1
1424.33,34.06,21,1
1424.45,34.06,21,1
1424.57,34.06,21,1
1424.7,34.06,21,1
1424.82,34.06,21,1
1424.94,34.05,21,1
1425.06,34.04,21,1
1425.19,34.03,21,1
1425.31,34.04,21,1
1425.43,34.04,21,1
1425.55,34.03,21,1
1425.67,34.02,21,1
1425.8,34.02,21,1
1425.92,34.03,21,1
1426.04,34.02,21,1
1426.16,34.02,21,1
1426.29,34.03,21,1
1426.41,34.01,21,1
1426.53,34.0,21,1
1426.65,34.01,21,1
1426.78,34.0,21,1
1426.9,34.0,21,1
1427.02,34.0,21,1
1427.14,34.01,21,1
1427.26,34.0,21,1
1427.39,34.0,21,1
1427.51,34.0,21,1
1427.63,34.01,21,1
1427.75,34.01,21,1
1427.87,34.02,21,1
1428.0,34.02,21,1
1428.12,34.02,21,1
1428.24,34.01,21,1
1428.36,34.02,21,1
1428.49,34.02,21,1
1428.61,34.02,21,1
1428.73,34.04,21,1
1428.85,34.03,21,1
1428.97,34.04,21,1
1429.1,34.06,21,1
1429.22,34.05,21,1
1429.34,34.06,21,1
1429.46,34.07,21,1
1429.58,34.07,21,1
1429.71,34.08,21,1
1429.83,34.09,21,1
1429.95,34.1,21,1
1430.07,34.1,21,1
1430.2,34.11,21,1
1430.32,34.12,21,1
1430.44,34.13,21,1
1430.56,34.15,21,1
1430.69,34.14,21,1
1430.81,34.16,21,1
1430.93,34.16,21,1
1431.05,34.18,21,1
1431.18,34.18,21,1
1431.3,34.19,21,1
1431.42,34.2,21,1
1431.54,34.21,21,1
1431.66,34.24,21,1
1431.79,34.25,21,1
1431.91,34.26,21,1
1432.03,34.26,21,1
1432.15,34.28,21,1
1432.27,34.3,21,1
1432.4,34.31,21,1
1432.52,34.32,21,1
1432.64,34.33,21,1
1432.76,34.34,21,1
1432.89,34.36,21,1
1433.01,34.37,21,1
1433.13,34.39,21,1
1433.25,34.38,21,1
1433.38,34.41,21,1
1433.5,34.43,21,1
1433.62,34.44,21,1
1433.74,34.46,21,1
1433.86,34.48,21,1
1433.99,34.47,21,1
1434.11,34.49,21,1
1434.23,34.52,21,1
1434.35,34.53,21,1
1434.47,34.53,21,1
1434.6,34.56,21,1
1434.72,34.57,21,1
1434.84,34.59,21,1
1434.96,34.61,21,1
1435.09,34.64,21,1
1435.21,34.64,21,1
1435.33,34.67,21,1
1435.45,34.67,23,1
1435.58,34.71,23,1
1435.7,34.7,25,1
1435.82,34.72,28,1
1435.94,34.73,28,1
1436.07,34.75,28,1
1436.19,34.76,28,1
1436.31,34.8,29,1
1436.43,34.79,29,1
1436.56,34.84,29,1
1436.68,34.83,29,1
1436.8,34.88,29,1
1436.92,34.87,30,1
1437.04,34.91,30,1
1437.17,34.92,30,1
1437.29,34.94,30,1
1437.41,34.98,30,1
1437.53,35.01,30,1
1437.66,35.03,30,1
1437.78,35.06,30,1
1437.9,35.07,30,1
1438.02,35.1,30,1
1438.14,35.13,30,1
1438.27,35.14,30,1
1438.39,35.18,30,1
1438.51,35.21,30,1
1438.63,35.24,30,1
1438.76,35.27,30,1
1438.88,35.31,30,1
1439.0,35.33,30,1
1439.12,35.36,30,1
1439.25,35.38,30,1
1439.37,35.41,30,1
1439.49,35.44,30,1
1439.61,35.46,30,1
1439.73,35.49,30,1
1439.86,35.52,30,1
1439.98,35.56,30,1
1440.1,35.58,30,1
1440.22,35.62,30,1
1440.34,35.64,30,1
1440.47,35.67,30,1
1440.59,35.7,30,1
1440.71,35.73,30,1
1440.83,35.76,30,1
1440.96,35.8,30,1
1441.08,35.82,30,1
1441.2,35.85,30,1
1441.32,35.88,30,1
1441.44,35.91,30,1
1441.57,35.94,30,1
1441.69,35.96,30,1
1441.81,36.01,30,1
1441.93,36.03,30,1
1442.06,36.05,30,1
1442.18,36.09,30,1
1442.3,36.09,30,1
1442.42,36.15,30,1
1442.55,36.17,30,1
1442.67,36.19,30,1
1442.79,36.24,30,1
1442.91,36.26,30,1
1443.03,36.3,30,1
1443.16,36.33,30,1
1443.28,36.34,30,1
1443.4,36.36,30,1
1443.52,36.4,30,1
1443.65,36.45,30,1
1443.77,36.48,30,1
1443.89,36.48,30,1
1444.01,36.53,30,1
1444.13,36.55,30,1
1444.26,36.58,30,1
1444.38,36.6,30,1
1444.5,36.64,30,1
1444.62,36.68,30,1
1444.75,36.67,27,1
1444.87,36.71,27,1
1444.99,36.76,24,1
1445.11,36.77,21,1
1445.24,36.81,20,1
1445.36,36.82,20,1
1445.48,36.86,19,1
1445.6,36.89,20,1
1445.73,36.9,20,1
1445.85,36.94,21,1
1445.97,36.96,22,1
1446.09,36.98,22,1
1446.22,36.99,23,1
1446.34,37.01,23,1
1446.46,37.04,24,1
1446.58,37.05,24,1
1446.71,37.08,25,1
1446.83,37.09,25,1
1446.95,37.12,26,1
1447.07,37.13,26,1
1447.2,37.15,27,1
1447.32,37.17,28,1
1447.44,37.2,28,1
1447.56,37.2,29,1
1447.69,37.22,29,1
1447.81,37.24,29,1
1447.93,37.27,28,1
1448.05,37.27,26,1
1448.18,37.3,25,1
1448.3,37.33,24,1
1448.42,37.34,23,1
1448.55,37.36,22,1
1448.67,37.38,22,1
1448.79,37.4,22,1
1448.91,37.41,22,1
1449.03,37.43,21,1
1449.16,37.46,21,1
1449.28,37.46,21,1
1449.4,37.5,21,1
1449.52,37.5,21,1
1449.65,37.53,24,1
1449.77,37.54,25,1
1449.89,37.58,26,1
1450.01,37.6,27,1
1450.14,37.62,27,1
1450.26,37.64,28,1
1450.38,37.64,29,1
1450.5,37.65,29,1
1450.63,37.66,30,1
1450.75,37.7,30,1
1450.87,37.7,30,1
1450.99,37.72,30,1
1451.12,37.75,27,1
1451.24,37.77,24,1
1451.36,37.78,23,1
1451.49,37.81,21,1
1451.61,37.84,19,1
1451.73,37.84,19,1
1451.85,37.88,20,1
1451.98,37.88,23,1
1452.1,37.91,24,1
1452.22,37.93,26,1
1452.34,37.92,28,1
1452.47,37.95,28,1
1452.59,37.99,28,1
1452.71,37.99,25,1
1452.83,38.02,23,1
1452.96,38.02,21,1
1453.08,38.04,20,1
1453.2,38.05,20,1
1453.33,38.06,21,1
1453.45,38.09,24,1
1453.57,38.1,28,1
1453.7,38.12,31,1
1453.82,38.15,33,1
1453.94,38.17,33,1
1454.06,38.15,34,1
1454.19,38.19,32,1
1454.31,38.21,29,1
1454.43,38.23,27,1
1454.56,38.26,24,1
1454.68,38.27,22,1
1454.8,38.29,23,1
1454.92,38.3,23,1
1455.05,38.33,26,1
1455.17,38.34,29,1
1455.29,38.38,31,1
1455.42,38.37,33,1
1455.54,38.39,32,1
1455.66,38.4,29,1
1455.78,38.45,26,1
1455.91,38.47,24,1
1456.03,38.48,22,1
1456.15,38.49,21,1
1456.28,38.52,21,1
1456.4,38.55,21,1
1456.52,38.55,21,1
1456.64,38.59,24,1
1456.77,38.58,25,1
1456.89,38.62,27,1
1457.01,38.64,27,1
1457.13,38.66,28,1
1457.26,38.67,28,1
1457.38,38.71,25,1
1457.5,38.72,22,1
1457.63,38.74,18,1
1457.75,38.74,17,1
1457.87,38.77,17,1
1457.99,38.79,18,1
1458.11,38.81,21,1
1458.24,38.82,25,1
1458.36,38.85,28,1
1458.48,38.84,28,1
1458.61,38.86,28,1
1458.73,38.88,31,1
1458.85,38.89,31,1
1458.97,38.91,30,1
1459.1,38.92,30,1
1459.22,38.93,30,1
1459.34,38.96,30,1
1459.46,38.97,29,1
1459.59,39.0,29,1
1459.71,39.0,29,1
1459.83,39.02,29,1
1459.95,39.04,29,1
1460.07,39.07,29,1
1460.2,39.07,29,1
1460.32,39.1,29,1
1460.44,39.12,29,1
1460.56,39.14,29,1
1460.69,39.15,29,1
1460.81,39.17,29,1
1460.93,39.19,29,1
1461.05,39.24,29,1
1461.18,39.26,29,1
1461.3,39.27,29,1
1461.42,39.28,29,1
1461.54,39.31,29,1
1461.66,39.33,29,1
1461.79,39.34,29,1
1461.91,39.37,29,1
1462.03,39.38,29,1
1462.15,39.41,29,1
1462.28,39.43,29,1
1462.4,39.44,29,1
1462.52,39.47,29,1
1462.64,39.49,29,1
1462.76,39.51,29,1
1462.89,39.53,29,1
1463.01,39.56,29,1
1463.13,39.58,29,1
1463.25,39.59,29,1
1463.38,39.62,29,1
1463.5,39.63,29,1
1463.62,39.66,29,1
1463.74,39.68,29,1
1463.86,39.71,29,1
1463.99,39.73,29,1
1464.11,39.74,29,1
1464.23,39.76,29,1
1464.35,39.79,29,1
1464.48,39.81,29,1
1464.6,39.81,29,1
1464.72,39.85,29,1
1464.84,39.86,29,1
1464.97,39.89,29,1
1465.09,39.91,29,1
1465.21,39.93,29,1
1465.33,39.96,29,1
1465.45,39.97,29,1
1465.58,39.99,29,1
1465.7,40.01,29,1
1465.82,40.02,29,1
1465.94,40.05,29,1
1466.07,40.06,29,1
1466.19,40.09,29,1
1466.31,40.11,29,1
1466.43,40.15,29,1
1466.56,40.15,29,1
1466.68,40.18,29,1
1466.8,40.18,29,1
1466.92,40.2,29,1
1467.04,40.23,29,1
1467.17,40.25,29,1
1467.29,40.28,29,1
1467.41,40.29,29,1
1467.53,40.31,29,1
1467.66,40.32,29,1
1467.78,40.35,29,1
1467.9,40.36,29,1
1468.02,40.38,29,1
1468.15,40.41,29,1
1468.27,40.42,29,1
1468.39,40.43,29,1
1468.51,40.45,29,1
1468.64,40.47,40,1
1468.76,40.47,40,1
1468.88,40.51,40,1
1469.0,40.54,40,1
1469.12,40.57,40,1
1469.25,40.57,40,1
1469.37,40.58,40,1
1469.49,40.59,40,1
1469.61,40.65,40,1
1469.73,40.67,40,1
1469.86,40.69,40,1
1469.98,40.7,40,1
1470.1,40.73,40,1
1470.22,40.75,40,1
1470.35,40.79,40,1
1470.47,40.84,40,1
1470.59,40.87,40,1
1470.71,40.87,40,1
1470.83,40.91,40,1
1470.96,40.93,40,1
1471.08,40.96,40,1
1471.2,40.98,40,1
1471.32,41.02,40,1
1471.45,41.04,40,1
1471.57,41.08,40,1
1471.69,41.09,40,1
1471.81,41.16,40,1
1471.94,41.18,40,1
1472.06,41.2,40,1
1472.18,41.21,40,1
1472.3,41.26,40,1
1472.42,41.26,40,1
1472.55,41.32,40,1
1472.67,41.36,40,1
1472.79,41.38,40,1
1472.91,41.41,40,1
1473.04,41.44,40,1
1473.16,41.48,40,1
1473.28,41.51,40,1
1473.4,41.54,40,1
1473.52,41.58,40,1
1473.65,41.6,40,1
1473.77,41.64,40,1
1473.89,41.65,40,1
1474.01,41.7,40,1
1474.14,41.73,40,1
1474.26,41.75,40,1
1474.38,41.8,40,1
1474.5,41.83,40,1
1474.63,41.86,40,1
1474.75,41.88,40,1
1474.87,41.92,40,1
1474.99,41.96,40,1
1475.11,41.98,40,1
1475.23,42.0,40,1
1475.36,42.02,40,1
1475.48,42.04,40,1
1475.6,42.1,40,1
1475.72,42.13,40,1
1475.85,42.15,40,1
1475.97,42.19,40,1
1476.09,42.21,40,1
1476.21,42.24,40,1
1476.34,42.26,40,1
1476.46,42.33,40,1
1476.58,42.33,40,1
1476.7,42.36,40,1
1476.82,42.4,40,1
1476.95,42.41,40,1
1477.07,42.44,40,1
1477.19,42.49,40,1
1477.31,42.51,40,1
1477.44,42.55,40,1
1477.56,42.58,40,1
1477.68,42.6,40,1
1477.8,42.64,40,1
1477.92,42.63,40,1
1478.05,42.69,40,1
1478.17,42.7,40,1
1478.29,42.73,40,1
1478.41,42.74,40,1
1478.54,42.79,40,1
1478.66,42.8,40,1
1478.78,42.86,40,1
1478.9,42.86,40,1
1479.02,42.9,40,1
1479.15,42.92,40,1
1479.27,42.96,40,1
1479.39,43.0,40,1
1479.51,43.01,40,1
1479.64,43.02,40,1
1479.76,43.04,40,1
1479.88,43.1,40,1
1480.0,43.11,40,1
1480.13,43.13,40,1
1480.25,43.14,40,1
1480.37,43.19,40,1
1480.49,43.22,40,1
1480.61,43.25,40,1
1480.73,43.27,40,1
1480.86,43.29,40,1
1480.98,43.32,40,1
1481.1,43.36,40,1
1481.22,43.36,40,1
1481.35,43.41,40,1
1481.47,43.41,40,1
1481.59,43.44,40,1
1481.71,43.45,40,1
1481.83,43.49,40,1
1481.96,43.51,40,1
1482.08,43.54,40,1
1482.2,43.55,40,1
1482.32,43.59,40,1
1482.45,43.62,40,1
1482.57,43.62,40,1
1482.69,43.65,40,1
1482.81,43.7,40,1
1482.94,43.72,40,1
1483.06,43.72,50,1
1483.18,43.75,50,1
1483.3,43.78,50,1
1483.42,43.79,50,1
1483.55,43.82,50,1
1483.67,43.85,50,1
1483.79,43.88,50,1
1483.91,43.9,50,1
1484.04,43.94,50,1
1484.16,43.95,50,1
1484.28,43.99,50,1
1484.4,44.0,50,1
1484.53,44.03,50,1
1484.65,44.07,50,1
1484.77,44.11,50,1
1484.89,44.14,50,1
1485.01,44.17,50,1
1485.14,44.18,50,1
1485.26,44.23,50,1
1485.38,44.26,50,1
1485.5,44.29,50,1
1485.63,44.33,50,1
1485.75,44.38,50,1
1485.87,44.38,50,1
1485.99,44.45,50,1
1486.11,44.47,50,1
1486.24,44.49,50,1
1486.36,44.52,50,1
1486.48,44.57,50,1
1486.6,44.59,50,1
1486.72,44.64,50,1
1486.85,44.67,50,1
1486.97,44.72,50,1
1487.09,44.73,50,1
1487.21,44.77,50,1
1487.34,44.81,50,1
1487.46,44.86,50,1
1487.58,44.88,50,1
1487.7,44.92,50,1
1487.82,44.94,50,1
1487.95,44.99,50,1
1488.07,45.02,50,1
1488.19,45.05,50,1
1488.31,45.1,50,1
1488.44,45.12,50,1
1488.56,45.15,50,1
1488.68,45.18,50,1
1488.8,45.22,50,1
1488.92,45.25,50,1
1489.05,45.29,50,1
1489.17,45.32,50,1
1489.29,45.38,50,1
1489.41,45.39,50,1
1489.54,45.44,50,1
1489.66,45.47,50,1
1489.78,45.51,50,1
1489.9,45.54,50,1
1490.03,45.57,50,1
1490.15,45.6,50,1
1490.27,45.62,50,1
1490.39,45.67,50,1
1490.51,45.7,50,1
1490.64,45.72,50,1
1490.76,45.77,50,1
1490.88,45.79,50,1
1491.0,45.82,50,1
1491.13,45.87,50,1
1491.25,45.9,50,1
1491.37,45.94,50,1
1491.49,45.96,50,1
1491.61,46.0,50,1
1491.73,46.03,50,1
1491.86,46.06,50,1
1491.98,46.09,50,1
1492.1,46.15,50,1
1492.22,46.16,50,1
1492.35,46.2,50,1
1492.47,46.21,50,1
1492.59,46.26,50,1
1492.71,46.28,50,1
1492.84,46.31,50,1
1492.96,46.34,50,1
1493.08,46.37,50,1
1493.2,46.41,50,1
1493.32,46.44,50,1
1493.45,46.47,50,1
1493.57,46.49,50,1
1493.69,46.52,50,1
1493.81,46.57,50,1
1493.94,46.6,50,1
1494.06,46.61,50,1
1494.18,46.64,50,1
1494.3,46.67,50,1
1494.42,46.7,50,1
1494.55,46.73,50,1
1494.67,46.76,50,1
1494.79,46.8,50,1
1494.91,46.85,50,1
1495.04,46.82,50,1
1495.16,46.9,50,1
1495.28,46.9,50,1
1495.4,46.95,50,1
1495.52,46.97,50,1
1495.65,47.01,50,1
1495.77,47.02,50,1
1495.89,47.07,50,1
1496.01,47.08,50,1
1496.14,47.12,50,1
1496.26,47.16,50,1
1496.38,47.17,50,1
1496.5,47.2,50,1
1496.63,47.22,50,1
1496.75,47.27,40,1
1496.87,47.29,40,1
1496.99,47.31,40,1
1497.11,47.35,40,1
1497.24,47.4,40,1
1497.36,47.41,40,1
1497.48,47.42,40,1
1497.6,47.45,40,1
1497.72,47.48,40,1
1497.85,47.47,40,1
1497.97,47.5,40,1
1498.09,47.54,40,1
1498.21,47.56,40,1
1498.34,47.57,40,1
1498.46,47.6,40,1
1498.58,47.61,40,1
1498.7,47.66,40,1
1498.82,47.64,40,1
1498.95,47.67,40,1
1499.07,47.66,40,1
1499.19,47.7,40,1
1499.31,47.71,40,1
1499.44,47.74,40,1
1499.56,47.74,40,1
1499.68,47.76,40,1
1499.8,47.79,40,1
1499.93,47.79,40,1
1500.05,47.82,40,1
1500.17,47.82,40,1
1500.29,47.84,40,1
1500.41,47.85,40,1
1500.54,47.86,40,1
1500.66,47.87,40,1
1500.78,47.91,40,1
1500.9,47.9,40,1
1501.03,47.91,40,1
1501.15,47.92,40,1
1501.27,47.95,40,1
1501.39,47.93,40,1
1501.51,47.98,40,1
1501.64,47.98,40,1
1501.76,47.97,40,1
1501.88,47.99,40,1
1502.0,48.01,40,1
1502.13,48.03,40,1
1502.25,48.06,40,1
1502.37,48.03,40,1
1502.49,48.06,40,1
1502.61,48.07,40,1
1502.74,48.08,40,1
1502.86,48.09,40,1
1502.98,48.12,40,1
1503.1,48.12,40,1
1503.22,48.13,40,1
1503.35,48.14,40,1
1503.47,48.15,40,1
1503.59,48.17,40,1
1503.71,48.15,40,1
1503.84,48.2,40,1
1503.96,48.2,40,1
1504.08,48.21,40,1
1504.2,48.22,40,1
1504.32,48.23,40,1
1504.45,48.25,40,1
1504.57,48.27,40,1
1504.69,48.28,40,1
1504.81,48.28,40,1
1504.94,48.29,40,1
1505.06,48.32,40,1
1505.18,48.32,40,1
1505.3,48.34,40,1
1505.42,48.34,40,1
1505.55,48.35,40,1
1505.67,48.37,40,1
1505.79,48.39,40,1
1505.91,48.39,40,1
1506.04,48.41,40,1
1506.16,48.42,40,1
1506.28,48.43,40,1
1506.4,48.47,40,1
1506.53,48.43,40,1
1506.65,48.48,40,1
1506.77,48.47,40,1
1506.89,48.5,40,1
1507.01,48.51,40,1
1507.14,48.52,40,1
1507.26,48.54,40,1
1507.38,48.54,40,1
1507.5,48.56,40,1
1507.62,48.57,40,1
1507.75,48.59,40,1
1507.87,48.6,40,1
1507.99,48.63,40,1
1508.11,48.64,40,1
1508.24,48.63,40,1
1508.36,48.64,40,1
1508.48,48.67,40,1
1508.6,48.68,40,1
1508.72,48.68,40,1
1508.85,48.7,40,1
1508.97,48.71,40,1
1509.09,48.74,40,1
1509.21,48.73,40,1
1509.34,48.76,40,1
1509.46,48.77,40,1
1509.58,48.77,40,1
1509.7,48.79,40,1
1509.82,48.82,40,1
1509.95,48.81,40,1
1510.07,48.82,40,1
1510.19,48.84,40,1
1510.31,48.85,40,1
1510.44,48.88,40,1
1510.56,48.88,40,1
1510.68,48.89,40,1
1510.8,48.92,40,1
1510.92,48.94,40,1
1511.05,48.93,40,1
1511.17,48.94,40,1
1511.29,48.96,40,1
1511.41,48.99,40,1
1511.54,48.99,40,1
1511.66,48.99,40,1
1511.78,49.01,40,1
1511.9,49.02,40,1
1512.03,49.03,40,1
1512.15,49.06,40,1
1512.27,49.07,40,1
1512.39,49.07,40,1
1512.51,49.09,40,1
1512.64,49.11,40,1
1512.76,49.13,40,1
1512.88,49.14,40,1
1513.0,49.13,40,1
1513.12,49.16,40,1
1513.25,49.17,40,1
1513.37,49.2,30,1
1513.49,49.21,30,1
1513.61,49.23,30,1
1513.74,49.24,30,1
1513.86,49.24,30,1
1513.98,49.26,30,1
1514.1,49.26,30,1
1514.22,49.28,30,1
1514.35,49.28,30,1
1514.47,49.29,30,1
1514.59,49.28,30,1
1514.71,49.32,30,1
1514.83,49.31,30,1
1514.96,49.33,30,1
1515.08,49.31,30,1
1515.2,49.33,30,1
1515.32,49.34,30,1
1515.45,49.34,30,1
1515.57,49.35,30,1
1515.69,49.34,30,1
1515.81,49.35,30,1
1515.94,49.35,30,1
1516.06,49.35,30,1
1516.18,49.34,30,1
1516.3,49.35,30,1
1516.43,49.36,30,1
1516.55,49.36,30,1
1516.67,49.36,30,1
1516.79,49.36,30,1
1516.91,49.37,30,1
1517.04,49.35,30,1
1517.16,49.35,30,1
1517.28,49.35,30,1
1517.4,49.35,30,1
1517.52,49.37,30,1
1517.65,49.37,30,1
1517.77,49.36,30,1
1517.89,49.35,30,1
1518.01,49.37,30,1
1518.14,49.36,30,1
1518.26,49.35,30,1
1518.38,49.35,30,1
1518.5,49.37,30,1
1518.62,49.35,30,1
1518.75,49.35,30,1
1518.87,49.37,30,1
1518.99,49.36,30,1
1519.11,49.36,30,1
1519.24,49.34,30,1
1519.36,49.35,30,1
1519.48,49.36,30,1
1519.6,49.36,30,1
1519.72,49.34,30,1
1519.85,49.35,30,1
1519.97,49.35,30,1
1520.09,49.35,30,1
1520.21,49.36,30,1
1520.33,49.35,30,1
1520.46,49.35,30,1
1520.58,49.36,30,1
1520.7,49.35,30,1
1520.82,49.37,30,1
1520.95,49.38,30,1
1521.07,49.35,30,1
1521.19,49.37,30,1
1521.31,49.36,30,1
1521.44,49.37,30,1
1521.56,49.36,30,1
1521.68,49.35,30,1
1521.8,49.37,30,1
1521.93,49.35,30,1
1522.05,49.37,30,1
1522.17,49.37,30,1
1522.29,49.38,30,1
1522.41,49.36,30,1
1522.54,49.38,30,1
1522.66,49.38,30,1
1522.78,49.37,30,1
1522.9,49.38,30,1
1523.02,49.38,30,1
1523.15,49.37,30,1
1523.27,49.38,30,1
1523.39,49.38,30,1
1523.51,49.38,30,1
1523.64,49.39,30,1
1523.76,49.4,30,1
1523.88,49.39,30,1
1524.0,49.39,30,1
1524.12,49.37,30,1
1524.25,49.38,30,1
1524.37,49.39,30,1
1524.49,49.39,30,1
1524.61,49.41,30,1
1524.74,49.38,30,1
1524.86,49.41,30,1
1524.98,49.39,30,1
1525.1,49.41,30,1
1525.22,49.4,30,1
1525.35,49.4,30,1
1525.47,49.41,30,1
1525.59,49.41,30,1
1525.71,49.42,30,1
1525.83,49.42,30,1
1525.96,49.42,30,1
1526.08,49.4,30,1
1526.2,49.43,30,1
1526.32,49.42,30,1
1526.45,49.42,30,1
1526.57,49.43,30,1
1526.69,49.44,30,1
1526.81,49.44,30,1
1526.94,49.44,30,1
1527.06,49.43,30,1
1527.18,49.44,30,1
1527.3,49.45,30,1
1527.43,49.43,30,1
1527.55,49.43,30,1
1527.67,49.44,30,1
1527.79,49.45,30,1
1527.91,49.45,30,1
1528.04,49.44,30,1
1528.16,49.47,30,1
1528.28,49.47,30,1
1528.4,49.46,30,1
1528.52,49.48,30,1
1528.65,49.46,30,1
1528.77,49.49,30,1
1528.89,49.48,30,1
1529.01,49.48,30,1
1529.14,49.48,30,1
1529.26,49.49,30,1
1529.38,49.48,30,1
1529.5,49.5,30,1
1529.62,49.5,30,1
1529.75,49.51,30,1
1529.87,49.51,30,1
1529.99,49.5,30,1
1530.11,49.5,30,1
1530.23,49.52,30,1
1530.36,49.51,30,1
1530.48,49.51,30,1
1530.6,49.53,30,1
1530.72,49.53,30,1
1530.85,49.52,30,1
1530.97,49.53,30,1
1531.09,49.54,30,1
1531.21,49.53,30,1
1531.33,49.53,30,1
1531.46,49.53,30,1
1531.58,49.55,30,1
1531.7,49.54,30,1
1531.82,49.55,30,1
1531.95,49.55,30,1
1532.07,49.57,30,1
1532.19,49.55,30,1
1532.31,49.56,30,1
1532.44,49.57,30,1
1532.56,49.58,30,1
1532.68,49.56,30,1
1532.8,49.57,30,1
1532.92,49.58,30,1
1533.05,49.58,30,1
1533.17,49.59,30,1
1533.29,49.58,30,1
1533.41,49.6,30,1
1533.54,49.59,30,1
1533.66,49.61,30,1
1533.78,49.6,30,1
1533.9,49.61,30,1
1534.02,49.6,30,1
1534.15,49.61,30,1
1534.27,49.61,30,1
1534.39,49.62,30,1
1534.51,49.62,30,1
1534.64,49.62,30,1
1534.76,49.63,30,1
1534.88,49.63,30,1
1535.0,49.64,30,1
1535.12,49.64,30,1
1535.25,49.65,30,1
1535.37,49.64,30,1
1535.49,49.63,30,1
1535.61,49.64,30,1
1535.73,49.67,30,1
1535.86,49.64,30,1
1535.98,49.67,30,1
1536.1,49.67,30,1
1536.22,49.67,30,1
1536.35,49.68,30,1
1536.47,49.66,30,1
1536.59,49.68,30,1
1536.71,49.69,30,1
1536.83,49.68,30,1
1536.96,49.69,30,1
1537.08,49.67,30,1
1537.2,49.71,30,1
1537.32,49.67,30,1
1537.45,49.72,30,1
1537.57,49.69,30,1
1537.69,49.69,30,1
1537.81,49.71,30,1
1537.94,49.72,30,1
1538.06,49.71,30,1
1538.18,49.73,30,1
1538.3,49.72,30,1
1538.42,49.72,30,1
1538.55,49.72,30,1
1538.67,49.73,30,1
1538.79,49.74,30,1
1538.91,49.74,30,1
1539.04,49.74,30,1
1539.16,49.74,30,1
1539.28,49.75,30,1
1539.4,49.74,30,1
1539.52,49.74,30,1
1539.65,49.76,30,1
1539.77,49.76,30,1
1539.89,49.76,30,1
1540.01,49.76,30,1
1540.14,49.77,30,1
1540.26,49.76,30,1
1540.38,49.78,30,1
1540.5,49.79,30,1
1540.62,49.78,30,1
1540.75,49.79,30,1
1540.87,49.8,30,1
1540.99,49.79,30,1
1541.11,49.8,30,1
1541.23,49.81,30,1
1541.36,49.8,30,1
1541.48,49.81,30,1
1541.6,49.8,0,1
1541.72,49.82,0,1
1541.85,49.83,0,1
1541.97,49.82,0,1
1542.09,49.83,0,1
1542.21,49.83,0,1
1542.33,49.83,0,1
1542.46,49.82,0,1
1542.58,49.81,0,1
1542.7,49.79,0,1
1542.82,49.78,0,1
1542.95,49.78,0,1
1543.07,49.76,0,1
1543.19,49.73,0,1
1543.31,49.71,0,1
1543.44,49.68,0,1
1543.56,49.66,0,1
1543.68,49.64,0,1
1543.8,49.61,0,1
1543.92,49.58,0,1
1544.05,49.57,0,1
1544.17,49.53,0,1
1544.29,49.48,0,1
1544.41,49.46,0,1
1544.54,49.43,0,1
1544.66,49.39,0,1
1544.78,49.37,0,1
1544.9,49.34,0,1
1545.02,49.29,0,1
1545.15,49.27,0,1
1545.27,49.24,0,1
1545.39,49.2,0,1
1545.51,49.18,0,1
1545.64,49.13,0,1
1545.76,49.08,0,1
1545.88,49.04,0,1
1546.0,49.01,0,1
1546.12,48.97,0,1
1546.25,48.93,0,1
1546.37,48.91,0,1
1546.49,48.86,0,1
1546.61,48.82,0,1
1546.73,48.79,0,1
1546.86,48.76,0,1
1546.98,48.72,0,1
1547.1,48.68,0,1
1547.22,48.65,0,1
1547.35,48.62,0,1
1547.47,48.58,0,1
1547.59,48.54,0,1
1547.71,48.51,0,1
1547.83,48.47,0,1
1547.96,48.43,0,1
1548.08,48.39,0,1
1548.2,48.37,0,1
1548.32,48.33,0,1
1548.45,48.3,0,1
1548.57,48.27,0,1
1548.69,48.22,0,1
1548.81,48.19,0,1
1548.94,48.16,0,1
1549.06,48.12,0,1
1549.18,48.09,0,1
1549.3,48.06,0,1
1549.42,48.03,0,1
1549.55,48.01,0,1
1549.67,47.97,0,1
1549.79,47.93,0,1
1549.91,47.91,0,1
1550.03,47.88,0,1
1550.16,47.84,0,1
1550.28,47.8,0,1
1550.4,47.78,0,1
1550.52,47.74,0,1
1550.65,47.72,0,1
1550.77,47.67,0,1
1550.89,47.64,0,1
1551.01,47.62,0,1
1551.14,47.59,0,1
1551.26,47.56,0,1
1551.38,47.54,0,1
1551.5,47.5,0,1
1551.62,47.48,0,1
1551.75,47.43,0,1
1551.87,47.42,0,1
1551.99,47.39,0,1
1552.11,47.36,0,1
1552.23,47.32,0,1
1552.36,47.3,0,1
1552.48,47.27,0,1
1552.6,47.25,0,1
1552.72,47.21,0,1
1552.85,47.19,0,1
1552.97,47.16,0,1
1553.09,47.13,0,1
1553.21,47.11,0,1
1553.33,47.08,0,1
1553.46,47.05,0,1
1553.58,47.02,0,1
1553.7,47.0,0,1
1553.82,46.97,0,1
1553.95,46.94,0,1
1554.07,46.92,0,1
1554.19,46.9,0,1
1554.31,46.87,0,1
1554.44,46.83,0,1
1554.56,46.82,0,1
1554.68,46.79,0,1
1554.8,46.77,0,1
1554.92,46.74,0,1
1555.05,46.71,0,1
1555.17,46.69,0,1
1555.29,46.66,0,1
1555.41,46.64,0,1
1555.53,46.62,0,1
1555.66,46.59,0,1
1555.78,46.57,0,1
1555.9,46.55,0,1
1556.02,46.52,0,1
1556.15,46.5,0,1
1556.27,46.47,0,1
1556.39,46.45,0,1
1556.51,46.43,0,1
1556.63,46.41,0,1
1556.76,46.38,0,1
1556.88,46.36,0,1
1557.0,46.34,0,1
1557.12,46.3,0,1
1557.25,46.29,0,1
1557.37,46.26,0,1
1557.49,46.24,0,1
1557.61,46.23,0,1
1557.73,46.19,0,1
1557.86,46.16,0,1
1557.98,46.15,0,1
1558.1,46.13,0,1
1558.22,46.1,0,1
1558.34,46.14,0,1
1558.47,46.27,0,1
1558.59,46.35,0,1
1558.71,46.29,0,1
1558.83,46.16,0,1
1558.96,46.11,0,1
1559.08,46.06,0,1
1559.2,45.99,0,1
1559.32,45.98,0,1
1559.45,45.95,0,1
1559.57,45.91,0,1
1559.69,45.9,0,1
1559.81,45.95,0,1
1559.93,45.99,0,1
1560.06,45.97,0,1
1560.18,45.96,0,1
1560.3,45.94,0,1
1560.42,45.9,0,1
1560.55,45.88,0,1
1560.67,45.85,0,1
1560.79,45.83,0,1
1560.91,45.86,0,1
1561.03,45.84,0,1
1561.16,45.82,0,1
1561.28,45.8,0,1
1561.4,45.78,0,1
1561.52,45.75,0,1
1561.65,45.63,0,1
1561.77,45.6,0,1
1561.89,45.58,0,1
1562.01,45.56,0,1
1562.13,45.53,0,1
1562.26,45.42,0,1
1562.38,45.4,0,1
1562.5,45.38,0,1
1562.62,45.36,0,1
1562.75,45.35,0,1
1562.87,45.34,0,1
1562.99,45.32,0,1
1563.11,45.42,0,1
1563.23,45.27,0,1
1563.36,45.24,0,1
1563.48,45.23,0,1
1563.6,45.2,0,1
1563.72,45.19,0,1
1563.84,45.17,0,1
1563.97,45.15,0,1
1564.09,45.13,0,1
1564.21,45.1,0,1
1564.33,45.09,0,1
1564.46,45.07,0,1
1564.58,45.05,0,1
1564.7,45.03,0,1
1564.82,45.02,0,1
1564.94,45.0,0,1
1565.07,44.98,0,1
1565.19,44.96,0,1
1565.31,44.94,0,1
1565.43,44.92,0,1
1565.56,44.9,0,1
1565.68,44.89,0,1
1565.8,44.87,0,1
1565.92,44.84,0,1
1566.05,44.83,0,1
1566.17,44.81,0,1
1566.29,44.8,0,1
1566.41,44.78,0,1
1566.53,44.76,0,1
1566.66,44.74,0,1
1566.78,44.73,0,1
1566.9,44.71,0,1
1567.02,44.69,0,1
1567.15,44.67,0,1
1567.27,44.66,0,1
1567.39,44.64,0,1
1567.51,44.62,0,1
1567.63,44.6,0,1
1567.76,44.59,0,1
1567.88,44.56,0,1
1568.0,44.55,0,1
1568.12,44.54,0,1
1568.25,44.51,0,1
1568.37,44.5,0,1
1568.49,44.49,0,1
1568.61,44.46,0,1
1568.73,44.45,0,1
1568.86,44.43,0,1
1568.98,44.42,0,1
1569.1,44.4,0,1
1569.22,44.37,0,1
1569.34,44.35,0,1
1569.47,44.34,0,1
1569.59,44.33,0,1
1569.71,44.32,0,1
1569.83,44.3,0,1
1569.96,44.28,0,1
1570.08,44.26,0,1
1570.2,44.25,0,1
1570.32,44.23,0,1
1570.44,44.21,0,1
1570.57,44.2,0,1
1570.69,44.18,0,1
1570.81,44.16,0,1
1570.93,44.14,0,1
1571.06,44.13,0,1
1571.18,44.11,0,1
1571.3,44.09,0,1
1571.42,44.07,0,1
1571.55,44.06,0,1
1571.67,44.05,0,1
1571.79,44.03,0,1
1571.91,44.01,0,1
1572.03,44.0,0,1
1572.16,43.98,0,1
1572.28,43.97,0,1
1572.4,43.95,0,1
1572.52,43.93,0,1
1572.64,43.92,0,1
1572.77,43.9,0,1
1572.89,43.89,0,1
1573.01,43.86,0,1
1573.13,43.85,0,1
1573.26,43.83,0,1
1573.38,43.82,0,1
1573.5,43.81,0,1
1573.62,43.79,0,1
1573.75,43.78,0,1
1573.87,43.77,0,1
1573.99,43.74,0,1
1574.11,43.73,0,1
1574.23,43.71,0,1
1574.35,43.7,0,1
1574.48,43.68,0,1
1574.6,43.66,0,1
1574.72,43.65,0,1
1574.84,43.63,0,1
1574.97,43.62,0,1
1575.09,43.6,0,1
1575.21,43.59,0,1
1575.33,43.57,0,1
1575.45,43.56,0,1
1575.58,43.55,0,1
1575.7,43.53,0,1
1575.82,43.51,0,1
1575.94,43.5,0,1
1576.07,43.48,0,1
1576.19,43.46,0,1
1576.31,43.45,0,1
1576.43,43.44,0,1
1576.56,43.42,0,1
1576.68,43.41,0,1
1576.8,43.4,0,1
1576.92,43.38,0,1
1577.04,43.36,0,1
1577.17,43.35,0,1
1577.29,43.33,0,1
1577.41,43.32,0,1
1577.53,43.31,0,1
1577.66,43.3,0,1
1577.78,43.28,0,1
1577.9,43.26,0,1
1578.02,43.25,0,1
1578.14,43.23,0,1
1578.27,43.22,0,1
1578.39,43.2,0,1
1578.51,43.19,0,1
1578.63,43.17,0,1
1578.76,43.16,0,1
1578.88,43.15,0,1
1579.0,43.13,0,1
1579.12,43.13,0,1
1579.24,43.11,0,1
1579.37,43.09,0,1
1579.49,43.08,0,1
1579.61,43.06,0,1
1579.73,43.05,0,1
1579.85,43.03,0,1
1579.98,43.02,0,1
1580.1,43.0,0,1
1580.22,42.99,0,1
1580.34,42.97,0,1
1580.47,42.97,0,1
1580.59,42.95,0,1
1580.71,42.94,0,1
1580.83,42.93,0,1
1580.95,42.91,0,1
1581.08,42.9,0,1
1581.2,42.88,0,1
1581.32,42.87,0,1
1581.44,42.86,0,1
1581.57,42.84,0,1
1581.69,42.83,0,1
1581.81,42.82,0,1
1581.93,42.8,0,1
1582.06,42.79,0,1
1582.18,42.78,0,1
1582.3,42.76,0,1
1582.42,42.75,0,1
1582.54,42.73,0,1
1582.67,42.73,0,1
1582.79,42.7,0,1
1582.91,42.69,0,1
1583.03,42.68,0,1
1583.16,42.67,0,1
1583.28,42.65,0,1
1583.4,42.64,0,1
1583.52,42.63,0,1
1583.64,42.61,0,1
1583.77,42.6,0,1
1583.89,42.59,0,1
1584.01,42.57,0,1
1584.13,42.56,0,1
1584.26,42.55,0,1
1584.38,42.54,0,1
1584.5,42.52,0,1
1584.62,42.5,0,1
1584.74,42.5,0,1
1584.87,42.48,0,1
1584.99,42.47,0,1
1585.11,42.45,0,1
1585.23,42.44,0,1
1585.35,42.42,0,1
1585.48,42.42,0,1
1585.6,42.42,0,1
1585.72,42.39,0,1
1585.84,42.37,0,1
1585.97,42.36,0,1
1586.09,42.35,0,1
1586.21,42.34,0,1
1586.33,42.33,0,1
1586.45,42.31,0,1
1586.58,42.31,0,1
1586.7,42.29,0,1
1586.82,42.28,0,1
1586.94,42.27,0,1
1587.07,42.25,0,1
1587.19,42.24,0,1
1587.31,42.23,0,1
1587.43,42.21,0,1
1587.56,42.21,0,1
1587.68,42.19,0,1
1587.8,42.18,0,1
1587.92,42.17,20,1
1588.04,42.15,20,1
1588.17,42.13,20,1
1588.29,42.13,20,1
1588.41,42.1,20,1
1588.53,42.1,20,1
1588.66,42.11,20,1
1588.78,42.09,20,1
1588.9,42.07,20,1
1589.02,42.09,20,1
1589.14,42.08,20,1
1589.27,42.09,20,1
1589.39,42.08,20,1
1589.51,42.09,20,1
1589.63,42.08,20,1
1589.76,42.11,20,1
1589.88,42.11,20,1
1590.0,42.12,20,1
1590.12,42.11,20,1
1590.24,42.13,20,1
1590.37,42.13,20,1
1590.49,42.16,20,1
1590.61,42.18,20,1
1590.73,42.19,20,1
1590.85,42.19,20,1
1590.98,42.2,20,1
1591.1,42.22,20,1
1591.22,42.24,20,1
1591.34,42.25,20,1
1591.47,42.24,20,1
1591.59,42.29,20,1
1591.71,42.27,20,1
1591.83,42.31,20,1
1591.95,42.3,20,1
1592.08,42.34,20,1
1592.2,42.34,20,1
1592.32,42.36,20,1
1592.44,42.37,20,1
1592.57,42.4,20,1
1592.69,42.41,20,1
1592.81,42.43,20,1
1592.93,42.44,20,1
1593.06,42.45,20,1
1593.18,42.45,20,1
1593.3,42.48,20,1
1593.42,42.51,20,1
1593.54,42.52,20,1
1593.67,42.53,20,1
1593.79,42.55,20,1
1593.91,42.57,20,1
1594.03,42.58,20,1
1594.16,42.59,20,1
1594.28,42.61,20,1
1594.4,42.63,20,1
1594.52,42.64,20,1
1594.64,42.65,20,1
1594.77,42.66,20,1
1594.89,42.7,20,1
1595.01,42.7,20,1
1595.13,42.71,20,1
1595.26,42.72,20,1
1595.38,42.76,20,1
1595.5,42.75,20,1
1595.62,42.77,20,1
1595.74,42.78,20,1
1595.87,42.8,20,1
1595.99,42.79,20,1
1596.11,42.82,20,1
1596.23,42.84,20,1
1596.35,42.85,20,1
1596.48,42.86,20,1
1596.6,42.86,20,1
1596.72,42.89,20,1
1596.84,42.91,20,1
1596.97,42.91,20,1
1597.09,42.91,20,1
1597.21,42.94,20,1
1597.33,42.94,20,1
1597.45,42.95,20,1
1597.58,42.96,20,1
1597.7,42.99,20,1
1597.82,42.98,20,1
1597.94,43.01,20,1
1598.07,43.01,20,1
1598.19,43.02,20,1
1598.31,43.03,20,1
1598.43,43.06,20,1
1598.56,43.06,20,1
1598.68,43.07,20,1
1598.8,43.06,20,1
1598.92,43.08,20,1
1599.04,43.11,20,1
1599.17,43.09,20,1
1599.29,43.1,20,1
1599.41,43.12,20,1
1599.53,43.14,20,1
1599.65,43.14,20,1
1599.78,43.16,20,1
1599.9,43.17,20,1
1600.02,43.18,20,1
1600.14,43.2,20,1
1600.27,43.2,20,1
1600.39,43.21,20,1
1600.51,43.22,20,1
1600.63,43.22,20,1
1600.76,43.23,20,1
1600.88,43.24,20,1
1601.0,43.25,20,1
1601.12,43.26,20,1
1601.24,43.27,20,1
1601.37,43.28,20,1
1601.49,43.29,20,1
1601.61,43.29,20,1
1601.73,43.31,20,1
1601.85,43.31,20,1
1601.98,43.3,20,1
1602.1,43.32,20,1
1602.22,43.33,20,1
1602.34,43.35,20,1
1602.47,43.35,20,1
1602.59,43.36,20,1
1602.71,43.38,20,1
1602.83,43.38,20,1
1602.95,43.36,20,1
1603.08,43.39,20,1
1603.2,43.39,20,1
1603.32,43.42,20,1
1603.44,43.41,20,1
1603.57,43.43,20,1
1603.69,43.43,20,1
1603.81,43.45,20,1
1603.93,43.45,20,1
1604.06,43.46,20,1
1604.18,43.46,20,1
1604.3,43.47,20,1
1604.42,43.48,20,1
1604.54,43.49,20,1
1604.67,43.49,20,1
1604.79,43.51,20,1
1604.91,43.5,20,1
1605.03,43.5,20,1
1605.15,43.53,20,1
1605.28,43.53,20,1
1605.4,43.54,20,1
1605.52,43.55,20,1
1605.64,43.56,20,1
1605.77,43.55,20,1
1605.89,43.57,25,1
1606.01,43.58,25,1
1606.13,43.58,25,1
1606.26,43.58,25,1
1606.38,43.6,25,1
1606.5,43.6,25,1
1606.62,43.61,25,1
1606.74,43.62,25,1
1606.87,43.62,25,1
1606.99,43.63,25,1
1607.11,43.64,25,1
1607.23,43.65,25,1
1607.35,43.68,25,1
1607.48,43.68,25,1
1607.6,43.69,25,1
1607.72,43.69,25,1
1607.84,43.71,25,1
1607.97,43.73,25,1
1608.09,43.73,25,1
1608.21,43.74,25,1
1608.33,43.76,25,1
1608.45,43.76,25,1
1608.58,43.78,25,1
1608.7,43.79,25,1
1608.82,43.81,25,1
1608.94,43.82,25,1
1609.07,43.82,25,1
1609.19,43.85,25,1
1609.31,43.85,25,1
1609.43,43.87,25,1
1609.55,43.88,25,1
1609.68,43.89,25,1
1609.8,43.91,25,1
1609.92,43.91,25,1
1610.04,43.93,25,1
1610.17,43.94,25,1
1610.29,43.95,25,1
1610.41,43.97,25,1
1610.53,43.98,25,1
1610.66,44.0,25,1
1610.78,44.0,25,1
1610.9,44.02,25,1
1611.02,44.03,25,1
1611.14,44.04,25,1
1611.27,44.05,25,1
1611.39,44.06,25,1
1611.51,44.08,25,1
1611.63,44.09,25,0
1611.76,44.1,25,0
1611.88,44.11,25,0
1612.0,44.12,25,0
1612.12,44.14,25,0
1612.24,44.14,25,0
1612.37,44.14,25,0
1612.49,44.14,25,0
1612.61,44.14,25,0
1612.73,44.14,25,0
1612.85,44.14,25,0
1612.98,44.11,25,0
1613.1,44.1,25,0
1613.22,44.1,25,0
1613.34,44.07,25,0
1613.47,44.05,25,0
1613.59,44.03,25,0
1613.71,44.01,25,0
1613.83,43.99,25,0
1613.96,43.96,25,0
1614.08,43.92,25,0
1614.2,43.91,25,0
1614.32,43.87,25,0
1614.44,43.84,25,0
1614.57,43.82,25,0
1614.69,43.79,25,0
1614.81,43.75,25,0
1614.93,43.72,25,0
1615.06,43.69,25,0
1615.18,43.66,25,0
1615.3,43.62,25,0
1615.42,43.6,25,0
1615.54,43.56,25,0
1615.67,43.53,25,0
1615.79,43.49,25,0
1615.91,43.46,25,0
1616.03,43.43,27,0
1616.16,43.39,29,0
1616.28,43.35,77,0
1616.4,43.31,187,0
1616.53,43.28,208,0
1616.65,43.24,208,0
1616.77,43.21,208,0
1616.9,43.17,208,0
1617.02,43.1,208,0
1617.14,43.05,208,0
1617.26,42.98,208,0
1617.39,42.91,211,0
1617.51,42.82,222,0
1617.64,42.75,255,0
1617.76,42.65,255,0
1617.88,42.55,255,0
1618.0,42.45,255,0
1618.13,42.35,255,0
1618.25,42.24,255,0
1618.37,42.12,255,0
1618.5,41.99,255,0
1618.62,41.87,255,0
1618.74,41.74,255,0
1618.86,41.6,255,0
1618.99,41.48,255,0
1619.11,41.34,255,0
1619.23,41.2,255,0
1619.36,41.05,255,0
1619.48,40.91,255,0
1619.6,40.77,255,0
1619.72,40.62,255,0
1619.85,40.47,255,0
1619.97,40.31,255,0
1620.09,40.17,255,0
1620.22,40.02,255,0
1620.34,39.87,255,0
1620.46,39.72,255,0
1620.58,39.57,255,0
1620.71,39.42,255,0
1620.83,39.26,255,0
1620.95,39.12,255,0
1621.08,38.97,255,0
1621.2,38.82,255,0
1621.32,38.66,255,0
1621.45,38.52,255,0
1621.57,38.36,255,0
1621.69,38.22,255,0
1621.81,38.07,255,0
1621.94,37.92,255,0
1622.06,37.77,255,0
1622.18,37.63,255,0
1622.31,37.48,255,0
1622.43,37.34,255,0
1622.55,37.19,255,0
1622.68,37.05,255,0
1622.8,36.91,255,0
1622.92,36.76,255,0
1623.04,36.62,255,0
1623.17,36.47,255,0
1623.29,36.33,255,0
1623.41,36.19,255,0
1623.54,36.05,255,0
1623.66,35.91,255,0
1623.78,35.78,255,0
1623.91,35.63,255,0
1624.03,35.5,255,0
1624.15,35.37,255,0
1624.27,35.23,255,0
1624.4,35.1,255,0
1624.52,34.97,255,0
1624.64,34.83,255,0
1624.77,34.7,255,0
1624.89,34.57,255,0
1625.01,34.44,255,0
1625.13,34.3,255,0
1625.26,34.18,255,0
1625.38,34.05,255,0
1625.5,33.93,255,0
1625.63,33.8,255,0
1625.75,33.68,255,0
1625.87,33.56,255,1
1626.0,33.43,255,1
1626.12,33.31,255,1
1626.24,33.2,255,1
1626.36,33.1,255,1
1626.49,33.04,255,1
1626.61,33.01,255,1
1626.73,33.01,255,1
1626.86,33.05,255,1
1626.98,33.12,255,1
1627.1,33.21,240,1
1627.23,33.33,116,1
1627.35,33.49,0,1
1627.47,33.66,0,1
1627.59,33.83,0,1
1627.72,34.03,0,1
1627.84,34.23,0,1
1627.96,34.42,0,1
1628.08,34.62,0,1
1628.21,34.79,0,1
1628.33,34.96,0,1
1628.45,35.12,0,1
1628.57,35.27,0,1
1628.69,35.42,0,1
1628.82,35.55,0,1
1628.94,35.67,0,1
1629.06,35.79,0,1
1629.18,35.9,0,1
1629.31,36.01,0,1
1629.43,36.1,0,1
1629.55,36.19,0,1
1629.67,36.28,0,1
1629.8,36.36,0,1
1629.92,36.44,0,1
1630.04,36.51,0,1
1630.16,36.58,0,1
1630.28,36.65,0,1
1630.41,36.69,0,1
1630.53,36.75,0,1
1630.65,36.8,0,1
1630.77,36.85,0,1
1630.9,36.89,0,1
1631.02,36.93,0,1
1631.14,36.98,0,1
1631.26,37.0,0,1
1631.38,37.04,0,1
1631.51,37.08,0,1
1631.63,37.1,0,1
1631.75,37.14,0,1
1631.87,37.15,0,1
1631.99,37.18,0,1
1632.12,37.22,0,1
1632.24,37.24,0,1
1632.36,37.24,0,0
1632.48,37.28,0,0
1632.61,37.28,0,0
1632.73,37.31,0,0
1632.85,37.32,0,0
1632.97,37.33,0,0
1633.09,37.34,0,0
1633.22,37.35,0,0
1633.34,37.35,0,0
1633.46,37.39,0,0
1633.58,37.39,0,0
1633.7,37.39,0,0
1633.83,37.41,0,0
1633.95,37.41,0,0
1634.07,37.41,0,0
1634.2,37.42,22,0
1634.32,37.42,143,0
1634.44,37.43,237,0
1634.57,37.43,253,0
1634.69,37.43,253,0
1634.81,37.42,253,0
1634.94,37.42,253,0
1635.06,37.38,253,0
1635.18,37.35,253,0
1635.3,37.31,253,0
1635.43,37.25,253,0
1635.55,37.18,253,0
1635.67,37.12,253,0
1635.8,37.02,253,0
1635.92,36.95,253,0
1636.04,36.85,253,0
1636.17,36.76,253,0
1636.29,36.65,253,0
1636.41,36.56,253,0
1636.53,36.44,253,0
1636.66,36.34,253,0
1636.78,36.21,253,0
1636.9,36.1,253,0
1637.03,35.98,253,0
1637.15,35.85,253,0
1637.27,35.72,253,0
1637.39,35.6,253,0
1637.52,35.47,253,0
1637.64,35.34,253,0
1637.76,35.2,253,0
1637.89,35.08,253,0
1638.01,34.93,253,0
1638.13,34.82,253,0
1638.26,34.67,253,0
1638.38,34.54,253,0
1638.5,34.4,253,0
1638.62,34.27,253,0
1638.75,34.13,253,0
1638.87,34.0,253,0
1638.99,33.86,253,0
1639.11,33.72,253,0
1639.24,33.6,253,0
1639.36,33.46,253,0
1639.48,33.31,253,0
1639.61,33.19,253,0
1639.73,33.05,253,0
1639.85,32.92,253,0
1639.97,32.79,253,0
1640.1,32.66,253,0
1640.22,32.53,207,0
1640.35,32.4,97,0
1640.47,32.29,56,0
1640.59,32.13,22,0
1640.72,32.01,0,0
1640.84,31.9,0,0
1640.96,31.78,0,0
1641.08,31.68,0,0
1641.2,31.59,0,0
1641.33,31.52,6,0
1641.45,31.45,11,0
1641.57,31.39,18,0
1641.7,31.34,18,0
1641.82,31.3,18,0
1641.94,31.27,18,0
1642.06,31.25,23,0
1642.19,31.21,25,0
1642.31,31.19,27,0
1642.43,31.17,28,0
1642.56,31.19,28,0
1642.68,31.16,28,0
1642.8,31.16,28,0
1642.92,31.16,29,0
1643.04,31.15,30,0
1643.17,31.15,30,0
1643.29,31.16,30,0
1643.41,31.17,30,0
1643.53,31.17,30,0
1643.66,31.18,30,0
1643.78,31.19,30,0
1643.9,31.2,30,0
1644.02,31.21,30,0
1644.14,31.22,30,0
1644.27,31.24,30,0
1644.39,31.25,30,0
1644.51,31.27,30,0
1644.63,31.29,30,0
1644.76,31.3,30,0
1644.88,31.3,30,0
1645.0,31.33,30,0
1645.12,31.34,30,0
1645.25,31.35,30,0
1645.37,31.37,30,0
1645.49,31.39,30,0
1645.61,31.4,30,0
1645.73,31.42,30,0
1645.85,31.44,30,0
1645.98,31.45,30,0
1646.1,31.47,30,0
1646.22,31.49,30,0
1646.34,31.5,30,0
1646.47,31.51,30,0
1646.59,31.53,30,1
1646.71,31.54,30,1
1646.83,31.56,30,1
1646.96,31.57,30,1
1647.08,31.59,30,1
1647.2,31.61,30,1
1647.32,31.64,30,1
1647.44,31.67,30,1
1647.57,31.7,30,1
1647.69,31.74,30,1
1647.81,31.77,30,1
1647.93,31.81,30,1
1648.06,31.86,30,1
1648.18,31.91,30,1
1648.3,31.96,30,1
1648.42,32.01,30,1
1648.55,32.06,30,1
1648.67,32.12,30,1
1648.79,32.17,30,1
1648.91,32.23,30,1
1649.03,32.29,30,1
1649.16,32.35,30,1
1649.28,32.4,30,1
1649.4,32.45,30,1
1649.52,32.51,30,1
1649.65,32.58,30,1
1649.77,32.64,30,1
1649.89,32.7,30,1
1650.01,32.77,30,1
1650.13,32.82,30,1
1650.26,32.88,30,1
1650.38,32.94,30,1
1650.5,33.01,30,1
1650.62,33.07,30,1
1650.75,33.14,30,1
1650.87,33.2,30,1
1650.99,33.25,30,1
1651.11,33.33,30,1
1651.23,33.38,30,1
1651.36,33.44,30,1
1651.48,33.5,30,1
1651.6,33.56,30,1
1651.72,33.63,30,1
1651.84,33.69,30,1
1651.97,33.75,30,1
1652.09,33.81,30,1
1652.21,33.86,30,1
1652.33,33.92,30,1
1652.46,33.98,30,1
1652.58,34.03,30,1
1652.7,34.1,30,1
1652.82,34.14,30,1
1652.94,34.2,30,1
1653.07,34.26,30,1
1653.19,34.32,30,1
1653.31,34.37,30,1
1653.43,34.43,30,1
1653.56,34.49,30,1
1653.68,34.54,30,1
1653.8,34.6,30,1
1653.92,34.65,30,1
1654.04,34.7,30,1
1654.17,34.75,30,1
1654.29,34.81,30,1
1654.41,34.85,30,1
1654.53,34.91,30,1
1654.66,34.96,30,1
1654.78,35.01,30,1
1654.9,35.06,30,1
1655.02,35.11,30,1
1655.15,35.16,30,1
1655.27,35.21,30,1
1655.39,35.27,30,1
1655.51,35.3,30,1
1655.63,35.35,30,1
1655.76,35.4,30,1
1655.88,35.45,30,1
1656.0,35.49,30,1
1656.12,35.54,30,1
1656.25,35.58,30,1
1656.37,35.63,30,1
1656.49,35.67,30,1
1656.61,35.72,30,1
1656.73,35.76,30,1
1656.86,35.81,30,1
1656.98,35.85,30,1
1657.1,35.9,30,1
1657.22,35.93,30,1
1657.34,35.99,30,1
1657.47,36.03,30,1
1657.59,36.06,30,1
1657.71,36.11,30,1
1657.83,36.15,30,1
1657.96,36.19,30,1
1658.08,36.23,30,1
1658.2,36.27,30,1
1658.32,36.31,30,1
1658.44,36.35,30,1
1658.57,36.41,30,1
1658.69,36.43,30,1
1658.81,36.47,30,1
1658.93,36.51,30,1
1659.06,36.55,30,1
1659.18,36.59,30,1
1659.3,36.63,30,1
1659.42,36.66,30,1
1659.55,36.7,30,1
1659.67,36.74,30,1
1659.79,36.78,30,1
1659.91,36.82,30,1
1660.04,36.85,30,1
1660.16,36.88,30,1
1660.28,36.92,30,1
1660.4,36.96,30,1
1660.52,36.99,30,1
1660.65,37.03,30,1
1660.77,37.06,30,1
1660.89,37.1,30,1
1661.01,37.13,30,1
1661.13,37.16,30,1
1661.26,37.2,30,1
1661.38,37.23,30,1
1661.5,37.27,30,1
1661.62,37.31,30,1
1661.75,37.33,30,1
1661.87,37.37,30,1
1661.99,37.41,30,1
1662.11,37.45,30,1
1662.23,37.47,30,1
1662.36,37.5,30,1
1662.48,37.54,30,1
1662.6,37.58,30,1
1662.72,37.6,30,1
1662.84,37.63,30,1
1662.97,37.67,30,1
1663.09,37.7,30,1
1663.21,37.73,30,1
1663.33,37.77,30,1
1663.46,37.8,30,1
1663.58,37.83,30,1
1663.7,37.86,30,1
1663.82,37.89,30,1
1663.95,37.92,30,1
1664.07,37.94,30,1
1664.19,37.98,30,1
1664.31,38.01,30,1
1664.44,38.04,30,1
1664.56,38.07,30,1
1664.68,38.09,30,1
1664.8,38.13,30,1
1664.92,38.16,30,1
1665.05,38.19,30,1
1665.17,38.22,30,1
1665.29,38.25,30,1
1665.41,38.27,30,1
1665.54,38.31,30,1
1665.66,38.33,30,1
1665.78,38.37,30,1
1665.9,38.39,30,1
1666.03,38.42,30,1
1666.15,38.45,30,1
1666.27,38.5,30,1
1666.39,38.51,30,1
1666.51,38.53,30,1
1666.64,38.56,30,1
1666.76,38.58,30,1
1666.88,38.62,30,1
1667.0,38.65,30,1
1667.13,38.67,30,1
1667.25,38.7,30,1
1667.37,38.73,30,1
1667.49,38.75,30,1
1667.61,38.78,30,1
1667.74,38.81,30,1
1667.86,38.85,30,1
1667.98,38.86,30,1
1668.1,38.88,30,1
1668.23,38.92,30,1
1668.35,38.94,30,1
1668.47,38.96,30,1
1668.59,39.0,30,1
1668.71,39.03,30,1
1668.84,39.05,30,1
1668.96,39.08,30,1
1669.08,39.11,30,1
1669.2,39.13,30,1
1669.32,39.16,30,1
1669.45,39.19,30,1
1669.57,39.21,30,1
1669.69,39.23,30,1
1669.81,39.26,30,1
1669.94,39.29,30,1
1670.06,39.31,30,1
1670.18,39.35,30,1
1670.3,39.36,30,1
1670.43,39.39,30,1
1670.55,39.42,30,1
1670.67,39.43,30,1
1670.79,39.48,30,1
1670.92,39.49,30,1
1671.04,39.51,30,1
1671.16,39.54,30,1
1671.28,39.57,30,1
1671.4,39.59,30,1
1671.53,39.62,30,1
1671.65,39.64,30,1
1671.77,39.66,30,1
1671.89,39.69,30,1
1672.02,39.71,30,1
1672.14,39.74,30,1
1672.26,39.77,30,1
1672.38,39.78,30,1
1672.51,39.81,30,1
1672.63,39.84,30,1
1672.75,39.86,30,1
1672.87,39.89,30,1
1672.99,39.91,30,1
1673.12,39.94,30,1
1673.24,39.96,30,1
1673.36,39.99,30,1
1673.48,40.01,30,1
1673.61,40.03,30,1
1673.73,40.06,30,1
1673.85,40.08,30,1
1673.97,40.09,30,1
1674.09,40.11,30,1
1674.22,40.15,30,1
1674.34,40.17,30,1
1674.46,40.2,30,1
1674.58,40.23,30,1
1674.7,40.25,30,1
1674.83,40.27,30,1
1674.95,40.3,30,1
1675.07,40.31,30,1
1675.19,40.34,30,1
1675.32,40.36,30,1
1675.44,40.39,30,1
1675.56,40.42,30,1
1675.68,40.42,30,1
1675.81,40.46,30,1
1675.93,40.48,30,1
1676.05,40.51,30,1
1676.17,40.52,30,1
1676.3,40.54,30,1
1676.42,40.57,30,1
1676.54,40.59,30,1
1676.66,40.62,30,1
1676.78,40.65,30,1
1676.91,40.67,30,1
1677.03,40.68,30,1
1677.15,40.71,30,1
1677.27,40.72,30,1
1677.4,40.75,30,1
1677.52,40.78,30,1
1677.64,40.79,30,1
1677.76,40.82,30,1
1677.89,40.84,30,1
1678.01,40.86,30,1
1678.13,40.88,30,1
1678.25,40.91,30,1
1678.37,40.93,30,1
1678.5,40.95,30,1
1678.62,40.97,30,1
1678.74,40.99,30,1
1678.86,41.0,30,1
1678.98,41.04,30,1
1679.11,41.05,30,1
1679.23,41.07,30,1
1679.35,41.1,30,1
1679.47,41.12,30,1
1679.6,41.15,30,1
1679.72,41.17,30,1
1679.84,41.19,30,1
1679.96,41.21,30,1
1680.09,41.22,30,1
1680.21,41.24,30,1
1680.33,41.27,30,1
1680.45,41.28,30,1
1680.57,41.31,30,1
1680.7,41.33,30,1
1680.82,41.34,30,1
1680.94,41.36,30,1
1681.06,41.38,30,1
1681.19,41.41,30,1
1681.31,41.43,30,1
1681.43,41.45,30,1
1681.55,41.47,30,1
1681.68,41.49,30,1
1681.8,41.51,30,1
1681.92,41.54,30,1
1682.04,41.56,30,1
1682.16,41.58,30,1
1682.29,41.59,30,1
1682.41,41.62,30,1
1682.53,41.64,30,1
1682.65,41.66,30,1
1682.78,41.67,30,1
1682.9,41.69,30,1
1683.02,41.72,30,1
1683.14,41.74,30,1
1683.26,41.76,30,1
1683.39,41.77,30,1
1683.51,41.8,30,1
1683.63,41.82,30,1
1683.75,41.83,30,1
1683.88,41.85,30,1
1684.0,41.87,30,1
1684.12,41.9,30,1
1684.24,41.91,30,1
1684.36,41.93,30,1
1684.49,41.96,30,1
1684.61,41.98,30,1
1684.73,41.99,30,1
1684.85,42.01,30,1
1684.97,42.04,30,1
1685.1,42.06,30,1
1685.22,42.07,30,1
1685.34,42.09,30,1
1685.46,42.12,30,1
1685.59,42.13,30,1
1685.71,42.15,30,1
1685.83,42.16,30,1
1685.95,42.19,30,1
1686.07,42.2,30,1
1686.2,42.24,30,1
1686.32,42.25,30,1
1686.44,42.26,30,1
1686.56,42.28,30,1
1686.69,42.3,30,1
1686.81,42.32,30,1
1686.93,42.35,30,1
1687.05,42.36,30,1
1687.18,42.38,30,1
1687.3,42.4,30,1
1687.42,42.42,30,1
1687.54,42.44,30,1
1687.66,42.46,30,1
1687.79,42.47,30,1
1687.91,42.5,30,1
1688.03,42.52,30,1
1688.15,42.53,30,1
1688.28,42.55,30,1
1688.4,42.57,30,1
1688.52,42.58,30,1
1688.64,42.6,30,1
1688.76,42.62,30,1
1688.89,42.64,30,1
1689.01,42.65,30,1
1689.13,42.68,30,1
1689.25,42.7,30,1
1689.38,42.71,30,1
1689.5,42.73,30,1
1689.62,42.75,30,1
1689.74,42.77,30,1
1689.86,42.79,30,1
1689.99,42.81,30,1
1690.11,42.82,30,1
1690.23,42.83,30,1
1690.35,42.86,30,1
1690.47,42.87,30,1
1690.6,42.9,30,1
1690.72,42.92,30,1
1690.84,42.92,30,1
1690.96,42.93,30,1
1691.09,42.96,30,1
1691.21,42.98,30,1
1691.33,43.0,30,1
1691.45,43.01,30,1
1691.57,43.03,30,1
1691.7,43.05,30,1
1691.82,43.07,30,1
1691.94,43.08,30,1
1692.06,43.1,30,1
1692.19,43.11,30,1
1692.31,43.13,30,1
1692.43,43.14,30,1
1692.55,43.17,30,1
1692.68,43.18,30,1
1692.8,43.2,30,1
1692.92,43.22,30,1
1693.04,43.23,30,1
1693.16,43.25,30,1
1693.29,43.27,30,1
1693.41,43.28,30,1
1693.53,43.3,30,1
1693.65,43.33,30,1
1693.77,43.33,30,1
1693.9,43.36,30,1
1694.02,43.37,30,1
1694.14,43.38,30,1
1694.26,43.4,30,1
1694.39,43.41,30,1
1694.51,43.43,30,1
1694.63,43.44,30,1
1694.75,43.47,30,1
1694.88,43.48,30,1
1695.0,43.5,30,1
1695.12,43.52,30,1
1695.24,43.53,30,1
1695.36,43.56,30,1
1695.48,43.56,30,1
1695.61,43.58,30,1
1695.73,43.6,30,1
1695.85,43.61,30,1
1695.97,43.62,30,1
1696.1,43.65,30,1
1696.22,43.67,30,1
1696.34,43.67,30,1
1696.46,43.69,30,1
1696.59,43.7,30,1
1696.71,43.73,30,1
1696.83,43.73,30,1
1696.95,43.76,30,1
1697.07,43.76,30,1
1697.2,43.77,30,1
1697.32,43.8,30,1
1697.44,43.81,30,1
1697.56,43.83,30,1
1697.69,43.85,30,1
1697.81,43.87,30,1
1697.93,43.88,30,1
1698.05,43.89,30,1
1698.17,43.91,30,1
1698.3,43.92,30,1
1698.42,43.95,30,1
1698.54,43.96,30,1
1698.66,43.97,30,1
1698.79,43.99,30,1
1698.91,44.01,30,1
1699.03,44.03,30,1
1699.15,44.04,30,1
1699.27,44.05,30,1
1699.4,44.07,30,1
1699.52,44.08,30,1
1699.64,44.1,30,1
1699.76,44.11,30,1
1699.89,44.12,30,1
1700.01,44.14,30,1
1700.13,44.15,30,1
1700.25,44.17,30,1
1700.38,44.19,30,1
1700.5,44.2,30,1
1700.62,44.21,30,1
1700.74,44.23,30,1
1700.86,44.23,30,1
1700.98,44.26,30,1
1701.11,44.27,30,1
1701.23,44.29,30,1
1701.35,44.31,30,1
1701.47,44.32,30,1
1701.6,44.33,30,1
1701.72,44.34,30,1
1701.84,44.37,30,1
1701.96,44.38,30,1
1702.08,44.39,30,1
1702.21,44.4,30,1
1702.33,44.42,30,1
1702.45,44.44,30,1
1702.57,44.45,30,1
1702.7,44.46,30,1
1702.82,44.48,30,1
1702.94,44.49,30,1
1703.06,44.51,30,1
1703.19,44.52,30,1
1703.31,44.53,30,1
1703.43,44.54,30,1
1703.55,44.56,30,1
1703.67,44.57,30,1
1703.8,44.59,30,1
1703.92,44.61,30,1
1704.04,44.62,30,1
1704.16,44.62,30,1
1704.29,44.65,30,1
1704.41,44.66,30,1
1704.53,44.67,30,1
1704.65,44.69,30,1
1704.77,44.71,30,1
1704.9,44.71,30,1
1705.02,44.72,30,1
1705.14,44.74,30,1
1705.26,44.75,30,1
1705.39,44.77,30,1
1705.51,44.78,30,1
1705.63,44.79,30,1
1705.75,44.81,30,1
1705.87,44.81,30,1
1706.0,44.84,30,1
1706.12,44.85,30,1
1706.24,44.86,30,1
1706.36,44.88,30,1
1706.48,44.88,30,1
1706.61,44.9,30,1
1706.73,44.92,30,1
1706.85,44.93,30,1
1706.97,44.95,30,1
1707.1,44.96,30,1
1707.22,44.97,30,1
1707.34,44.98,30,1
1707.46,45.0,30,1
1707.59,45.01,30,1
1707.71,45.02,30,1
1707.83,45.04,30,1
1707.95,45.05,30,1
1708.07,45.07,30,1
1708.2,45.08,30,1
1708.32,45.08,30,1
1708.44,45.1,30,1
1708.56,45.11,30,1
1708.69,45.12,30,1
1708.81,45.14,30,1
1708.93,45.14,30,1
1709.05,45.17,30,1
1709.17,45.17,30,1
1709.3,45.19,30,1
1709.42,45.2,30,1
1709.54,45.21,30,1
1709.66,45.23,30,1
1709.79,45.24,30,1
1709.91,45.25,30,1
1710.03,45.27,30,1
1710.15,45.28,30,1
1710.28,45.29,30,1
1710.4,45.31,30,1
1710.52,45.32,30,1
1710.64,45.33,30,1
1710.76,45.34,30,1
1710.89,45.36,30,1
1711.01,45.37,30,1
1711.13,45.37,30,1
1711.25,45.39,30,1
1711.38,45.4,30,1
1711.5,45.42,30,1
1711.62,45.43,30,1
1711.74,45.44,30,1
1711.86,45.46,30,1
1711.99,45.46,30,1
1712.11,45.47,30,1
1712.23,45.49,30,1
1712.35,45.49,30,1
1712.47,45.51,30,1
1712.6,45.53,30,1
1712.72,45.54,30,1
1712.84,45.54,30,1
1712.96,45.56,30,1
1713.09,45.57,30,1
1713.21,45.59,30,1
1713.33,45.6,30,1
1713.45,45.61,30,1
1713.57,45.62,30,1
1713.7,45.64,30,1
1713.82,45.65,30,1
1713.94,45.65,30,1
1714.06,45.67,30,1
1714.19,45.68,30,1
1714.31,45.69,30,1
1714.43,45.7,30,1
1714.55,45.71,30,1
1714.67,45.72,30,1
1714.8,45.74,30,1
1714.92,45.76,30,1
1715.04,45.77,30,1
1715.16,45.77,30,1
1715.29,45.78,30,1
1715.41,45.79,30,1
1715.53,45.8,30,1
1715.65,45.83,30,1
1715.77,45.83,30,1
1715.9,45.84,30,1
1716.02,45.86,30,1
1716.14,45.87,30,1
1716.26,45.87,30,1
1716.39,45.89,30,1
1716.51,45.9,30,1
1716.63,45.91,30,1
1716.75,45.92,30,1
1716.88,45.93,30,1
1717.0,45.94,30,1
1717.12,45.95,30,1
1717.24,45.97,30,1
1717.36,45.97,30,1
1717.48,45.99,30,1
1717.61,46.0,30,1
1717.73,46.02,30,1
1717.85,46.03,30,1
1717.97,46.03,30,1
1718.1,46.04,30,1
1718.22,46.05,30,1
1718.34,46.08,30,1
1718.46,46.08,30,1
1718.59,46.09,30,1
1718.71,46.11,30,1
1718.83,46.11,30,1
1718.95,46.12,30,1
1719.07,46.14,30,1
1719.2,46.15,30,1
1719.32,46.16,30,1
1719.44,46.16,30,1
1719.56,46.17,30,1
1719.69,46.19,30,1
1719.81,46.19,30,1
1719.93,46.2,30,1
1720.05,46.22,30,1
1720.17,46.23,30,1
1720.3,46.24,30,1
1720.42,46.25,30,1
1720.54,46.25,30,1
1720.66,46.26,30,1
1720.79,46.27,30,1
1720.91,46.29,30,1
1721.03,46.29,30,1
1721.15,46.31,30,1
1721.27,46.32,30,1
1721.4,46.33,30,1
1721.52,46.34,30,1
1721.64,46.35,30,1
1721.76,46.36,30,1
1721.89,46.36,30,1
1722.01,46.38,30,1
1722.13,46.38,30,1
1722.25,46.39,30,1
1722.38,46.41,30,1
1722.5,46.42,30,1
1722.62,46.43,30,1
1722.74,46.43,30,1
1722.86,46.44,30,1
1722.98,46.46,30,1
1723.11,46.47,30,1
1723.23,46.48,30,1
1723.35,46.49,30,1
1723.47,46.5,30,1
1723.6,46.5,30,1
1723.72,46.51,30,1
1723.84,46.53,30,1
1723.96,46.55,30,1
1724.08,46.56,30,1
1724.21,46.56,30,1
1724.33,46.56,30,1
1724.45,46.59,30,1
1724.57,46.59,30,1
1724.7,46.6,30,1
1724.82,46.61,30,1
1724.94,46.61,30,1
1725.06,46.62,30,1
1725.19,46.64,30,1
1725.31,46.64,30,1
1725.43,46.65,30,1
1725.55,46.67,30,1
1725.67,46.67,30,1
1725.8,46.68,30,1
1725.92,46.68,30,1
1726.04,46.71,30,1
1726.16,46.71,30,1
1726.29,46.73,30,1
1726.41,46.72,30,1
1726.53,46.73,30,1
1726.65,46.75,30,1
1726.77,46.76,30,1
1726.9,46.76,30,1
1727.02,46.78,30,1
1727.14,46.79,30,1
1727.26,46.8,30,0
1727.39,46.82,30,0
1727.51,46.82,30,0
1727.63,46.84,30,0
1727.75,46.84,30,0
1727.88,46.84,31,0
1728.0,46.83,31,0
1728.12,46.83,32,0
1728.24,46.86,141,0
1728.37,46.81,189,0
1728.49,46.79,199,0
1728.61,46.78,215,0
1728.74,46.74,223,0
1728.86,46.72,232,0
1728.99,46.67,240,0
1729.11,46.62,240,0
1729.23,46.55,243,0
1729.36,46.47,246,0
1729.48,46.39,251,0
1729.6,46.31,255,0
1729.73,46.21,255,0
1729.85,46.1,255,0
1729.97,45.99,255,0
1730.1,45.87,255,0
1730.22,45.74,255,0
1730.34,45.61,255,0
1730.46,45.47,255,0
1730.59,45.34,255,0
1730.71,45.19,255,0
1730.83,45.04,255,0
1730.96,44.89,255,0
1731.08,44.74,255,0
1731.2,44.58,255,0
1731.33,44.43,255,0
1731.45,44.28,255,0
1731.57,44.11,255,0
1731.69,43.95,255,0
1731.82,43.79,255,0
1731.94,43.63,255,0
1732.06,43.47,255,0
1732.19,43.3,255,0
1732.31,43.13,255,0
1732.43,42.97,255,0
1732.56,42.8,255,0
1732.68,42.64,255,0
1732.8,42.47,255,0
1732.93,42.31,255,0
1733.05,42.14,255,0
1733.17,41.97,255,0
1733.29,41.81,255,0
1733.42,41.64,255,0
1733.54,41.47,255,0
1733.66,41.31,255,0
1733.79,41.15,255,0
1733.91,40.99,255,0
1734.03,40.83,255,0
1734.15,40.66,255,0
1734.28,40.5,255,0
1734.4,40.35,255,0
1734.52,40.19,255,0
1734.65,40.03,255,0
1734.77,39.87,255,0
1734.89,39.72,255,0
1735.02,39.56,255,0
1735.14,39.41,255,0
1735.26,39.26,255,0
1735.38,39.11,255,0
1735.51,38.96,255,0
1735.63,38.81,255,0
1735.75,38.66,255,0
1735.88,38.52,255,0
1736.0,38.36,255,0
1736.12,38.23,255,0
1736.24,38.08,255,0
1736.37,37.94,255,0
1736.49,37.79,255,0
1736.61,37.65,255,0
1736.73,37.51,255,0
1736.86,37.37,255,0
1736.98,37.22,255,0
1737.1,37.09,255,0
1737.23,36.95,255,0
1737.35,36.81,255,0
1737.47,36.68,255,0
1737.6,36.55,255,0
1737.72,36.41,255,0
1737.84,36.28,255,0
1737.96,36.14,255,0
1738.09,36.01,255,0
1738.21,35.87,255,0
1738.33,35.74,255,0
1738.46,35.61,255,0
1738.58,35.49,255,0
1738.7,35.36,255,0
1738.82,35.23,255,0
1738.95,35.1,255,0
1739.07,34.98,255,0
1739.19,34.85,255,0
1739.32,34.73,255,0
1739.44,34.61,255,0
1739.56,34.48,255,0
1739.69,34.36,255,0
1739.81,34.24,255,0
1739.93,34.11,255,0
1740.06,34.0,255,0
1740.18,33.88,255,0
1740.3,33.76,255,0
1740.42,33.64,255,0
1740.55,33.52,255,0
1740.67,33.41,255,0
1740.79,33.29,255,0
1740.92,33.18,255,0
1741.04,33.07,255,0
1741.16,32.95,255,0
1741.29,32.84,255,0
1741.41,32.72,255,0
1741.53,32.62,255,0
1741.65,32.5,255,0
1741.78,32.39,255,0
1741.9,32.28,255,0
1742.02,32.17,255,0
1742.15,32.06,255,0
1742.27,31.95,255,0
1742.39,31.84,255,0
1742.52,31.73,255,0
1742.64,31.62,255,0
1742.76,31.51,255,0
1742.88,31.41,255,0
1743.01,31.3,255,0
1743.13,31.2,255,0
1743.25,31.1,255,0
1743.38,30.99,255,0
1743.5,30.88,255,0
1743.62,30.78,255,0
1743.74,30.68,255,0
1743.87,30.57,255,0
1743.99,30.47,255,0
1744.11,30.37,255,0
1744.23,30.26,255,0
1744.36,30.16,255,0
1744.48,30.06,255,0
1744.6,29.96,255,0
1744.73,29.86,255,0
1744.85,29.76,255,0
1744.97,29.67,255,0
1745.1,29.56,255,0
1745.22,29.46,255,0
1745.34,29.36,255,0
0.12,28.58,0,1
0.24,28.6,0,1
0.36,28.62,0,1
0.49,28.63,0,1
0.61,28.65,0,1
0.73,28.67,0,1
0.85,28.68,0,1
0.98,28.7,0,1
1.1,28.71,0,1
1.22,28.73,0,1
1.34,28.75,0,1
1.47,28.76,0,1
1.59,28.78,0,1
1.71,28.79,0,1
1.83,28.8,0,1
1.95,28.83,0,1
2.08,28.84,0,1
2.2,28.85,0,1
2.32,28.87,0,1
2.44,28.88,0,1
2.57,28.9,0,1
2.69,28.91,0,1
2.81,28.93,0,1
2.93,28.94,0,1
3.05,28.96,0,1
3.18,28.97,0,1
3.3,28.99,0,1
3.42,29.0,0,1
3.54,29.02,0,1
3.66,29.04,0,1
3.79,29.04,0,1
3.91,29.06,0,1
4.03,29.07,0,1
4.15,29.09,0,1
4.28,29.1,0,1
4.4,29.12,0,1
4.52,29.13,0,1
4.64,29.15,0,1
4.76,29.16,0,1
4.89,29.17,0,1
5.01,29.19,0,1
5.13,29.21,0,1
5.25,29.22,0,1
5.38,29.23,0,1
5.5,29.25,0,1
5.62,29.26,0,1
5.74,29.28,0,1
5.86,29.29,0,1
5.99,29.3,0,1
6.11,29.32,0,1
6.23,29.33,0,1
6.35,29.35,0,1
6.48,29.36,0,1
6.6,29.37,0,1
6.72,29.39,0,1
6.84,29.4,1,1
6.97,29.41,26,1
7.09,29.42,128,1
7.21,29.44,208,1
7.33,29.46,223,1
7.46,29.47,244,1
7.58,29.49,251,1
7.7,29.55,251,1
7.82,29.61,251,1
7.95,29.67,251,1
8.07,29.77,251,1
8.19,29.89,251,1
8.31,30.03,251,1
8.44,30.18,251,1
8.56,30.34,251,1
8.68,30.54,251,1
8.8,30.73,251,1
8.93,30.94,251,1
9.05,31.17,251,1
9.17,31.4,251,1
9.29,31.64,251,1
9.41,31.9,251,1
9.54,32.15,251,1
9.66,32.43,251,1
9.78,32.71,251,1
9.9,32.98,251,1
10.02,33.27,251,1
10.15,33.58,251,1
10.27,33.88,251,1
10.39,34.17,251,1
10.51,34.49,251,1
10.64,34.81,251,1
10.76,35.13,251,1
10.88,35.45,251,1
11.0,35.77,251,1
11.12,36.1,251,1
11.25,36.43,251,1
11.37,36.77,251,1
11.49,37.09,251,1
11.61,37.42,251,1
11.74,37.75,251,1
11.86,38.08,251,1
11.98,38.41,251,1
12.1,38.74,251,1
12.22,39.07,251,1
12.35,39.4,251,1
12.47,39.72,251,1
12.59,40.05,251,1
12.71,40.38,251,1
12.84,40.71,251,1
12.96,41.05,251,1
13.08,41.36,251,1
13.2,41.69,251,1
13.32,42.02,251,1
13.45,42.35,251,1
13.57,42.67,251,1
13.69,42.99,251,1
13.81,43.3,251,1
13.94,43.62,251,1
14.06,43.94,251,1
14.18,44.25,251,1
14.3,44.56,251,1
14.42,44.87,251,1
14.55,45.17,251,1
14.67,45.49,251,1
14.79,45.78,251,1
14.91,46.07,251,1
15.03,46.38,251,1
15.16,46.69,251,1
15.28,46.98,251,1
15.4,47.27,251,1
15.52,47.57,251,1
15.65,47.85,251,1
15.77,48.15,251,1
15.89,48.43,251,1
16.01,48.72,251,1
16.13,48.99,251,1
16.26,49.28,251,1
16.38,49.57,251,1
16.5,49.84,251,1
16.62,50.13,251,1
16.75,50.39,251,1
16.87,50.67,251,1
16.99,50.95,251,1
17.11,51.22,251,1
17.23,51.5,251,1
17.36,51.76,251,1
17.48,52.03,251,1
17.6,52.29,251,1
17.72,52.55,251,1
17.85,52.81,251,1
17.97,53.07,251,1
18.09,53.33,251,1
18.21,53.59,251,1
18.33,53.84,251,1
18.46,54.09,251,1
18.58,54.35,251,1
18.7,54.59,251,1
18.82,54.84,251,1
18.95,55.08,251,1
19.07,55.34,251,1
19.19,55.57,251,1
19.31,55.82,251,1
19.43,56.06,251,1
19.56,56.3,251,1
19.68,56.54,251,1
19.8,56.77,251,1
19.92,57.01,251,1
20.04,57.24,251,1
20.17,57.47,251,1
20.29,57.7,251,1
20.41,57.93,251,1
20.53,58.17,251,1
20.66,58.4,251,1
20.78,58.64,251,1
20.9,58.85,251,1
21.02,59.08,251,1
21.14,59.31,251,1
21.27,59.52,251,1
21.39,59.75,251,1
21.51,59.95,251,1
21.63,60.19,0,1
21.78,60.44,0,1
21.92,60.72,0,1
22.07,60.95,0,1
22.21,61.19,0,1
22.35,61.39,0,1
22.5,61.56,0,1
22.64,61.71,0,1
22.78,61.83,0,1
22.93,61.93,0,1
23.07,62.0,0,1
23.22,62.04,0,1
23.36,62.07,0,1
23.5,62.08,0,1
23.65,62.06,0,1
23.79,62.05,0,1
23.93,62.0,0,0
24.08,61.96,0,0
24.22,61.89,0,0
24.37,61.81,0,0
24.51,61.72,0,0
24.65,61.62,0,0
24.8,61.54,0,0
24.94,61.43,0,0
25.08,61.32,0,0
25.23,61.18,0,0
25.37,61.06,0,0
25.52,60.94,0,0
25.66,60.8,0,0
25.8,60.68,0,0
25.95,60.53,0,0
26.09,60.4,0,0
26.23,60.25,0,0
26.38,60.1,0,0
26.52,59.97,255,0
26.64,59.83,255,0
26.77,59.71,255,0
26.89,59.57,255,0
27.01,59.44,255,0
27.13,59.31,255,0
27.25,59.13,255,0
27.38,58.97,255,0
27.5,58.81,255,0
27.62,58.62,255,0
27.74,58.43,255,0
27.87,58.23,255,0
27.99,58.03,255,0
28.11,57.82,255,0
28.23,57.61,255,0
28.35,57.39,255,0
28.48,57.17,255,0
28.6,56.94,255,0
28.72,56.73,255,0
28.84,56.49,255,0
28.96,56.26,255,0
29.09,56.02,255,0
29.21,55.8,255,0
29.33,55.56,255,0
29.45,55.33,255,0
29.58,55.1,255,0
29.7,54.86,255,0
29.82,54.62,255,0
29.94,54.38,255,0
30.06,54.16,255,0
30.19,53.92,255,0
30.31,53.69,255,0
30.43,53.46,255,0
30.55,53.23,255,0
30.68,53.0,255,0
30.8,52.76,255,0
30.92,52.52,255,0
31.04,52.29,255,0
31.17,52.07,255,0
31.29,51.85,255,0
31.41,51.63,255,0
31.53,51.41,255,0
31.65,51.19,255,0
31.78,50.96,255,0
31.9,50.74,255,0
32.02,50.53,255,0
32.14,50.32,255,0
32.27,50.09,255,0
32.39,49.87,255,0
32.51,49.69,255,0
32.63,49.44,255,0
32.75,49.24,255,0
32.88,49.07,255,0
33.0,48.86,255,0
33.12,48.6,255,0
33.24,48.48,255,0
33.37,48.24,255,0
33.49,48.04,255,0
33.61,47.85,255,0
33.73,47.64,255,0
33.85,47.51,255,0
33.98,47.28,255,0
34.1,47.07,255,0
34.22,46.92,255,0
34.34,46.72,255,0
34.47,46.52,255,0
34.59,46.36,255,0
34.71,46.22,255,0
34.83,46.0,255,0
34.95,45.82,255,0
35.08,45.66,255,0
35.2,45.46,255,0
35.32,45.3,255,0
35.44,45.11,255,0
35.56,44.95,255,0
35.69,44.79,255,0
35.81,44.59,255,0
35.93,44.44,255,0
36.05,44.29,255,0
36.18,44.13,255,0
36.3,43.97,255,0
36.42,43.81,255,0
36.54,43.64,255,0
36.67,43.49,255,0
36.79,43.34,255,0
36.91,43.19,255,0
37.03,43.03,255,0
37.15,42.88,255,0
37.28,42.72,255,0
37.4,42.56,255,0
37.52,42.41,255,0
37.64,42.28,255,0
37.77,42.11,255,0
37.89,41.98,255,0
38.01,41.82,255,0
38.13,41.67,255,0
38.25,41.53,255,0
38.38,41.39,255,0
38.5,41.25,255,0
38.62,41.1,255,0
38.74,40.96,255,0
38.86,40.81,255,0
38.99,40.68,255,0
39.11,40.54,255,0
39.23,40.4,255,0
39.35,40.27,255,0
39.48,40.12,255,0
39.6,39.98,255,0
39.72,39.88,255,0
39.84,39.72,255,0
39.96,39.58,255,0
40.09,39.47,255,0
40.21,39.33,255,0
40.33,39.18,255,0
40.45,39.06,255,0
40.58,38.94,255,0
40.7,38.81,255,0
40.82,38.69,255,0
40.94,38.56,255,0
41.06,38.44,255,0
41.19,38.3,255,0
41.31,38.19,255,0
41.43,38.06,255,0
41.55,37.93,255,0
41.68,37.82,255,0
41.8,37.69,255,0
41.92,37.57,255,0
42.04,37.45,255,0
42.17,37.33,255,0
42.29,37.2,255,0
42.41,37.09,255,0
42.53,36.97,255,0
42.65,36.85,255,0
42.78,36.73,255,0
42.9,36.63,255,0
43.02,36.49,255,0
43.14,36.38,255,0
43.27,36.26,255,0
43.39,36.16,255,0
43.51,36.04,255,0
43.63,35.92,255,0
43.75,35.8,255,0
43.88,35.69,255,0
44.0,35.57,255,0
44.12,35.47,255,0
44.24,35.35,255,0
44.36,35.24,255,0
44.49,35.14,255,0
44.61,35.02,255,0
44.73,34.92,255,0
44.85,34.8,255,0
44.98,34.68,255,0
45.1,34.58,255,0
45.22,34.47,255,0
45.34,34.36,255,0
45.46,34.25,255,0
45.59,34.14,255,0
45.71,34.05,255,0
45.83,33.93,255,0
45.95,33.83,255,0
46.08,33.72,255,0
46.2,33.61,255,0
46.32,33.51,255,0
46.44,33.4,255,0
46.56,33.3,255,0
46.69,33.2,255,0
46.81,33.09,255,0
46.93,32.99,255,0
47.05,32.89,255,0
47.18,32.78,255,0
47.3,32.68,255,0
47.42,32.58,255,0
47.54,32.48,255,0
47.66,32.38,255,0
47.79,32.28,255,0
47.91,32.18,255,0
48.03,32.08,255,0
48.15,31.98,255,0
48.28,31.88,255,0
48.4,31.77,255,0
48.52,31.67,255,0
48.64,31.57,255,0
48.76,31.48,255,0
48.89,31.38,255,0
49.01,31.28,255,0
49.13,31.19,255,0
49.25,31.09,255,0
49.38,30.99,255,0
49.5,30.89,255,0
49.62,30.78,255,0
49.74,30.69,255,0
49.86,30.6,255,0
49.99,30.5,255,0
50.11,30.41,255,0
50.23,30.31,255,0
50.35,30.22,255,0
50.47,30.12,255,0
50.6,30.04,255,0
50.72,29.95,255,0
50.84,29.84,255,0
50.96,29.75,255,0
51.09,29.66,255,0
51.21,29.55,255,0
51.33,29.46,255,0
51.45,29.37,255,0
51.57,29.27,255,0
51.7,29.17,255,0
51.82,29.1,255,0
51.94,28.99,255,0
52.06,28.9,255,0
52.19,28.83,255,0
52.31,28.72,255,0
52.43,28.63,255,0
52.55,28.55,255,0
52.68,28.46,255,0
52.8,28.36,255,0
52.92,28.26,255,0
53.04,28.18,255,0
53.16,28.1,255,0
53.29,28.01,255,0
53.41,27.93,255,0
53.53,27.83,255,0
53.65,27.75,255,0
53.78,27.66,255,0
53.9,27.57,255,0
54.02,27.48,255,0
54.14,27.4,255,0
54.26,27.32,255,0
54.38,27.23,255,0
54.51,27.14,255,0
54.63,27.05,255,0
54.75,26.96,255,0
54.88,26.88,255,0
55.0,26.8,255,0
55.12,26.71,255,0
55.24,26.63,255,0
55.36,26.56,255,0
55.49,26.46,255,0
55.61,26.38,255,0
55.73,26.3,255,0
55.85,26.21,255,0
55.97,26.12,255,0
56.1,26.04,255,0
56.22,25.95,255,0
56.34,25.87,255,0
56.46,25.78,255,0
56.59,25.69,255,0
56.71,25.63,255,0
56.83,25.54,255,0
56.95,25.46,255,0
57.07,25.37,255,0
57.2,25.29,255,0
57.32,25.21,255,0
57.44,25.12,255,0
57.56,25.04,255,0
57.69,24.95,255,0
57.81,24.87,255,0
57.93,24.79,255,0
58.05,24.72,255,0
58.17,24.62,255,0
58.3,24.55,255,0
58.42,24.48,255,0
58.54,24.38,255,0
58.66,24.3,255,0
58.79,24.22,255,0
58.91,24.15,255,0
59.03,24.06,255,0
59.15,23.98,255,0
59.27,23.91,255,0
59.4,23.82,255,0
59.52,23.75,255,0
59.64,23.67,255,0
59.76,23.58,255,0
59.88,23.5,255,0
60.01,23.44,255,0
60.13,23.36,255,0
60.25,23.27,255,0
60.37,23.19,255,0
60.5,23.12,255,0
60.62,23.03,255,0
60.74,22.96,255,0
60.86,22.88,255,0
60.99,22.81,255,0
61.11,22.73,255,0
61.23,22.65,255,0
61.35,22.58,255,0
61.47,22.5,255,0
61.6,22.41,255,0
61.72,22.35,255,0
61.84,22.26,255,0
61.96,22.2,255,0
62.09,22.11,255,0
62.21,22.04,255,0
62.33,21.95,255,0
62.45,21.87,255,0
62.57,21.8,255,0
62.7,21.74,255,0
62.82,21.65,255,0
62.94,21.58,255,0
63.06,21.5,255,0
63.18,21.43,255,0
63.31,21.35,255,0
63.43,21.28,255,0
63.55,21.2,255,0
63.67,21.13,255,0
63.8,21.05,255,0
63.92,20.98,255,0
64.04,20.91,255,0
64.16,20.83,255,0
64.28,20.75,255,0
64.41,20.68,255,0
64.53,20.6,255,0
64.65,20.53,255,0
64.77,20.46,255,0
64.9,20.39,255,0
65.02,20.31,255,0
65.14,20.24,255,0
65.26,20.16,255,0
65.38,20.09,255,0
65.51,20.02,255,0
65.63,19.95,255,0
65.75,19.87,255,0
65.87,19.81,255,0
66.0,19.73,255,0
66.12,19.67,255,0
66.24,19.59,255,0
66.36,19.51,255,0
66.48,19.44,255,0
66.61,19.37,255,0
66.73,19.3,255,0
66.85,19.23,255,0
66.97,19.16,255,0
67.09,19.1,255,0
67.22,19.01,255,0
67.34,18.95,255,0
67.46,18.87,255,0
67.58,18.81,255,0
67.7,18.73,255,0
67.83,18.67,255,0
67.95,18.6,255,0
68.07,18.52,255,0
68.19,18.46,255,0
68.32,18.38,255,0
68.44,18.31,255,0
68.56,18.24,255,0
68.68,18.18,255,0
68.8,18.11,255,0
68.93,18.05,255,0
69.05,17.97,255,0
69.17,17.9,255,0
69.29,17.84,255,0
69.42,17.77,255,0
69.54,17.7,255,0
69.66,17.64,255,0
69.78,17.57,255,0
69.9,17.5,255,0
70.03,17.44,255,0
70.15,17.37,255,0
70.27,17.3,255,0
70.39,17.24,255,0
70.52,17.17,255,0
70.64,17.1,255,0
70.76,17.04,255,0
70.88,16.96,255,0
71.0,16.9,255,0
71.13,16.84,255,0
71.25,16.77,255,0
71.37,16.71,255,0
71.49,16.64,255,0
71.62,16.58,255,0
71.74,16.52,255,0
71.86,16.45,255,0
71.98,16.38,255,0
72.1,16.32,255,0
72.23,16.25,255,0
72.35,16.19,255,0
72.47,16.13,255,0
72.59,16.06,255,0
72.72,16.0,255,0
72.84,15.94,255,0
72.96,15.87,255,0
73.08,15.82,255,0
73.2,15.74,255,0
73.33,15.68,255,0
73.45,15.62,255,0
73.57,15.55,255,0
73.69,15.49,255,0
73.81,15.44,255,0
73.94,15.37,255,0
74.06,15.31,255,0
74.18,15.25,255,0
74.3,15.19,255,0
74.43,15.12,255,0
74.55,15.06,255,0
74.67,15.0,255,0
74.79,14.94,255,0
74.91,14.88,255,0
75.04,14.81,255,0
75.16,14.75,255,0
75.28,14.69,255,0
75.4,14.63,255,0
75.53,14.56,255,0
75.65,14.5,255,0
75.77,14.45,255,0
75.89,14.39,255,0
76.01,14.32,255,0
76.14,14.27,255,0
76.26,14.21,255,0
76.38,14.15,255,0
76.5,14.09,255,0
76.62,14.03,255,0
76.75,13.96,255,0
76.87,13.91,255,0
76.99,13.85,255,0
77.11,13.78,255,0
77.24,13.73,255,0
77.36,13.67,255,0
77.48,13.61,255,0
77.6,13.55,255,0
77.72,13.49,255,0
77.85,13.43,255,0
77.97,13.37,255,0
78.09,13.32,255,0
78.21,13.26,255,0
78.34,13.2,255,0
78.46,13.14,255,0
78.58,13.08,255,0
78.7,13.02,255,0
78.83,12.97,255,0
78.95,12.91,255,0
79.07,12.85,255,0
79.19,12.8,255,0
79.31,12.74,255,0
79.44,12.68,255,0
79.56,12.62,255,0
79.68,12.57,255,0
79.8,12.51,255,0
79.93,12.45,255,0
80.05,12.4,255,0
80.17,12.34,255,0
80.29,12.29,255,0
80.41,12.22,255,0
80.54,12.17,255,0
80.66,12.11,255,0
80.78,12.05,255,0
80.9,12.0,255,0
81.03,11.94,255,0
81.15,11.89,255,0
81.27,11.83,255,0
81.39,11.78,255,0
81.51,11.72,255,0
81.64,11.67,255,0
81.76,11.61,255,0
81.88,11.56,255,0
82.0,11.51,255,0
82.12,11.45,255,0
82.25,11.4,255,0
82.37,11.34,255,0
82.49,11.29,255,0
82.61,11.23,255,0
82.74,11.18,255,0
82.86,11.13,255,0
82.98,11.07,255,0
83.1,11.01,255,0
83.22,10.96,255,0
83.35,10.91,255,0
83.47,10.86,255,0
83.59,10.8,255,0
83.71,10.75,255,0
83.84,10.7,255,0
83.96,10.64,255,0
84.08,10.59,255,0
84.2,10.54,255,0
84.32,10.48,255,0
84.45,10.43,255,0
84.57,10.38,255,0
84.69,10.33,255,0
84.81,10.28,255,0
84.94,10.23,255,0
85.06,10.18,255,0
85.18,10.13,255,0
85.3,10.08,255,0
85.43,10.02,255,0
85.55,9.97,255,0
85.67,9.92,255,0
85.79,9.87,255,0
85.91,9.82,255,0
86.04,9.77,255,0
86.16,9.72,255,0
86.28,9.67,255,0
86.4,9.62,255,0
86.52,9.56,255,0
86.65,9.51,255,0
86.77,9.46,255,0
86.89,9.41,255,0
87.01,9.37,255,0
87.14,9.31,255,0
87.26,9.27,255,0
87.38,9.22,255,0
87.5,9.17,255,0
87.62,9.12,255,0
87.75,9.07,255,0
87.87,9.02,255,0
87.99,8.98,255,0
88.11,8.92,255,0
88.23,8.88,255,0
88.36,8.83,255,0
88.48,8.78,255,0
88.6,8.73,255,0
88.72,8.69,255,0
88.85,8.63,255,0
88.97,8.59,255,0
89.09,8.54,255,0
89.21,8.49,255,0
89.33,8.45,255,0
89.46,8.4,255,0
89.58,8.35,255,0
89.7,8.3,255,0
89.82,8.25,255,0
89.95,8.2,255,0
90.07,8.15,255,0
90.19,8.11,255,0
90.31,8.08,255,0
90.43,8.02,255,0
90.56,7.98,255,0
90.68,7.93,255,0
90.8,7.88,255,0
90.92,7.84,255,0
91.04,7.79,255,0
91.17,7.75,255,0
91.29,7.7,255,0
91.41,7.66,255,0
91.53,7.61,255,0
91.66,7.57,255,0
91.78,7.52,255,0
91.9,7.47,255,0
92.02,7.43,255,0
92.14,7.39,255,0
92.27,7.34,255,0
92.39,7.29,255,0
92.51,7.24,255,0
92.63,7.2,255,0
92.75,7.15,255,0
92.88,7.1,248,0
93.0,7.06,189,0
93.12,7.01,107,0
93.25,6.97,46,0
93.37,6.93,20,0
93.49,6.88,15,0
93.62,6.85,15,0
93.74,6.82,15,0
93.86,6.8,15,0
93.98,6.8,15,0
94.1,6.8,15,0
94.23,6.81,15,0
94.35,6.83,15,0
94.47,6.86,15,0
94.59,6.9,15,0
94.71,6.95,15,0
94.84,7.01,15,0
94.96,7.06,15,0
95.08,7.12,9,0
95.2,7.18,9,0
95.33,7.25,8,0
95.45,7.33,5,0
95.57,7.4,4,0
95.69,7.49,3,0
95.82,7.57,3,0
95.94,7.65,3,0
96.06,7.73,3,0
96.18,7.81,3,0
96.3,7.89,4,0
96.43,8.0,4,0
96.55,8.08,4,0
96.67,8.17,4,0
96.79,8.27,4,0
96.91,8.36,4,0
97.04,8.46,5,0
97.16,8.55,5,0
97.28,8.65,5,0
97.4,8.74,5,0
97.52,8.84,5,0
97.65,8.93,5,0
97.77,9.03,5,0
97.89,9.12,5,0
98.01,9.22,5,0
98.14,9.31,5,1
98.26,9.4,5,1
98.38,9.5,5,1
98.5,9.58,5,1
98.62,9.68,5,1
98.75,9.78,5,1
98.87,9.87,5,1
98.99,9.96,5,1
99.11,10.05,5,1
99.23,10.15,5,1
99.36,10.24,5,1
99.48,10.34,5,1
99.6,10.42,5,1
99.72,10.52,5,1
99.84,10.62,5,1
99.97,10.71,5,1
100.09,10.8,5,1
100.21,10.89,5,1
100.33,10.98,5,1
100.45,11.07,5,1
100.58,11.17,5,1
100.7,11.25,5,1
100.82,11.34,5,1
100.94,11.44,5,1
101.07,11.52,5,1
101.19,11.61,5,1
101.31,11.69,5,1
101.43,11.78,5,1
101.55,11.86,5,1
101.68,11.95,5,0
101.8,12.03,5,0
101.92,12.12,5,0
102.04,12.2,5,0
102.17,12.28,5,0
102.29,12.37,5,0
102.41,12.45,5,0
102.53,12.53,5,0
102.65,12.6,5,0
102.78,12.67,5,0
102.9,12.75,5,0
103.02,12.82,5,0
103.14,12.9,5,0
103.26,12.96,5,0
103.39,13.03,5,0
103.51,13.1,5,0
103.63,13.17,5,0
103.75,13.24,5,0
103.88,13.3,5,0
104.0,13.37,5,0
104.12,13.43,5,0
104.24,13.5,5,0
104.36,13.57,5,0
104.49,13.64,5,0
104.61,13.69,5,0
104.73,13.76,5,0
104.85,13.82,5,0
104.98,13.88,5,0
105.1,13.94,5,0
105.22,13.99,5,0
105.34,14.06,5,0
105.46,14.11,5,0
105.59,14.17,5,0
105.71,14.22,5,0
105.83,14.29,5,0
105.95,14.33,5,0
106.08,14.38,4,0
106.2,14.45,6,0
106.32,14.51,13,0
106.44,14.56,27,0
106.57,14.6,43,0
106.69,14.66,65,0
106.81,14.72,99,0
106.94,14.77,131,0
107.06,14.82,140,0
107.18,14.88,150,0
107.31,14.91,178,0
107.43,14.94,186,0
107.55,14.97,192,0
107.68,15.01,192,0
107.8,15.02,192,0
107.92,15.02,192,0
108.04,15.03,192,0
108.16,15.03,192,0
108.29,15.02,192,0
108.41,15.01,192,0
108.53,14.98,192,0
108.65,14.96,192,0
108.77,14.93,192,0
108.9,14.9,192,0
109.02,14.87,192,0
109.14,14.82,192,0
109.26,14.79,192,0
109.39,14.76,192,0
109.51,14.7,192,0
109.63,14.65,192,0
109.75,14.6,192,0
109.88,14.54,192,0
110.0,14.51,192,0
110.12,14.46,192,0
110.24,14.41,192,0
110.36,14.34,192,0
110.49,14.3,192,0
110.61,14.22,192,0
110.73,14.18,192,0
110.85,14.12,192,0
110.98,14.06,192,0
111.1,14.01,192,0
111.22,13.95,193,0
111.34,13.9,193,0
111.46,13.82,193,0
111.59,13.78,192,0
111.71,13.73,193,0
111.83,13.67,193,0
111.95,13.62,193,0
112.08,13.55,193,0
112.2,13.51,193,0
112.32,13.44,193,0
112.44,13.38,193,0
112.57,13.33,193,0
112.69,13.27,193,0
112.81,13.21,193,0
112.93,13.16,193,0
113.05,13.11,193,0
113.18,13.04,193,0
113.3,12.99,193,0
113.42,12.94,193,0
113.54,12.88,193,0
113.67,12.84,193,0
113.79,12.78,203,0
113.91,12.73,243,0
114.03,12.69,243,0
114.16,12.63,243,0
114.28,12.58,243,0
114.4,12.53,243,0
114.52,12.46,243,0
114.65,12.42,243,0
114.77,12.35,243,0
114.89,12.29,243,0
115.01,12.24,243,0
115.13,12.18,243,0
115.26,12.11,243,0
115.38,12.05,243,0
115.5,11.98,243,0
115.62,11.91,243,0
115.75,11.84,243,0
115.87,11.77,243,0
115.99,11.71,243,0
116.11,11.64,243,0
116.24,11.59,243,0
116.36,11.52,243,0
116.48,11.44,243,0
116.6,11.38,243,0
116.72,11.31,243,0
116.85,11.24,243,0
116.97,11.17,243,0
117.09,11.1,243,0
117.21,11.02,243,0
117.34,10.96,243,0
117.46,10.88,243,0
117.58,10.82,243,0
117.7,10.75,243,0
117.82,10.7,243,0
117.95,10.61,243,0
118.07,10.54,243,0
118.19,10.48,243,0
118.31,10.42,243,0
118.43,10.35,243,0
118.56,10.29,243,0
118.68,10.22,243,0
118.8,10.15,243,0
118.93,10.08,243,0
119.05,10.02,243,0
119.17,9.96,243,0
119.29,9.89,243,0
119.41,9.83,243,0
119.54,9.77,243,0
119.66,9.71,243,0
119.78,9.66,243,0
119.9,9.59,243,0
120.02,9.52,243,0
120.15,9.46,243,0
120.27,9.4,243,0
120.39,9.34,243,0
120.51,9.28,243,0
120.64,9.22,243,0
120.76,9.16,243,0
120.88,9.11,243,0
121.0,9.04,243,0
121.12,9.0,243,0
121.25,8.92,243,0
121.37,8.88,243,0
121.49,8.82,243,0
121.61,8.76,243,0
121.74,8.7,243,0
121.86,8.67,243,0
121.98,8.59,243,0
122.1,8.54,243,0
122.22,8.49,243,0
122.35,8.44,243,0
122.47,8.38,243,0
122.59,8.33,243,0
122.71,8.28,243,0
122.83,8.22,243,0
122.96,8.17,243,0
123.08,8.12,243,0
123.2,8.08,243,0
123.32,8.03,243,0
123.45,7.97,243,0
123.57,7.91,243,0
123.69,7.86,243,0
123.81,7.81,243,0
123.93,7.77,243,0
124.06,7.71,243,0
124.18,7.66,243,0
124.3,7.61,243,0
124.43,7.55,243,0
124.55,7.51,243,0
124.67,7.45,243,0
124.79,7.42,243,0
124.91,7.37,243,0
125.04,7.32,243,0
125.16,7.27,243,0
125.28,7.21,243,0
125.4,7.17,243,0
125.52,7.11,243,0
125.65,7.07,243,0
125.77,7.03,243,0
125.89,6.97,243,0
126.01,6.94,243,0
126.13,6.89,243,0
126.26,6.84,243,0
126.38,6.81,243,0
126.5,6.76,243,0
126.62,6.72,243,0
126.75,6.66,243,0
126.87,6.61,243,0
126.99,6.57,243,0
127.11,6.52,243,0
127.24,6.49,243,0
127.36,6.43,243,0
127.48,6.4,243,0
127.6,6.37,243,0
127.72,6.31,243,0
127.85,6.27,243,0
127.97,6.22,243,0
128.09,6.17,243,0
128.21,6.14,243,0
128.34,6.09,243,0
128.46,6.05,243,0
128.58,6.01,243,0
128.7,5.97,243,0
128.82,5.92,243,0
128.95,5.89,243,0
129.07,5.83,243,0
129.19,5.83,243,0
129.31,5.76,243,0
129.44,5.72,243,0
129.56,5.67,243,0
129.68,5.64,243,0
129.8,5.61,243,0
129.92,5.55,243,0
130.05,5.51,243,0
130.17,5.49,243,0
130.29,5.4,243,0
130.41,5.4,243,0
130.54,5.36,243,0
130.66,5.32,243,0
130.78,5.3,243,0
130.9,5.26,243,0
131.02,5.2,243,0
131.15,5.15,243,0
131.27,5.11,243,0
131.39,5.07,243,0
131.51,5.04,243,0
131.63,4.98,243,0
131.76,4.98,243,0
131.88,4.93,243,0
132.0,4.87,243,0
132.12,4.85,243,0
132.25,4.8,243,0
132.37,4.75,243,0
132.49,4.74,243,0
132.61,4.7,243,0
132.73,4.65,243,0
132.86,4.62,243,0
132.98,4.57,243,0
133.1,4.55,243,0
133.22,4.53,243,0
133.35,4.48,243,0
133.47,4.43,243,0
133.59,4.39,243,0
133.71,4.36,243,0
133.83,4.32,243,0
133.96,4.3,243,0
134.08,4.25,243,0
134.2,4.21,243,0
134.32,4.17,243,0
134.45,4.14,243,0
134.57,4.11,243,0
134.69,4.06,243,0
134.81,4.03,243,0
134.93,4.0,243,0
135.06,3.95,243,0
135.18,3.92,243,0
135.3,3.89,243,0
135.42,3.85,243,0
135.55,3.82,243,0
135.67,3.79,243,0
135.79,3.74,243,0
135.91,3.7,243,0
136.03,3.68,243,0
136.16,3.65,243,0
136.28,3.61,243,0
136.4,3.58,243,0
136.52,3.55,243,0
136.65,3.5,243,0
136.77,3.47,243,0
136.89,3.44,243,0
137.01,3.4,243,0
137.13,3.37,243,0
137.26,3.34,243,0
137.38,3.31,243,0
137.5,3.26,243,0
137.62,3.24,243,0
137.75,3.2,243,0
137.87,3.16,243,0
137.99,3.12,243,0
138.11,3.1,243,0
138.23,3.06,243,0
138.36,3.02,243,0
138.48,2.99,243,0
138.6,2.96,243,0
138.72,2.93,243,0
138.85,2.91,243,0
138.97,2.86,243,0
139.09,2.83,243,0
139.21,2.81,243,0
139.33,2.75,243,0
139.46,2.73,243,0
139.58,2.68,243,0
139.7,2.67,243,0
139.82,2.62,243,0
139.94,2.58,243,0
140.07,2.56,243,0
140.19,2.53,243,0
140.31,2.49,243,0
140.43,2.46,243,0
140.56,2.42,243,0
140.68,2.4,243,0
140.8,2.35,243,0
140.92,2.33,243,0
141.04,2.29,243,0
141.17,2.25,243,0
141.29,2.24,243,0
141.41,2.21,243,0
141.53,2.16,243,0
141.66,2.13,253,0
141.78,2.11,253,0
141.9,2.07,253,0
142.02,2.03,253,0
142.15,2.01,252,0
142.27,1.98,252,0
142.39,1.95,252,0
142.51,1.91,252,0
142.63,1.89,252,0
142.76,1.84,252,0
142.88,1.82,252,0
143.0,1.78,252,0
143.12,1.74,252,0
143.25,1.71,252,0
143.37,1.68,253,0
143.49,1.65,252,0
143.61,1.59,214,0
143.74,1.58,8,0
143.86,1.53,0,0
143.98,1.5,2,0
144.11,1.48,2,0
144.23,1.46,3,0
144.35,1.44,5,0
144.47,1.44,5,0
144.6,1.45,5,0
144.72,1.46,5,0
144.84,1.51,5,0
144.96,1.54,5,0
145.08,1.6,5,0
145.21,1.64,5,1
145.33,1.7,5,1
145.45,1.77,5,1
145.57,1.84,5,1
145.69,1.92,5,1
145.82,2.0,5,1
145.94,2.09,5,1
146.06,2.17,5,1
146.18,2.28,3,1
146.31,2.36,1,1
146.43,2.47,1,1
146.55,2.57,1,1
146.67,2.67,1,1
146.8,2.78,2,1
146.92,2.88,2,1
147.04,2.99,2,1
147.16,3.11,2,1
147.28,3.2,2,1
147.41,3.31,2,1
147.53,3.41,2,1
147.65,3.53,2,1
147.77,3.65,2,1
147.89,3.75,2,1
148.02,3.86,2,1
148.14,3.97,2,1
148.26,4.08,2,1
148.38,4.19,2,1
148.5,4.3,2,1
148.63,4.41,2,1
148.75,4.52,2,1
148.87,4.64,2,1
148.99,4.73,2,1
149.11,4.83,2,1
149.24,4.94,2,1
149.36,5.03,2,1
149.48,5.14,2,1
149.6,5.23,2,1
149.73,5.34,2,1
149.85,5.44,2,1
149.97,5.53,2,1
150.09,5.64,2,1
150.21,5.73,2,1
150.34,5.83,2,1
150.46,5.93,2,1
150.58,6.04,2,1
150.7,6.13,2,1
150.82,6.22,2,1
150.95,6.32,2,1
151.07,6.41,2,1
151.19,6.51,2,1
151.31,6.59,2,1
151.44,6.69,2,1
151.56,6.78,2,1
151.68,6.86,2,1
151.8,6.95,2,1
151.92,7.04,2,1
152.05,7.14,2,1
152.17,7.2,2,1
152.29,7.3,2,1
152.41,7.39,2,1
152.53,7.47,2,1
152.66,7.57,2,1
152.78,7.64,2,1
152.9,7.73,2,1
153.02,7.82,2,1
153.14,7.89,2,1
153.27,7.97,2,1
153.39,8.05,2,1
153.51,8.13,2,1
153.63,8.21,2,1
153.75,8.3,2,1
153.88,8.37,2,1
154.0,8.45,2,1
154.12,8.52,2,1
154.24,8.61,2,1
154.36,8.68,2,1
154.49,8.75,2,1
154.61,8.82,2,1
154.73,8.88,2,1
154.85,8.97,2,1
154.98,9.04,2,1
155.1,9.1,2,1
155.22,9.18,2,1
155.34,9.24,2,1
155.46,9.33,2,1
155.59,9.39,2,1
155.71,9.46,2,1
155.83,9.53,2,1
155.95,9.6,2,1
156.08,9.68,2,1
156.2,9.73,2,1
156.32,9.82,2,1
156.44,9.88,2,1
156.56,9.95,2,1
156.69,10.01,2,1
156.81,10.08,2,1
156.93,10.14,2,1
157.05,10.21,2,1
157.17,10.27,2,1
157.3,10.33,2,1
157.42,10.4,2,1
157.54,10.46,2,1
157.66,10.53,2,1
157.78,10.59,2,1
157.91,10.65,2,1
158.03,10.72,2,1
158.15,10.79,2,1
158.27,10.85,2,1
158.4,10.91,2,1
158.52,10.98,2,1
158.64,11.03,2,1
158.76,11.09,2,1
158.88,11.16,2,1
159.01,11.21,0,1
159.13,11.29,0,1
159.25,11.34,0,1
159.37,11.4,0,1
159.5,11.46,0,1
159.62,11.52,0,1
159.74,11.58,0,1
159.86,11.63,0,1
159.98,11.69,0,1
160.11,11.75,1,1
160.23,11.8,3,1
160.35,11.84,4,1
160.47,11.91,5,1
160.6,11.96,4,1
160.72,12.02,3,1
160.84,12.08,2,1
160.96,12.15,2,1
161.09,12.19,2,1
161.21,12.24,2,1
161.33,12.3,2,1
161.45,12.35,2,1
161.57,12.42,2,1
161.7,12.46,2,1
161.82,12.51,1,1
161.94,12.58,1,1
162.06,12.62,1,1
162.19,12.68,1,1
162.31,12.73,1,1
162.43,12.78,1,1
162.55,12.83,1,1
162.67,12.88,1,1
162.8,12.93,1,1
162.92,12.99,1,1
163.04,13.04,1,1
163.16,13.09,0,1
163.28,13.14,0,1
163.41,13.19,0,1
163.53,13.24,0,1
163.65,13.3,0,1
163.77,13.34,0,1
163.9,13.4,0,1
164.02,13.44,0,1
164.14,13.49,0,1
164.26,13.54,0,1
164.38,13.59,0,1
164.51,13.63,0,1
164.63,13.68,0,1
164.75,13.73,0,1
164.87,13.78,0,1
165.0,13.83,0,1
165.12,13.87,0,1
165.24,13.92,0,1
165.36,13.96,0,1
165.48,14.01,0,1
165.61,14.06,0,1
165.73,14.1,0,1
165.85,14.14,0,1
165.97,14.18,0,1
166.09,14.23,0,1
166.22,14.28,0,1
166.34,14.32,0,1
166.46,14.37,0,1
166.58,14.41,0,1
166.71,14.45,0,1
166.83,14.5,0,1
166.95,14.54,0,1
167.07,14.58,0,1
167.19,14.63,0,1
167.32,14.67,0,1
167.44,14.71,0,1
167.56,14.76,0,1
167.68,14.8,0,1
167.8,14.84,0,1
167.93,14.88,0,1
168.05,14.93,0,1
168.17,14.97,0,1
168.29,15.01,0,1
168.42,15.06,0,1
168.54,15.1,0,1
168.66,15.14,0,1
168.78,15.18,0,1
168.9,15.23,0,1
169.03,15.26,0,1
169.15,15.31,0,1
169.27,15.34,0,1
169.39,15.38,0,1
169.52,15.42,0,1
169.64,15.47,0,1
169.76,15.5,0,1
169.88,15.55,0,1
170.0,15.59,0,1
170.13,15.63,0,1
170.25,15.67,0,1
170.37,15.71,0,1
170.49,15.76,0,1
170.61,15.79,0,1
170.74,15.83,0,1
170.86,15.87,0,1
170.98,15.9,0,1
171.1,15.95,0,1
171.23,15.99,0,1
171.35,16.03,0,1
171.47,16.07,0,1
171.59,16.11,0,1
171.71,16.15,0,1
171.84,16.19,0,1
171.96,16.23,0,1
172.08,16.26,0,1
172.2,16.31,0,1
172.32,16.35,0,1
172.45,16.39,0,1
172.57,16.42,0,1
172.69,16.46,0,1
172.81,16.5,0,1
172.94,16.54,0,1
173.06,16.58,0,1
173.18,16.61,0,1
173.3,16.66,0,1
173.42,16.7,0,1
173.55,16.73,0,1
173.67,16.76,0,1
173.79,16.81,0,1
173.91,16.84,0,1
174.03,16.88,0,1
174.16,16.92,0,1
174.28,16.96,0,1
174.4,17.0,0,1
174.52,17.03,0,1
174.65,17.06,0,1
174.77,17.11,0,1
174.89,17.14,0,1
175.01,17.18,0,1
175.13,17.22,0,1
175.26,17.26,0,1
175.38,17.3,0,1
175.5,17.33,0,1
175.62,17.37,0,1
175.75,17.41,0,1
175.87,17.44,0,1
175.99,17.48,0,1
176.11,17.52,0,1
176.23,17.55,0,1
176.36,17.59,0,1
176.48,17.63,0,1
176.6,17.66,0,1
176.72,17.7,0,1
176.84,17.74,0,1
176.97,17.77,0,1
177.09,17.8,0,1
177.21,17.85,0,1
177.33,17.89,0,1
177.46,17.9,0,1
177.58,17.94,0,1
177.7,17.98,0,1
177.82,18.02,0,1
177.94,18.05,0,1
178.07,18.08,0,1
178.19,18.12,0,1
178.31,18.16,0,1
178.43,18.19,0,1
178.55,18.23,0,1
178.68,18.27,0,1
178.8,18.3,0,1
178.92,18.33,0,1
179.04,18.38,0,1
179.16,18.41,0,1
179.29,18.45,0,1
179.41,18.47,0,1
179.53,18.51,0,1
179.65,18.54,0,1
179.78,18.58,0,1
179.9,18.61,0,1
180.02,18.64,0,1
180.14,18.68,0,1
180.26,18.72,0,1
180.39,18.75,0,1
180.51,18.78,0,1
180.63,18.82,0,1
180.75,18.85,0,1
180.88,18.88,0,1
181.0,18.92,0,1
181.12,18.95,0,1
181.24,18.98,0,1
181.36,19.01,0,1
181.49,19.05,0,1
181.61,19.08,0,1
181.73,19.11,0,1
181.85,19.15,0,1
181.98,19.17,0,1
182.1,19.21,0,1
182.22,19.24,0,1
182.34,19.28,0,1
182.46,19.31,0,1
182.59,19.34,0,1
182.71,19.37,0,1
182.83,19.41,0,1
182.95,19.43,0,1
183.07,19.47,0,1
183.2,19.5,0,1
183.32,19.54,0,1
183.44,19.57,0,1
183.56,19.61,0,1
183.69,19.63,0,1
183.81,19.66,0,1
183.93,19.7,0,1
184.05,19.73,0,1
184.17,19.76,0,1
184.3,19.79,0,1
184.42,19.82,0,1
184.54,19.86,0,1
184.66,19.89,0,1
184.78,19.92,0,1
184.91,19.94,0,1
185.03,19.98,0,1
185.15,20.01,0,1
185.27,20.04,0,1
185.4,20.07,0,1
185.52,20.1,0,1
185.64,20.14,0,1
185.76,20.16,0,1
185.88,20.2,0,1
186.01,20.22,0,1
186.13,20.26,0,1
186.25,20.28,0,1
186.37,20.32,0,1
186.49,20.35,0,1
186.62,20.37,0,1
186.74,20.41,0,1
186.86,20.43,0,1
186.98,20.46,0,1
187.11,20.49,0,1
187.23,20.53,0,1
187.35,20.56,0,1
187.47,20.58,0,1
187.59,20.62,0,1
187.72,20.65,0,1
187.84,20.68,0,1
187.96,20.71,0,1
188.08,20.73,0,1
188.21,20.76,0,1
188.33,20.8,0,1
188.45,20.82,0,1
188.57,20.85,0,1
188.69,20.88,0,1
188.82,20.91,0,1
188.94,20.94,0,1
189.06,20.97,0,1
189.18,21.0,0,1
189.3,21.03,0,1
189.43,21.06,0,1
189.55,21.09,0,1
189.67,21.12,0,1
189.79,21.14,0,1
189.91,21.18,0,1
190.04,21.19,0,1
190.16,21.23,0,1
190.28,21.25,0,1
190.4,21.28,0,1
190.53,21.32,0,1
190.65,21.35,0,1
190.77,21.37,0,1
190.89,21.39,0,1
191.01,21.43,0,1
191.14,21.45,0,1
191.26,21.46,0,1
191.38,21.5,0,1
191.5,21.53,0,1
191.63,21.55,0,1
191.75,21.59,0,1
191.87,21.61,0,1
191.99,21.64,0,1
192.11,21.66,0,1
192.24,21.69,0,1
192.36,21.72,0,1
192.48,21.76,0,1
192.6,21.78,0,1
192.72,21.81,0,1
192.85,21.83,0,1
192.97,21.86,0,1
193.09,21.89,0,1
193.21,21.93,0,1
193.34,21.95,0,1
193.46,21.97,0,1
193.58,22.0,0,1
193.7,22.03,0,1
193.82,22.06,0,1
193.95,22.08,0,1
194.07,22.11,0,1
194.19,22.14,0,1
194.31,22.17,0,1
194.44,22.19,0,1
194.56,22.22,0,1
194.68,22.25,0,1
194.8,22.27,0,1
194.92,22.3,0,1
195.05,22.33,0,1
195.17,22.36,0,1
195.29,22.38,0,1
195.41,22.4,0,1
195.53,22.43,0,1
195.66,22.46,0,1
195.78,22.48,0,1
195.9,22.51,0,1
196.02,22.53,0,1
196.15,22.56,0,1
196.27,22.58,0,1
196.39,22.61,0,1
196.51,22.63,0,1
196.63,22.65,0,1
196.76,22.68,0,1
196.88,22.71,0,1
197.0,22.73,0,1
197.12,22.75,0,1
197.24,22.78,0,1
197.37,22.8,0,1
197.49,22.83,0,1
197.61,22.85,0,1
197.73,22.87,0,1
197.86,22.89,0,1
197.98,22.93,0,1
198.1,22.95,0,1
198.22,22.97,0,1
198.34,23.0,0,1
198.47,23.02,0,1
198.59,23.05,0,1
198.71,23.07,0,1
198.83,23.09,0,1
198.96,23.12,0,1
199.08,23.15,0,1
199.2,23.16,0,1
199.32,23.19,0,1
199.44,23.21,0,1
199.57,23.24,0,1
199.69,23.27,0,1
199.81,23.28,0,1
199.93,23.31,0,1
200.05,23.33,0,1
200.18,23.35,0,1
200.3,23.38,0,1
200.42,23.4,0,1
200.54,23.43,0,1
200.66,23.45,0,1
200.79,23.47,0,1
200.91,23.5,0,1
201.03,23.52,0,1
201.15,23.54,0,1
201.28,23.56,0,1
201.4,23.59,0,1
201.52,23.61,0,1
201.64,23.63,0,1
201.76,23.65,0,1
201.89,23.67,0,1
202.01,23.7,0,1
202.13,23.72,0,1
202.25,23.75,0,1
202.38,23.76,0,1
202.5,23.79,0,1
202.62,23.81,0,1
202.74,23.83,0,1
202.86,23.85,0,1
202.99,23.87,0,1
203.11,23.89,0,1
203.23,23.92,0,1
203.35,23.94,0,1
203.47,23.96,0,1
203.6,23.98,0,1
203.72,24.01,0,1
203.84,24.03,0,1
203.96,24.05,0,1
204.09,24.07,0,1
204.21,24.09,0,1
204.33,24.11,0,1
204.45,24.13,0,1
204.57,24.15,0,1
204.7,24.18,0,1
204.82,24.2,0,1
204.94,24.22,0,1
205.06,24.24,0,1
205.19,24.26,0,1
205.31,24.28,0,1
205.43,24.31,0,1
205.55,24.33,0,1
205.67,24.34,0,1
205.8,24.37,0,1
205.92,24.39,0,1
206.04,24.41,0,1
206.16,24.43,0,1
206.28,24.45,0,1
206.41,24.47,0,1
206.53,24.49,0,1
206.65,24.51,0,1
206.77,24.54,0,1
206.9,24.56,0,1
207.02,24.58,0,1
207.14,24.6,0,1
207.26,24.62,0,1
207.38,24.64,0,1
207.51,24.66,0,1
207.63,24.68,0,1
207.75,24.7,0,1
207.87,24.73,0,1
207.99,24.74,0,1
208.12,24.76,0,1
208.24,24.79,0,1
208.36,24.8,0,1
208.48,24.82,0,1
208.61,24.84,0,1
208.73,24.86,0,1
208.85,24.89,0,1
208.97,24.91,0,1
209.09,24.92,0,1
209.22,24.95,0,1
209.34,24.95,0,1
209.46,24.99,0,1
209.58,25.0,0,1
209.7,25.02,0,1
209.83,25.05,0,1
209.95,25.06,0,1
210.07,25.08,0,1
210.19,25.1,0,1
210.32,25.12,0,1
210.44,25.13,0,1
210.56,25.16,0,1
210.68,25.17,0,1
210.8,25.19,0,1
210.93,25.22,0,1
211.05,25.24,0,1
211.17,25.24,0,1
211.29,25.27,0,1
211.41,25.29,0,1
211.54,25.3,0,1
211.66,25.32,0,1
211.78,25.34,0,1
211.9,25.36,0,1
212.02,25.38,0,1
212.15,25.39,0,1
212.27,25.42,0,1
212.39,25.43,0,1
212.51,25.46,0,1
212.64,25.47,0,1
212.76,25.49,0,1
212.88,25.5,0,1
213.0,25.52,0,1
213.13,25.54,0,1
213.25,25.56,0,1
213.37,25.58,0,1
213.49,25.6,0,1
213.61,25.62,0,1
213.74,25.63,0,1
213.86,25.65,0,1
213.98,25.67,0,1
214.1,25.69,0,1
214.22,25.71,0,1
214.35,25.74,0,1
214.47,25.75,0,1
214.59,25.76,0,1
214.71,25.78,0,1
214.84,25.8,0,1
214.96,25.83,0,1
215.08,25.84,0,1
215.2,25.87,0,1
215.32,25.87,0,1
215.45,25.9,0,1
215.57,25.92,0,1
215.69,25.94,0,1
215.81,25.95,0,1
215.93,25.97,0,1
216.06,25.99,0,1
216.18,26.01,0,1
216.3,26.03,0,1
216.42,26.04,0,1
216.55,26.06,0,1
216.67,26.08,0,1
216.79,26.1,0,1
216.91,26.11,0,1
217.03,26.12,0,1
217.16,26.15,0,1
217.28,26.17,0,1
217.4,26.19,0,1
217.52,26.21,0,1
217.65,26.23,0,1
217.77,26.25,0,1
217.89,26.26,0,1
218.01,26.27,0,1
218.13,26.31,0,1
218.26,26.32,0,1
218.38,26.33,0,1
218.5,26.35,0,1
218.62,26.36,0,1
218.74,26.39,0,1
218.87,26.39,0,1
218.99,26.42,0,1
219.11,26.45,0,1
219.23,26.46,0,1
219.36,26.48,0,1
219.48,26.49,0,1
219.6,26.51,0,1
219.72,26.51,0,1
219.84,26.54,0,1
219.97,26.56,0,1
220.09,26.57,0,1
220.21,26.59,0,1
220.33,26.62,0,1
220.45,26.64,0,1
220.58,26.65,0,1
220.7,26.65,0,1
220.82,26.66,0,1
220.94,26.7,0,1
221.07,26.72,0,1
221.19,26.75,0,1
221.31,26.78,0,1
221.43,26.8,0,1
221.55,26.82,0,1
221.68,26.84,0,1
221.8,26.87,0,1
221.92,26.87,0,1
222.04,26.91,0,1
222.16,26.93,0,1
222.29,26.94,0,1
222.41,26.97,0,1
222.53,26.99,0,1
222.65,27.0,0,1
222.77,27.01,0,1
222.9,27.05,0,1
223.02,27.05,0,1
223.14,27.08,0,1
223.26,27.08,0,1
223.39,27.1,0,1
223.51,27.13,0,1
223.63,27.15,0,1
223.75,27.16,0,1
223.88,27.17,0,1
224.0,27.19,0,1
224.12,27.2,0,1
224.24,27.23,0,1
224.36,27.24,0,1
224.49,27.26,0,1
224.61,27.27,0,1
224.73,27.3,0,1
224.85,27.31,0,1
224.97,27.33,0,1
225.1,27.35,0,1
225.22,27.37,0,1
225.34,27.38,0,1
225.46,27.39,0,1
225.59,27.42,0,1
225.71,27.41,0,1
225.83,27.45,0,1
225.95,27.46,0,1
226.07,27.47,0,1
226.2,27.49,0,1
226.32,27.49,0,1
226.44,27.52,0,1
226.56,27.53,0,1
226.68,27.55,0,1
226.81,27.56,0,1
226.93,27.58,0,1
227.05,27.59,0,1
227.17,27.61,0,1
227.3,27.62,0,1
227.42,27.64,0,1
227.54,27.66,0,1
227.66,27.66,0,1
227.78,27.68,0,1
227.91,27.7,0,1
228.03,27.72,0,1
228.15,27.72,0,0
228.27,27.74,0,0
228.4,27.76,0,0
228.52,27.78,0,0
228.64,27.78,0,0
228.76,27.79,0,0
228.88,27.81,0,0
229.01,27.82,0,0
229.13,27.84,0,0
229.25,27.85,0,0
229.37,27.87,0,0
229.49,27.87,0,0
229.62,27.89,0,0
229.74,27.91,0,0
229.86,27.93,0,0
229.98,27.94,0,0
230.11,27.96,0,0
230.23,27.97,0,0
230.35,27.98,0,0
230.47,28.0,0,0
230.59,28.01,0,0
230.72,28.01,0,0
230.84,28.03,0,0
230.96,28.05,0,0
231.08,28.06,0,0
231.2,28.08,0,0
231.33,28.1,0,0
231.45,28.1,0,0
231.57,28.12,18,0
231.7,28.12,115,0
231.82,28.14,159,0
231.94,28.16,184,0
232.07,28.16,192,0
232.19,28.17,198,0
232.31,28.16,206,0
232.43,28.15,208,0
232.56,28.11,210,0
232.68,28.08,213,0
232.8,28.03,213,0
232.93,27.99,213,0
233.05,27.92,213,0
233.17,27.86,213,0
233.29,27.79,213,0
233.41,27.71,213,0
233.54,27.64,213,0
233.66,27.55,213,0
233.78,27.47,213,0
233.9,27.37,213,0
234.02,27.3,213,0
234.15,27.2,213,0
234.27,27.09,213,0
234.39,26.98,213,0
234.51,26.9,213,0
234.64,26.79,213,0
234.76,26.71,213,0
234.88,26.6,213,0
235.0,26.49,213,0
235.13,26.39,213,0
235.25,26.31,213,0
235.37,26.2,213,0
235.49,26.08,213,0
235.61,25.97,213,0
235.74,25.87,213,0
235.86,25.78,213,0
235.98,25.68,213,0
236.1,25.57,213,0
236.23,25.47,213,0
236.35,25.38,213,0
236.47,25.28,213,0
236.59,25.17,213,0
236.72,25.08,213,0
236.84,24.97,213,0
236.96,24.89,213,0
237.08,24.77,213,0
237.2,24.69,213,0
237.33,24.58,213,0
237.45,24.49,213,0
237.57,24.41,213,0
237.69,24.31,213,0
237.81,24.2,213,0
237.94,24.1,213,0
238.06,24.01,213,0
238.18,23.93,213,0
238.3,23.84,213,0
238.43,23.73,213,0
238.55,23.67,213,0
238.67,23.56,213,0
238.79,23.47,213,0
238.91,23.39,213,0
239.04,23.3,213,0
239.16,23.24,213,0
239.28,23.13,213,0
239.4,23.05,213,0
239.52,22.97,213,0
239.65,22.89,213,0
239.77,22.79,213,0
239.89,22.7,213,0
240.01,22.62,213,0
240.14,22.54,213,0
240.26,22.45,213,0
240.38,22.37,213,0
240.5,22.31,213,0
240.63,22.21,213,0
240.75,22.14,213,0
240.87,22.06,213,0
240.99,21.97,213,0
241.11,21.9,213,0
241.24,21.82,213,0
241.36,21.73,213,0
241.48,21.67,213,0
241.6,21.59,213,0
241.73,21.53,213,0
241.85,21.44,213,0
241.97,21.38,213,0
242.09,21.31,213,0
242.21,21.24,213,0
242.34,21.15,213,0
242.46,21.1,213,0
242.58,21.02,213,0
242.7,20.95,213,0
242.83,20.88,213,0
242.95,20.8,213,0
243.07,20.73,213,0
243.19,20.65,213,0
243.31,20.59,213,0
243.44,20.53,213,0
243.56,20.44,213,0
243.68,20.38,213,0
243.8,20.32,213,0
243.92,20.24,213,0
244.05,20.17,213,0
244.17,20.11,213,0
244.29,20.05,213,0
244.41,19.99,213,0
244.54,19.92,213,0
244.66,19.84,213,0
244.78,19.78,213,0
244.9,19.7,213,0
245.02,19.66,213,0
245.15,19.59,213,0
245.27,19.54,213,0
245.39,19.46,213,0
245.51,19.4,213,0
245.64,19.33,213,0
245.76,19.27,213,0
245.88,19.21,213,0
246.0,19.14,213,0
246.13,19.09,213,0
246.25,19.01,213,0
246.37,18.96,213,0
246.49,18.91,213,0
246.61,18.84,213,0
246.74,18.79,213,0
246.86,18.73,213,0
246.98,18.66,213,0
247.1,18.61,213,0
247.23,18.55,213,0
247.35,18.49,213,0
247.47,18.43,213,0
247.59,18.37,213,0
247.71,18.32,213,0
247.84,18.26,213,0
247.96,18.19,213,0
248.08,18.14,213,0
248.2,18.08,213,0
248.33,18.02,213,0
248.45,17.97,213,0
248.57,17.91,213,0
248.69,17.85,213,0
248.81,17.82,213,0
248.94,17.74,213,0
249.06,17.69,213,0
249.18,17.64,213,0
249.3,17.59,213,0
249.42,17.54,213,0
249.55,17.49,213,0
249.67,17.38,213,0
249.79,17.39,213,0
249.91,17.31,213,0
250.04,17.25,213,0
250.16,17.18,213,0
250.28,17.16,213,0
250.4,17.09,213,0
250.52,17.06,213,0
250.65,17.01,213,0
250.77,16.95,213,0
250.89,16.88,213,0
251.01,16.84,213,0
251.14,16.79,213,0
251.26,16.73,213,0
251.38,16.68,213,0
251.5,16.64,213,0
251.63,16.58,213,0
251.75,16.53,213,0
251.87,16.46,213,0
251.99,16.41,213,0
252.11,16.37,213,0
252.24,16.32,213,0
252.36,16.26,213,0
252.48,16.22,213,0
252.6,16.16,213,0
252.73,16.12,213,0
252.85,16.06,213,0
252.97,16.02,213,0
253.09,15.97,213,0
253.21,15.92,213,0
253.34,15.86,213,0
253.46,15.82,213,0
253.58,15.77,213,0
253.7,15.73,213,0
253.83,15.67,213,0
253.95,15.62,213,0
254.07,15.57,213,0
254.19,15.53,213,0
254.31,15.47,213,0
254.44,15.44,213,0
254.56,15.39,213,0
254.68,15.33,213,0
254.8,15.27,213,0
254.92,15.24,213,0
255.05,15.19,213,0
255.17,15.13,213,0
255.29,15.09,213,0
255.41,15.04,213,0
255.54,15.0,213,0
255.66,14.95,213,0
255.78,14.91,213,0
255.9,14.86,213,0
256.02,14.82,213,0
256.15,14.76,213,0
256.27,14.72,213,0
256.39,14.67,213,0
256.51,14.64,213,0
256.64,14.59,213,0
256.76,14.54,213,0
256.88,14.49,213,0
257.0,14.44,213,0
257.13,14.4,213,0
257.25,14.37,213,0
257.37,14.31,213,0
257.49,14.27,213,0
257.61,14.22,213,0
257.73,14.17,213,0
257.86,14.14,213,0
257.98,14.08,213,0
258.1,14.04,213,0
258.23,13.99,213,0
258.35,13.94,213,0
258.47,13.91,213,0
258.59,13.86,213,0
258.71,13.82,213,0
258.84,13.78,213,0
258.96,13.73,213,0
259.08,13.7,213,0
259.2,13.65,213,0
259.32,13.6,213,0
259.45,13.55,213,0
259.57,13.52,213,0
259.69,13.48,213,0
259.81,13.44,213,0
259.94,13.38,213,0
260.06,13.34,213,0
260.18,13.3,213,0
260.3,13.25,213,0
260.42,13.2,213,0
260.55,13.17,213,0
260.67,13.12,213,0
260.79,13.09,213,0
260.92,13.04,213,0
261.04,12.99,213,0
261.16,12.94,213,0
261.28,12.92,213,0
261.4,12.87,213,0
261.53,12.84,213,0
261.65,12.78,213,0
261.77,12.75,213,0
261.89,12.71,213,0
262.01,12.66,213,0
262.14,12.62,213,0
262.26,12.6,213,0
262.38,12.54,213,0
262.5,12.5,213,0
262.63,12.46,213,0
262.75,12.43,213,0
262.87,12.37,213,0
262.99,12.34,213,0
263.11,12.3,213,0
263.24,12.26,213,0
263.36,12.21,213,0
263.48,12.17,213,0
263.61,12.13,213,0
263.73,12.09,213,0
263.85,12.05,213,0
263.97,12.01,213,0
264.09,11.97,213,0
264.22,11.92,213,0
264.34,11.9,213,0
264.46,11.86,213,0
264.58,11.81,213,0
264.7,11.77,213,0
264.83,11.74,213,0
264.95,11.7,213,0
265.07,11.67,213,0
265.19,11.62,213,0
265.32,11.58,213,0
265.44,11.55,213,0
265.56,11.5,213,0
265.68,11.46,213,0
265.8,11.44,213,0
265.93,11.4,213,0
266.05,11.36,213,0
266.17,11.31,213,0
266.29,11.28,213,0
266.42,11.24,213,0
266.54,11.21,213,0
266.66,11.16,213,0
266.78,11.12,213,0
266.91,11.08,213,0
267.03,11.05,213,0
267.15,11.01,213,0
267.27,10.97,213,0
267.39,10.93,213,0
267.52,10.9,213,0
267.64,10.86,213,0
267.76,10.82,213,0
267.88,10.79,213,0
268.01,10.75,213,0
268.13,10.72,213,0
268.25,10.67,213,0
268.37,10.64,213,0
268.5,10.61,213,0
268.62,10.57,213,0
268.74,10.53,213,0
268.86,10.49,213,0
268.98,10.47,213,0
269.11,10.42,213,0
269.23,10.4,213,0
269.35,10.36,213,0
269.47,10.33,213,0
269.6,10.29,213,0
269.72,10.25,213,0
269.84,10.21,213,0
269.96,10.17,213,0
270.08,10.14,213,0
270.21,10.1,213,0
270.33,10.08,213,0
270.45,10.02,213,0
270.57,9.98,213,0
270.7,9.96,213,0
270.82,9.93,213,0
270.94,9.9,213,0
271.06,9.87,213,0
271.18,9.82,213,0
271.31,9.8,213,0
271.43,9.76,213,0
271.55,9.72,213,0
271.67,9.69,213,0
271.8,9.64,213,0
271.92,9.62,213,0
272.04,9.59,213,0
272.16,9.56,213,0
272.28,9.51,213,0
272.41,9.48,213,0
272.53,9.44,213,0
272.65,9.4,213,0
272.77,9.38,213,0
272.9,9.34,213,0
273.02,9.3,213,0
273.14,9.26,213,0
273.26,9.24,213,0
273.38,9.2,213,0
273.51,9.16,213,0
273.63,9.14,213,0
273.75,9.12,213,0
273.87,9.07,213,0
274.0,9.04,213,0
274.12,9.01,213,0
274.24,8.97,213,0
274.36,8.94,213,0
274.48,8.91,213,0
274.61,8.88,213,0
274.73,8.84,213,0
274.85,8.8,213,0
274.97,8.77,213,0
275.1,8.75,213,0
275.22,8.71,213,0
275.34,8.67,213,0
275.46,8.64,213,0
275.58,8.62,213,0
275.71,8.59,213,0
275.83,8.54,213,0
275.95,8.52,213,0
276.07,8.48,213,0
276.2,8.45,213,0
276.32,8.42,213,0
276.44,8.39,213,0
276.56,8.36,213,0
276.68,8.34,213,0
276.81,8.27,213,0
276.93,8.27,213,0
277.05,8.21,213,0
277.17,8.2,213,0
277.3,8.16,213,0
277.42,8.15,213,0
277.54,8.11,213,0
277.66,8.07,213,0
277.78,8.03,213,0
277.91,8.02,213,0
278.03,7.96,213,0
278.15,7.95,213,0
278.27,7.92,213,0
278.39,7.89,213,0
278.52,7.87,213,0
278.64,7.84,213,0
278.76,7.8,213,0
278.88,7.78,213,0
279.01,7.7,213,0
279.13,7.72,213,0
279.25,7.68,213,0
279.37,7.66,213,1
279.5,7.63,213,1
279.62,7.59,213,1
279.74,7.57,213,1
279.86,7.6,213,1
279.98,7.64,213,1
280.11,7.72,217,1
280.23,7.84,214,1
280.35,7.98,101,1
280.48,8.17,101,1
280.6,8.38,101,1
280.72,8.61,101,1
280.84,8.87,101,1
280.97,9.12,101,1
281.09,9.38,101,1
281.21,9.64,101,1
281.33,9.91,101,1
281.45,10.17,101,1
281.58,10.44,101,1
281.7,10.7,101,1
281.82,10.95,101,1
281.94,11.21,101,1
282.06,11.48,101,1
282.19,11.73,101,1
282.31,11.98,101,1
282.43,12.24,101,1
282.55,12.49,101,1
282.68,12.74,101,1
282.8,12.98,101,1
282.92,13.23,101,1
283.04,13.47,101,1
283.16,13.71,101,1
283.29,13.96,101,1
283.41,14.19,101,1
283.53,14.42,101,1
283.65,14.65,101,1
283.78,14.89,101,1
283.9,15.11,101,1
284.02,15.35,101,1
284.14,15.57,101,1
284.27,15.8,101,1
284.39,16.01,101,1
284.51,16.23,101,1
284.63,16.44,101,1
284.75,16.66,101,1
284.88,16.87,101,1
285.0,17.08,101,1
285.12,17.3,101,1
285.24,17.51,0,0
285.37,17.72,10,0
285.49,17.92,93,0
285.61,18.11,211,0
285.74,18.31,229,0
285.86,18.47,239,0
285.98,18.64,245,0
286.11,18.76,245,0
286.23,18.86,245,0
286.35,18.93,245,0
286.47,18.99,245,0
286.59,19.02,245,0
286.72,19.04,245,0
286.84,19.03,245,0
286.96,19.01,245,0
287.08,18.99,245,0
287.2,18.94,245,0
287.33,18.89,245,0
287.45,18.81,245,0
287.57,18.76,245,0
287.69,18.67,245,0
287.82,18.59,245,0
287.94,18.5,245,0
288.06,18.4,252,0
288.18,18.3,252,0
288.31,18.2,252,0
288.43,18.1,252,0
288.55,17.98,252,0
288.67,17.86,252,0
288.79,17.75,252,0
288.92,17.64,252,0
289.04,17.52,252,0
289.16,17.4,252,0
289.28,17.27,252,0
289.41,17.15,252,0
289.53,17.02,252,0
289.65,16.9,252,0
289.77,16.77,252,0
289.89,16.67,252,0
290.02,16.52,252,0
290.14,16.4,252,0
290.26,16.28,252,0
290.38,16.17,252,0
290.51,16.04,252,0
290.63,15.91,252,0
290.75,15.78,252,0
290.87,15.67,252,0
291.0,15.54,252,0
291.12,15.43,252,0
291.24,15.31,252,0
291.36,15.21,252,0
291.48,15.08,252,0
291.61,14.96,252,0
291.73,14.85,252,0
291.85,14.74,252,0
291.97,14.62,252,0
292.09,14.51,252,0
292.22,14.4,252,0
292.34,14.3,252,0
292.46,14.18,252,0
292.58,14.08,252,0
292.71,13.97,252,0
292.83,13.86,252,0
292.95,13.76,252,0
293.07,13.65,252,0
293.19,13.55,252,0
293.32,13.45,252,0
293.44,13.35,252,0
293.56,13.25,252,0
293.68,13.16,252,0
293.81,13.07,252,0
293.93,12.97,252,0
294.05,12.87,252,0
294.17,12.76,252,0
294.3,12.69,252,0
294.42,12.61,252,0
294.54,12.52,252,0
294.66,12.42,252,0
294.79,12.33,252,0
294.91,12.23,252,0
295.03,12.14,252,0
295.15,12.07,252,0
295.27,11.98,252,0
295.4,11.88,252,0
295.52,11.81,252,0
295.64,11.72,252,0
295.76,11.65,252,0
295.88,11.57,252,0
296.01,11.48,252,0
296.13,11.4,252,0
296.25,11.32,252,0
296.37,11.25,252,0
296.5,11.17,252,0
296.62,11.09,252,0
296.74,11.02,252,0
296.86,10.93,255,0
296.99,10.87,255,0
297.11,10.79,255,0
297.23,10.71,255,0
297.35,10.64,255,0
297.48,10.56,253,0
297.6,10.49,255,0
297.72,10.42,255,0
297.84,10.36,255,0
297.97,10.28,255,0
298.09,10.21,255,0
298.21,10.14,255,0
298.33,10.07,255,0
298.45,10.0,255,0
298.58,9.93,255,0
298.7,9.86,255,0
298.82,9.8,255,0
298.94,9.73,255,0
299.07,9.66,255,0
299.19,9.59,255,0
299.31,9.52,255,0
299.43,9.46,255,0
299.55,9.39,255,0
299.68,9.34,255,0
299.8,9.27,255,0
299.92,9.21,255,0
300.04,9.13,255,0
300.17,9.08,255,0
300.29,9.02,255,0
300.41,8.95,255,0
300.53,8.88,255,0
300.65,8.83,255,0
300.78,8.77,255,0
300.9,8.7,255,0
301.02,8.64,255,0
301.14,8.58,255,0
301.27,8.52,255,0
301.39,8.47,255,0
301.51,8.4,255,0
301.63,8.35,255,0
301.75,8.29,255,0
301.88,8.22,255,0
302.0,8.17,255,0
302.12,8.11,255,0
302.24,8.05,255,0
302.36,8.0,255,0
302.49,7.94,255,0
302.61,7.89,255,0
302.73,7.83,255,0
302.85,7.78,255,0
302.98,7.71,255,0
303.1,7.66,255,0
303.22,7.61,255,0
303.34,7.55,255,0
303.47,7.5,255,0
303.59,7.45,255,0
303.71,7.39,255,0
303.83,7.34,255,0
303.95,7.28,255,0
304.08,7.23,255,0
304.2,7.17,255,0
304.32,7.12,255,0
304.44,7.07,255,0
304.57,7.02,255,0
304.69,6.97,255,0
304.81,6.91,255,0
304.93,6.85,255,0
305.05,6.8,255,0
305.18,6.76,255,0
305.3,6.71,255,0
305.42,6.65,255,0
305.54,6.6,255,0
305.67,6.55,255,0
305.79,6.5,255,0
305.91,6.45,255,0
306.03,6.4,255,0
306.15,6.34,255,0
306.28,6.3,255,0
306.4,6.25,255,0
306.52,6.2,255,0
306.64,6.15,255,0
306.76,6.1,255,0
306.89,6.05,255,0
307.01,6.0,255,0
307.13,5.96,255,0
307.25,5.91,255,0
307.38,5.86,255,0
307.5,5.81,255,0
307.62,5.76,255,0
307.74,5.72,255,0
307.86,5.67,255,0
307.99,5.62,255,0
308.11,5.57,255,0
308.23,5.53,255,0
308.35,5.48,255,0
308.48,5.44,255,0
308.6,5.39,255,0
308.72,5.34,255,0
308.84,5.29,255,0
308.97,5.25,255,0
309.09,5.21,255,0
309.21,5.16,255,0
309.33,5.11,255,0
309.45,5.07,255,0
309.58,5.02,255,0
309.7,4.97,255,0
309.82,4.93,255,0
309.94,4.89,255,0
310.07,4.84,255,0
310.19,4.8,255,0
310.31,4.75,255,0
310.43,4.71,255,0
310.55,4.67,255,0
310.68,4.62,255,0
310.8,4.57,255,0
310.92,4.53,255,0
311.04,4.49,255,0
311.16,4.44,253,0
311.29,4.39,231,0
311.41,4.36,171,0
311.53,4.3,0,0
311.66,4.27,0,0
311.78,4.23,0,0
311.9,4.2,0,0
312.02,4.18,0,0
312.14,4.18,0,0
312.27,4.19,0,0
312.39,4.22,0,0
312.51,4.26,0,0
312.63,4.31,0,0
312.76,4.37,0,0
312.88,4.43,0,0
313.0,4.52,0,0
313.12,4.59,0,0
313.24,4.68,0,0
313.37,4.77,0,0
313.49,4.86,0,0
313.61,4.96,0,0
313.73,5.06,0,0
313.85,5.16,0,0
313.98,5.27,0,0
314.1,5.37,0,0
314.22,5.48,0,0
314.34,5.58,0,0
314.47,5.69,0,0
314.59,5.8,0,0
314.71,5.91,0,0
314.83,6.02,0,0
314.95,6.13,0,0
315.08,6.24,0,0
315.2,6.34,0,0
315.32,6.45,0,1
315.44,6.55,0,1
315.57,6.66,0,1
315.69,6.76,0,1
315.81,6.87,0,1
315.93,6.98,0,1
316.05,7.08,0,1
316.17,7.19,0,1
316.3,7.29,0,1
316.42,7.39,0,1
316.54,7.49,0,1
316.66,7.6,0,1
316.79,7.69,0,1
316.91,7.79,0,1
317.03,7.88,0,1
317.15,7.98,0,1
317.27,8.07,0,1
317.39,8.16,0,1
317.52,8.26,0,1
317.64,8.35,0,1
317.76,8.44,0,1
317.88,8.53,0,1
318.01,8.62,0,1
318.13,8.71,0,1
318.25,8.8,0,1
318.37,8.89,0,1
318.49,8.97,0,1
318.62,9.06,0,1
318.74,9.13,0,1
318.86,9.22,0,1
318.98,9.31,0,1
319.11,9.39,0,1
319.23,9.47,0,1
319.35,9.55,0,1
319.47,9.63,0,1
319.59,9.71,0,1
319.72,9.78,0,1
319.84,9.87,0,1
319.96,9.94,0,1
320.08,10.02,0,1
320.2,10.09,0,1
320.33,10.17,0,1
320.45,10.24,0,1
320.57,10.31,0,1
320.69,10.38,0,1
320.82,10.46,0,1
320.94,10.53,0,1
321.06,10.6,0,1
321.18,10.67,0,1
321.3,10.74,0,1
321.43,10.81,0,1
321.55,10.88,0,1
321.67,10.94,0,1
321.79,11.02,0,1
321.91,11.08,0,1
322.04,11.15,0,1
322.16,11.22,0,1
322.28,11.29,0,1
322.4,11.35,0,1
322.52,11.41,0,1
322.65,11.48,0,1
322.77,11.54,0,1
322.89,11.6,0,1
323.01,11.66,0,1
323.14,11.72,0,1
323.26,11.79,0,1
323.38,11.85,0,1
323.5,11.9,0,1
323.62,11.97,0,1
323.75,12.03,0,1
323.87,12.1,0,1
323.99,12.15,0,1
324.11,12.2,0,1
324.23,12.27,0,1
324.36,12.32,0,1
324.48,12.38,0,1
324.6,12.44,0,1
324.72,12.49,0,1
324.85,12.55,0,1
324.97,12.61,0,1
325.09,12.67,0,1
325.21,12.72,0,1
325.33,12.78,0,1
325.46,12.83,0,1
325.58,12.88,0,1
325.7,12.94,0,1
325.82,12.99,0,1
325.95,13.04,0,1
326.07,13.09,0,1
326.19,13.15,0,1
326.31,13.2,0,1
326.43,13.25,0,1
326.56,13.3,0,1
326.68,13.35,0,1
326.8,13.4,0,1
326.92,13.46,0,1
327.05,13.51,0,1
327.17,13.56,0,1
327.29,13.6,0,1
327.41,13.66,0,1
327.53,13.7,0,1
327.66,13.75,0,1
327.78,13.8,0,1
327.9,13.85,0,1
328.02,13.9,0,1
328.14,13.94,0,1
328.27,13.99,0,1
328.39,14.04,0,1
328.51,14.09,0,1
328.63,14.13,0,1
328.76,14.18,0,1
328.88,14.22,0,1
329.0,14.27,0,1
329.12,14.31,0,1
329.24,14.36,0,1
329.37,14.41,0,1
329.49,14.45,0,1
329.61,14.5,0,1
329.73,14.54,0,1
329.85,14.59,0,1
329.98,14.63,0,1
330.1,14.67,0,1
330.22,14.72,0,1
330.34,14.77,0,1
330.47,14.81,0,1
330.59,14.85,0,1
330.71,14.89,0,1
330.83,14.94,0,1
330.95,14.99,0,1
331.08,15.03,0,1
331.2,15.07,0,1
331.32,15.11,0,1
331.44,15.16,0,1
331.57,15.19,0,1
331.69,15.24,0,1
331.81,15.28,0,1
331.93,15.32,0,1
332.05,15.37,0,1
332.17,15.41,0,1
332.3,15.45,0,1
332.42,15.49,0,1
332.54,15.53,0,1
332.66,15.58,0,1
332.79,15.62,0,1
332.91,15.66,0,1
333.03,15.7,0,1
333.15,15.74,0,1
333.27,15.78,0,1
333.4,15.82,0,1
333.52,15.87,0,1
333.64,15.91,0,1
333.76,15.95,0,1
333.89,15.99,0,1
334.01,16.03,0,1
334.13,16.07,0,1
334.25,16.11,0,1
334.37,16.15,0,1
334.5,16.19,0,1
334.62,16.23,0,1
334.74,16.28,0,1
334.86,16.31,0,1
334.98,16.36,0,1
335.11,16.39,0,1
335.23,16.43,0,1
335.35,16.47,0,1
335.47,16.51,0,1
335.6,16.55,0,1
335.72,16.59,0,1
335.84,16.63,0,1
335.96,16.66,0,1
336.08,16.7,0,1
336.21,16.74,0,1
336.33,16.78,0,1
336.45,16.82,0,1
336.57,16.86,0,1
336.7,16.9,0,1
336.82,16.94,0,1
336.94,16.97,0,1
337.06,17.01,0,1
337.18,17.05,0,1
337.31,17.09,0,1
337.43,17.12,0,1
337.55,17.16,0,1
337.67,17.21,0,1
337.8,17.24,0,1
337.92,17.28,0,1
338.04,17.32,0,1
338.16,17.35,0,1
338.28,17.39,0,1
338.41,17.42,0,1
338.53,17.47,0,1
338.65,17.5,0,1
338.77,17.54,0,1
338.89,17.58,0,1
339.02,17.62,0,1
339.14,17.65,0,1
339.26,17.69,0,1
339.38,17.72,0,1
339.51,17.75,0,1
339.63,17.79,0,1
339.75,17.82,0,1
339.87,17.86,0,1
339.99,17.9,0,1
340.12,17.94,0,1
340.24,17.97,0,1
340.36,18.01,0,1
340.48,18.05,0,1
340.6,18.07,0,1
340.73,18.12,0,1
340.85,18.15,0,1
340.97,18.18,0,1
341.09,18.22,0,1
341.22,18.25,0,1
341.34,18.29,0,1
341.46,18.33,0,1
341.58,18.36,0,1
341.7,18.4,0,1
341.83,18.43,0,1
341.95,18.46,0,1
342.07,18.5,0,1
342.19,18.53,0,1
342.32,18.57,0,1
342.44,18.6,0,1
342.56,18.64,0,1
342.68,18.66,0,1
342.8,18.7,0,1
342.92,18.74,0,1
343.05,18.77,0,1
343.17,18.81,0,1
343.29,18.84,0,1
343.41,18.88,0,1
343.54,18.9,0,1
343.66,18.94,0,1
343.78,18.97,0,1
343.9,19.0,0,1
344.02,19.03,0,1
344.15,19.07,0,1
344.27,19.1,0,1
344.39,19.14,0,1
344.51,19.16,0,1
344.64,19.2,0,1
344.76,19.24,0,1
344.88,19.27,0,1
345.0,19.3,0,1
345.12,19.34,0,1
345.25,19.36,0,1
345.37,19.39,0,1
345.49,19.43,0,1
345.61,19.46,0,1
345.73,19.49,0,1
345.86,19.53,0,1
345.98,19.56,0,1
346.1,19.59,0,1
346.22,19.62,0,1
346.35,19.66,0,1
346.47,19.69,0,1
346.59,19.72,0,1
346.71,19.75,0,1
346.83,19.78,0,1
346.96,19.82,0,1
347.08,19.84,0,1
347.2,19.88,0,1
347.32,19.91,0,1
347.45,19.94,0,1
347.57,19.98,0,1
347.69,20.0,0,1
347.81,20.03,0,1
347.93,20.06,0,1
348.06,20.1,0,1
348.18,20.13,0,1
348.3,20.15,0,1
348.42,20.18,0,1
348.55,20.22,0,1
348.67,20.25,0,1
348.79,20.28,0,1
348.91,20.3,0,1
349.03,20.34,0,1
349.16,20.36,0,1
349.28,20.39,0,1
349.4,20.42,0,1
349.52,20.45,0,1
349.64,20.48,0,1
349.77,20.51,0,1
349.89,20.54,0,1
350.01,20.57,0,1
350.13,20.6,0,1
350.26,20.64,0,1
350.38,20.67,0,1
350.5,20.69,0,1
350.62,20.72,0,1
350.74,20.75,0,1
350.87,20.78,0,1
350.99,20.8,0,1
351.11,20.83,0,1
351.23,20.87,0,1
351.35,20.9,0,1
351.48,20.93,0,1
351.6,20.95,0,1
351.72,20.98,0,1
351.84,21.01,0,1
351.97,21.04,0,1
352.09,21.07,0,1
352.21,21.1,0,1
352.33,21.12,0,1
352.45,21.15,0,1
352.58,21.18,0,1
352.7,21.21,0,1
352.82,21.24,0,1
352.94,21.27,0,1
353.06,21.29,0,1
353.19,21.32,0,1
353.31,21.35,0,1
353.43,21.37,0,1
353.55,21.4,0,1
353.67,21.43,0,1
353.8,21.46,0,1
353.92,21.48,0,1
354.04,21.51,0,1
354.16,21.54,0,1
354.29,21.57,0,1
354.41,21.59,0,1
354.53,21.62,0,1
354.65,21.65,0,1
354.77,21.67,0,1
354.9,21.7,0,1
355.02,21.73,0,1
355.14,21.75,0,1
355.26,21.78,0,1
355.39,21.81,0,1
355.51,21.84,0,1
355.63,21.86,0,1
355.75,21.89,0,1
355.87,21.91,0,1
356.0,21.94,0,1
356.12,21.97,0,1
356.24,21.99,0,1
356.36,22.02,0,1
356.48,22.04,0,1
356.61,22.07,0,1
356.73,22.1,0,1
356.85,22.13,0,1
356.97,22.15,0,1
357.1,22.17,0,1
357.22,22.2,0,1
357.34,22.23,0,1
357.46,22.26,0,1
357.58,22.28,0,1
357.71,22.31,0,1
357.83,22.33,0,1
357.95,22.36,0,1
358.07,22.38,0,1
358.2,22.41,0,1
358.32,22.43,0,1
358.44,22.46,0,1
358.56,22.49,0,1
358.68,22.51,0,1
358.81,22.54,0,1
358.93,22.56,0,1
359.05,22.58,0,1
359.17,22.61,0,1
359.29,22.63,0,1
359.42,22.66,0,1
359.54,22.68,0,1
359.66,22.71,0,1
359.78,22.73,0,1
359.91,22.76,0,1
360.03,22.78,0,1
360.15,22.8,0,1
360.27,22.83,0,1
360.39,22.86,0,1
360.52,22.88,0,1
360.64,22.9,0,1
360.76,22.93,0,1
360.88,22.95,0,1
361.01,22.98,0,1
361.13,23.0,0,1
361.25,23.02,0,1
361.37,23.05,0,1
361.49,23.07,0,1
361.62,23.1,0,1
361.74,23.12,0,1
361.86,23.14,0,1
361.98,23.17,0,1
362.1,23.19,0,1
362.23,23.21,0,1
362.35,23.24,0,1
362.47,23.26,0,1
362.59,23.29,0,1
362.72,23.31,0,1
362.84,23.33,0,1
362.96,23.36,0,1
363.08,23.38,0,1
363.2,23.4,0,1
363.33,23.42,0,1
363.45,23.45,0,1
363.57,23.47,0,1
363.69,23.49,0,1
363.81,23.52,0,1
363.94,23.54,68,1
364.06,23.55,68,1
364.18,23.57,68,1
364.3,23.61,68,1
364.43,23.64,68,1
364.55,23.67,68,1
364.67,23.72,68,1
364.79,23.77,68,1
364.91,23.83,68,1
365.04,23.9,68,1
365.16,23.97,68,1
365.28,24.05,68,1
365.4,24.12,68,1
365.53,24.22,68,1
365.65,24.32,68,1
365.77,24.41,68,1
365.89,24.5,68,1
366.02,24.6,68,1
366.14,24.71,68,1
366.26,24.81,68,1
366.38,24.92,68,1
366.5,25.03,68,1
366.63,25.15,68,1
366.75,25.25,68,1
366.87,25.38,68,1
366.99,25.5,68,1
367.11,25.6,68,1
367.24,25.71,68,1
367.36,25.83,68,1
367.48,25.93,68,1
367.6,26.07,68,1
367.73,26.19,68,1
367.85,26.28,68,1
367.97,26.41,68,1
368.09,26.52,68,1
368.22,26.63,68,1
368.34,26.75,68,1
368.46,26.86,68,1
368.58,26.98,68,1
368.7,27.1,68,1
368.83,27.21,68,1
368.95,27.32,68,1
369.07,27.43,68,1
369.19,27.55,68,1
369.31,27.64,68,1
369.44,27.76,68,1
369.56,27.88,68,1
369.68,27.98,68,1
369.8,28.08,68,1
369.93,28.2,68,1
370.05,28.3,68,1
370.17,28.41,68,1
370.29,28.51,68,1
370.41,28.62,68,1
370.54,28.72,68,1
370.66,28.82,68,1
370.78,28.93,68,1
370.9,29.03,68,1
371.02,29.13,68,1
371.15,29.24,68,1
371.27,29.34,68,1
371.39,29.44,68,1
371.51,29.54,68,1
371.64,29.64,68,1
371.76,29.74,68,1
371.88,29.83,68,1
372.0,29.93,68,1
372.13,30.03,68,1
372.25,30.13,68,1
372.37,30.2,68,1
372.49,30.31,68,1
372.61,30.4,68,1
372.74,30.49,68,1
372.86,30.58,68,1
372.98,30.68,68,1
373.1,30.77,68,1
373.23,30.85,68,1
373.35,30.95,68,1
373.47,31.05,68,1
373.59,31.13,68,1
373.71,31.23,68,1
373.84,31.31,68,1
373.96,31.4,68,1
374.08,31.48,68,1
374.2,31.57,68,1
374.33,31.65,68,1
374.45,31.74,68,1
374.57,31.82,68,1
374.69,31.91,68,1
374.81,32.0,68,1
374.94,32.08,68,1
375.06,32.17,68,1
375.18,32.25,68,1
375.3,32.32,68,1
375.42,32.42,68,1
375.55,32.51,68,1
375.67,32.58,68,1
375.79,32.67,68,1
375.91,32.74,68,1
376.04,32.82,68,1
376.16,32.9,68,1
376.28,32.99,68,1
376.4,33.06,68,1
376.52,33.14,68,1
376.65,33.23,68,1
376.77,33.3,68,1
376.89,33.39,68,1
377.01,33.46,68,1
377.14,33.54,68,1
377.26,33.6,68,1
377.38,33.69,68,1
377.5,33.77,68,1
377.63,33.86,68,1
377.75,33.94,68,1
377.87,34.0,68,1
377.99,34.07,68,1
378.11,34.16,68,1
378.23,34.24,68,1
378.36,34.31,68,1
378.48,34.39,68,1
378.6,34.46,68,1
378.73,34.54,68,1
378.85,34.62,68,1
378.97,34.69,68,1
379.09,34.77,68,1
379.21,34.83,68,1
379.33,34.92,68,1
379.46,35.0,68,1
379.58,35.07,68,1
379.7,35.14,68,1
379.83,35.21,68,1
379.95,35.3,68,1
380.07,35.35,68,1
380.19,35.43,68,1
380.31,35.5,68,1
380.44,35.58,68,1
380.56,35.65,68,1
380.68,35.72,68,1
380.8,35.79,68,1
380.92,35.87,68,1
381.05,35.94,68,1
381.17,36.01,68,1
381.29,36.09,68,1
381.41,36.15,68,1
381.54,36.23,68,1
381.66,36.29,68,1
381.78,36.36,68,1
381.9,36.44,68,1
382.02,36.5,68,1
382.15,36.57,68,1
382.27,36.65,68,1
382.39,36.71,68,1
382.51,36.78,68,1
382.64,36.84,68,1
382.76,36.9,68,1
382.88,36.98,68,1
383.0,37.05,68,1
383.12,37.1,68,1
383.25,37.18,68,1
383.37,37.25,68,1
383.49,37.32,68,1
383.61,37.38,68,1
383.73,37.45,68,1
383.86,37.52,68,1
383.98,37.59,68,1
384.1,37.64,68,1
384.23,37.71,68,1
384.35,37.78,68,1
384.47,37.85,68,1
384.59,37.91,68,1
384.71,37.97,68,1
384.83,38.04,68,1
384.96,38.1,68,1
385.08,38.17,68,1
385.2,38.22,68,1
385.33,38.3,68,1
385.45,38.35,68,1
385.57,38.41,68,1
385.69,38.48,68,1
385.81,38.55,68,1
385.94,38.6,68,1
386.06,38.67,68,1
386.18,38.73,68,1
386.3,38.79,68,1
386.42,38.85,68,1
386.55,38.92,68,1
386.67,38.99,68,1
386.79,39.03,68,1
386.91,39.1,68,1
387.04,39.17,68,1
387.16,39.22,68,1
387.28,39.28,68,1
387.4,39.35,68,1
387.52,39.4,68,1
387.65,39.47,68,1
387.77,39.52,68,1
387.89,39.59,68,1
388.01,39.65,68,1
388.14,39.72,68,1
388.26,39.76,68,1
388.38,39.82,68,1
388.5,39.89,68,1
388.62,39.95,68,1
388.75,40.01,68,1
388.87,40.07,68,1
388.99,40.12,68,1
389.11,40.18,68,1
389.23,40.23,68,1
389.36,40.3,68,1
389.48,40.36,68,1
389.6,40.42,68,1
389.72,40.47,68,1
389.85,40.53,68,1
389.97,40.59,68,1
390.09,40.64,68,1
390.21,40.71,68,1
390.33,40.76,68,1
390.46,40.83,68,1
390.58,40.87,68,1
390.7,40.94,68,1
390.82,40.98,68,1
390.95,41.06,68,1
391.07,41.11,68,1
391.19,41.17,68,1
391.31,41.22,68,1
391.44,41.27,68,1
391.56,41.33,68,1
391.68,41.39,68,1
391.8,41.44,68,1
391.92,41.5,68,1
392.05,41.55,68,1
392.17,41.61,68,1
392.29,41.67,68,1
392.41,41.72,68,1
392.54,41.77,68,1
392.66,41.83,68,1
392.78,41.88,68,1
392.9,41.94,68,1
393.02,42.0,68,1
393.15,42.04,68,1
393.27,42.1,68,1
393.39,42.16,68,1
393.51,42.22,68,1
393.64,42.26,68,1
393.76,42.33,68,1
393.88,42.37,68,1
394.0,42.42,68,1
394.12,42.46,68,1
394.25,42.53,68,1
394.37,42.59,68,1
394.49,42.65,68,1
394.61,42.7,68,1
394.73,42.75,68,1
394.86,42.8,68,1
394.98,42.85,68,1
395.1,42.9,68,1
395.22,42.95,68,1
395.35,43.01,68,1
395.47,43.06,68,1
395.59,43.12,68,1
395.71,43.17,68,1
395.83,43.22,68,1
395.96,43.27,68,1
396.08,43.32,68,1
396.2,43.37,68,1
396.32,43.42,68,1
396.45,43.46,68,1
396.57,43.53,68,1
396.69,43.58,68,1
396.81,43.64,68,1
396.94,43.67,68,1
397.06,43.72,68,1
397.18,43.75,68,1
397.3,43.83,68,1
397.42,43.88,68,1
397.55,43.93,68,1
397.67,43.97,68,1
397.79,44.03,68,1
397.91,44.08,68,1
398.03,44.14,68,1
398.16,44.18,68,1
398.28,44.22,68,1
398.4,44.27,68,1
398.52,44.32,68,1
398.65,44.38,68,1
398.77,44.42,68,1
398.89,44.48,68,1
399.01,44.52,68,1
399.13,44.58,68,1
399.26,44.61,68,1
399.38,44.67,72,1
399.5,44.71,39,1
399.63,44.78,0,1
399.75,44.82,0,1
399.87,44.87,0,1
399.99,44.92,0,1
400.11,44.95,0,1
400.24,44.99,0,1
400.36,45.01,0,1
400.48,45.03,0,1
400.6,45.05,0,1
400.72,45.05,0,1
400.85,45.05,0,1
400.97,45.05,0,1
401.09,45.03,0,1
401.21,45.02,0,1
401.34,45.0,0,1
401.46,44.97,0,1
401.58,44.95,0,1
401.7,44.92,0,1
401.82,44.88,0,1
401.95,44.85,0,1
402.07,44.81,0,1
402.19,44.76,0,1
402.31,44.73,0,1
402.44,44.7,0,1
402.56,44.65,0,1
402.68,44.61,0,1
402.8,44.56,0,1
402.92,44.52,0,1
403.05,44.47,0,1
403.17,44.43,0,1
403.29,44.39,0,1
403.41,44.34,0,1
403.53,44.29,0,1
403.66,44.24,0,1
403.78,44.2,0,1
403.9,44.15,0,1
404.02,44.1,0,1
404.14,44.05,0,1
404.27,44.01,0,1
404.39,43.95,0,1
404.51,43.91,0,1
404.63,43.86,0,1
404.76,43.82,0,1
404.88,43.77,0,1
405.0,43.73,0,1
405.12,43.69,0,1
405.24,43.64,0,1
405.37,43.59,0,1
405.49,43.55,0,1
405.61,43.51,0,1
405.73,43.46,0,1
405.86,43.42,0,1
405.98,43.38,0,1
406.1,43.34,0,1
406.22,43.3,0,1
406.34,43.26,0,1
406.47,43.22,0,1
406.59,43.18,0,1
406.71,43.14,0,1
406.83,43.1,0,1
406.95,43.06,0,1
407.08,43.02,0,1
407.2,42.98,0,1
407.32,42.95,0,1
407.44,42.91,0,1
407.57,42.88,0,1
407.69,42.84,0,1
407.81,42.8,0,1
407.93,42.77,0,1
408.05,42.73,0,1
408.18,42.7,0,1
408.3,42.67,0,1
408.42,42.63,0,1
408.54,42.6,0,1
408.67,42.56,0,1
408.79,42.53,0,1
408.91,42.5,0,1
409.03,42.47,0,1
409.15,42.44,0,1
409.28,42.41,0,1
409.4,42.38,0,1
409.52,42.35,0,1
409.64,42.32,0,1
409.76,42.29,0,1
409.89,42.27,0,1
410.01,42.24,0,1
410.13,42.2,0,1
410.25,42.18,0,1
410.38,42.15,0,1
410.5,42.13,0,1
410.62,42.1,0,1
410.74,42.07,0,1
410.86,42.05,0,1
410.99,42.02,0,1
411.11,41.99,0,1
411.23,41.97,0,1
411.35,41.94,0,1
411.47,41.92,0,1
411.6,41.89,0,1
411.72,41.87,0,1
411.84,41.84,0,1
411.96,41.83,0,1
412.09,41.8,0,1
412.21,41.77,0,1
412.33,41.75,0,1
412.45,41.73,0,1
412.57,41.7,0,1
412.7,41.68,0,1
412.82,41.66,0,1
412.94,41.64,0,1
413.06,41.62,0,1
413.19,41.6,0,1
413.31,41.59,0,1
413.43,41.55,0,1
413.55,41.54,0,1
413.67,41.52,0,1
413.8,41.5,0,1
413.92,41.47,0,1
414.04,41.46,0,1
414.16,41.44,0,1
414.28,41.42,0,1
414.41,41.39,0,1
414.53,41.38,0,1
414.65,41.36,0,1
414.77,41.34,0,1
414.89,41.32,0,1
415.02,41.3,0,1
415.14,41.29,0,1
415.26,41.26,0,1
415.38,41.25,0,1
415.51,41.23,0,1
415.63,41.21,0,1
415.75,41.2,0,1
415.87,41.19,0,1
415.99,41.17,0,1
416.12,41.15,0,1
416.24,41.13,0,1
416.36,41.11,0,1
416.48,41.09,0,1
416.61,41.08,0,1
416.73,41.06,0,1
416.85,41.04,0,1
416.97,41.03,0,1
417.09,41.02,0,1
417.22,41.0,0,1
417.34,40.98,0,1
417.46,40.97,0,1
417.58,40.94,0,1
417.7,40.93,0,1
417.83,40.92,0,1
417.95,40.9,0,1
418.07,40.89,0,1
418.19,40.87,0,1
418.32,40.86,0,1
418.44,40.84,0,1
418.56,40.83,0,1
418.68,40.81,0,1
418.8,40.8,0,1
418.93,40.78,0,1
419.05,40.76,0,1
419.17,40.75,0,1
419.29,40.74,0,1
419.42,40.72,0,1
419.54,40.71,0,1
419.66,40.69,0,1
419.78,40.68,0,1
419.9,40.66,0,1
420.03,40.65,0,1
420.15,40.64,0,1
420.27,40.62,0,1
420.39,40.61,0,1
420.51,40.59,0,1
420.64,40.58,0,1
420.76,40.56,0,1
420.88,40.56,0,1
421.0,40.54,0,1
421.13,40.52,0,1
421.25,40.51,0,1
421.37,40.49,0,1
421.49,40.49,0,1
421.61,40.48,0,1
421.74,40.46,0,1
421.86,40.45,0,1
421.98,40.43,0,1
422.1,40.42,0,1
422.22,40.41,0,1
422.35,40.39,0,1
422.47,40.38,0,1
422.59,40.37,0,1
422.71,40.36,0,1
422.83,40.34,0,1
422.96,40.34,0,1
423.08,40.32,0,1
423.2,40.31,0,1
423.32,40.29,0,1
423.45,40.29,0,1
423.57,40.27,0,1
423.69,40.26,0,1
423.81,40.25,0,1
423.93,40.23,0,1
424.06,40.22,0,1
424.18,40.21,0,1
424.3,40.2,0,1
424.42,40.19,0,1
424.55,40.17,0,1
424.67,40.17,0,1
424.79,40.15,0,1
424.91,40.14,0,1
425.03,40.13,0,1
425.16,40.12,0,1
425.28,40.11,0,1
425.4,40.1,0,1
425.52,40.08,0,1
425.64,40.08,0,1
425.77,40.06,0,1
425.89,40.05,0,1
426.01,40.04,0,1
426.13,40.03,0,1
426.26,40.02,0,1
426.38,40.0,0,1
426.5,40.0,0,1
426.62,39.98,0,1
426.74,39.97,0,1
426.87,39.96,0,1
426.99,39.95,0,1
427.11,39.94,0,1
427.23,39.93,0,1
427.36,39.91,0,1
427.48,39.91,0,1
427.6,39.9,0,1
427.72,39.89,0,1
427.84,39.88,0,1
427.97,39.87,0,1
428.09,39.85,0,1
428.21,39.84,0,1
428.33,39.83,0,1
428.45,39.82,0,1
428.58,39.81,0,1
428.7,39.8,0,1
428.82,39.79,0,1
428.94,39.79,0,1
429.07,39.77,0,1
429.19,39.76,0,1
429.31,39.75,0,1
429.43,39.74,0,1
429.55,39.73,0,1
429.68,39.72,0,1
429.8,39.71,0,1
429.92,39.7,0,1
430.04,39.69,0,1
430.16,39.66,0,1
430.29,39.68,0,1
430.41,39.66,0,1
430.53,39.65,0,1
430.65,39.64,0,1
430.78,39.63,0,1
430.9,39.63,0,1
431.02,39.6,0,1
431.14,39.6,0,1
431.26,39.59,0,1
431.39,39.58,0,1
431.51,39.57,0,1
431.63,39.56,0,1
431.75,39.56,0,1
431.88,39.54,0,1
432.0,39.54,0,1
432.12,39.52,0,1
432.24,39.52,0,1
432.36,39.5,0,1
432.49,39.49,0,1
432.61,39.48,0,1
432.73,39.48,0,1
432.85,39.47,0,1
432.97,39.46,0,1
433.1,39.45,0,1
433.22,39.44,0,1
433.34,39.43,0,1
433.46,39.42,0,1
433.58,39.42,0,1
433.71,39.4,0,1
433.83,39.41,0,1
433.95,39.38,0,1
434.07,39.37,0,1
434.2,39.37,0,1
434.32,39.36,0,1
434.44,39.35,0,1
434.56,39.36,0,1
434.68,39.32,0,1
434.81,39.31,0,1
434.93,39.3,0,1
435.05,39.31,0,1
435.17,39.3,0,1
435.3,39.3,0,1
435.42,39.28,0,1
435.54,39.28,0,1
435.66,39.25,0,1
435.78,39.24,0,1
435.91,39.23,0,1
436.03,39.24,0,1
436.15,39.23,0,1
436.27,39.23,0,1
436.39,39.21,0,1
436.52,39.19,0,1
436.64,39.18,0,1
436.76,39.17,0,1
436.88,39.16,0,1
437.01,39.18,0,1
437.13,39.15,0,1
437.25,39.15,0,1
437.37,39.14,0,1
437.49,39.13,0,1
437.62,39.13,0,1
437.74,39.13,0,1
437.86,39.11,0,1
437.98,39.1,0,1
438.11,39.08,0,1
438.23,39.08,0,1
438.35,39.07,0,1
438.47,39.07,0,1
438.59,39.05,0,1
438.72,39.06,0,1
438.84,39.03,0,1
438.96,39.04,0,1
439.08,39.03,0,1
439.2,39.02,0,1
439.33,39.02,0,1
439.45,39.0,0,1
439.57,39.0,0,1
439.69,38.98,0,1
439.82,38.98,0,1
439.94,38.97,0,1
440.06,38.96,0,1
440.18,38.95,0,1
440.3,38.94,0,1
440.43,38.95,0,1
440.55,38.93,0,1
440.67,38.92,0,1
440.79,38.92,0,1
440.91,38.91,0,1
441.04,38.9,0,1
441.16,38.89,0,1
441.28,38.88,0,1
441.4,38.87,0,1
441.53,38.87,0,1
441.65,38.86,0,1
441.77,38.84,0,1
441.89,38.84,0,1
442.01,38.84,0,1
442.14,38.82,0,1
442.26,38.83,0,1
442.38,38.81,0,1
442.5,38.82,0,1
442.63,38.8,0,1
442.75,38.8,0,1
442.87,38.78,0,1
442.99,38.77,0,1
443.11,38.77,0,1
443.24,38.76,0,1
443.36,38.76,0,1
443.48,38.76,0,1
443.6,38.75,0,1
443.72,38.73,0,1
443.85,38.73,0,1
443.97,38.72,0,1
444.09,38.72,0,1
444.21,38.7,0,1
444.33,38.72,0,1
444.46,38.7,0,1
444.58,38.69,0,1
444.7,38.69,0,1
444.82,38.69,0,1
444.95,38.65,0,1
445.07,38.66,0,1
445.19,38.65,0,1
445.31,38.64,0,1
445.43,38.64,0,1
445.56,38.63,0,1
445.68,38.62,0,1
445.8,38.63,0,1
445.92,38.61,0,1
446.05,38.61,0,1
446.17,38.6,0,1
446.29,38.59,0,1
446.41,38.59,0,1
446.53,38.57,0,1
446.66,38.57,0,1
446.78,38.57,0,1
446.9,38.57,0,1
447.02,38.53,0,1
447.14,38.54,0,1
447.27,38.56,0,1
447.39,38.55,0,1
447.51,38.51,0,1
447.63,38.5,0,1
447.76,38.49,0,1
447.88,38.52,0,1
448.0,38.48,0,1
448.12,38.5,0,1
448.24,38.48,0,1
448.37,38.48,0,1
448.49,38.47,0,1
448.61,38.46,0,1
448.73,38.45,0,1
448.86,38.46,0,1
448.98,38.44,0,1
449.1,38.44,0,1
449.22,38.43,0,1
449.34,38.43,0,1
449.47,38.41,0,1
449.59,38.43,0,1
449.71,38.39,0,1
449.83,38.42,0,1
449.95,38.41,0,1
450.08,38.36,0,1
450.2,38.39,0,1
450.32,38.39,0,1
450.44,38.39,0,1
450.57,38.37,0,1
450.69,38.36,0,1
450.81,38.36,0,1
450.93,38.35,0,1
451.05,38.34,0,1
451.18,38.32,0,1
451.3,38.31,0,1
451.42,38.31,0,1
451.54,38.32,0,1
451.66,38.3,0,1
451.79,38.3,0,1
451.91,38.29,0,1
452.03,38.28,0,1
452.15,38.28,0,1
452.27,38.29,0,1
452.4,38.29,0,1
452.52,38.28,0,1
452.64,38.25,0,1
452.76,38.26,0,1
452.89,38.25,0,1
453.01,38.24,0,1
453.13,38.22,0,1
453.25,38.21,0,1
453.37,38.21,0,1
453.5,38.2,0,1
453.62,38.2,0,1
453.74,38.19,0,1
453.86,38.19,0,1
453.99,38.19,0,1
454.11,38.18,0,1
454.23,38.19,0,1
454.35,38.19,0,1
454.47,38.18,0,1
454.6,38.17,0,1
454.72,38.16,0,1
454.84,38.18,0,1
454.96,38.13,0,1
455.08,38.15,0,1
455.21,38.14,0,1
455.33,38.12,0,1
455.45,38.12,0,1
455.57,38.13,0,1
455.7,38.1,0,1
455.82,38.12,0,1
455.94,38.1,0,1
456.06,38.08,0,1
456.18,38.11,0,1
456.31,38.08,0,1
456.43,38.08,0,1
456.55,38.08,0,1
456.67,38.07,0,1
456.8,38.07,0,1
456.92,38.06,0,1
457.04,38.05,0,1
457.16,38.05,0,1
457.28,38.05,0,1
457.41,38.05,0,1
457.53,38.05,0,1
457.65,38.04,0,1
457.77,38.0,0,1
457.89,38.02,0,1
458.02,38.0,0,1
458.14,37.99,0,1
458.26,37.99,0,1
458.38,37.98,0,1
458.51,37.98,0,1
458.63,37.98,0,1
458.75,37.97,0,1
458.87,37.98,0,1
458.99,37.97,0,1
459.12,37.99,0,1
459.24,37.99,0,1
459.36,37.95,0,1
459.48,37.92,0,1
459.6,37.95,0,1
459.73,37.92,0,1
459.85,37.93,0,1
459.97,37.91,0,1
460.09,37.94,0,1
460.22,37.9,0,1
460.34,37.92,0,1
460.46,37.9,0,1
460.58,37.9,0,1
460.7,37.89,0,1
460.83,37.88,0,1
460.95,37.9,0,1
461.07,37.89,0,1
461.19,37.89,0,1
461.32,37.86,0,1
461.44,37.89,0,1
461.56,37.85,0,1
461.68,37.87,0,1
461.8,37.83,0,1
461.93,37.84,0,1
462.05,37.84,0,1
462.17,37.83,0,1
462.29,37.83,0,1
462.41,37.82,0,1
462.54,37.82,0,1
462.66,37.8,0,1
462.78,37.81,0,1
462.9,37.8,0,1
463.02,37.8,0,1
463.15,37.8,0,1
463.27,37.79,0,1
463.39,37.8,0,1
463.51,37.79,0,1
463.64,37.78,0,1
463.76,37.78,0,1
463.88,37.75,0,1
464.0,37.77,0,1
464.12,37.76,0,1
464.25,37.75,0,1
464.37,37.76,0,1
464.49,37.73,0,1
464.61,37.74,0,1
464.73,37.73,0,1
464.86,37.72,0,1
464.98,37.72,0,1
465.1,37.72,0,1
465.22,37.71,0,1
465.35,37.7,0,1
465.47,37.71,0,1
465.59,37.71,0,1
465.71,37.72,0,1
465.83,37.68,0,1
465.96,37.68,0,1
466.08,37.68,0,1
466.2,37.68,0,1
466.32,37.66,0,1
466.45,37.67,0,1
466.57,37.66,0,1
466.69,37.66,0,1
466.81,37.65,0,1
466.93,37.65,0,1
467.06,37.65,0,1
467.18,37.64,0,1
467.3,37.63,0,1
467.42,37.63,0,1
467.55,37.63,0,1
467.67,37.62,0,1
467.79,37.61,0,1
467.91,37.61,0,1
468.03,37.6,0,1
468.16,37.61,0,1
468.28,37.59,0,1
468.4,37.59,0,1
468.52,37.58,0,1
468.64,37.57,0,1
468.77,37.58,0,1
468.89,37.58,0,1
469.01,37.58,0,1
469.13,37.56,0,1
469.26,37.56,0,1
469.38,37.55,0,1
469.5,37.55,0,1
469.62,37.55,0,1
469.74,37.54,0,1
469.87,37.54,0,1
469.99,37.53,0,1
470.11,37.53,0,1
470.23,37.52,0,1
470.35,37.52,0,1
470.48,37.52,0,1
470.6,37.52,0,1
470.72,37.5,0,1
470.84,37.5,0,1
470.97,37.5,0,1
471.09,37.49,0,1
471.21,37.49,0,1
471.33,37.48,0,1
471.45,37.48,0,1
471.58,37.47,0,1
471.7,37.47,0,1
471.82,37.47,0,1
471.94,37.46,0,1
472.07,37.46,0,1
472.19,37.45,0,1
472.31,37.45,0,1
472.43,37.44,0,1
472.55,37.44,0,1
472.68,37.43,0,1
472.8,37.44,0,1
472.92,37.43,0,1
473.04,37.42,0,1
473.16,37.42,0,1
473.29,37.41,0,1
473.41,37.41,0,1
473.53,37.41,0,1
473.65,37.41,0,1
473.77,37.4,0,1
473.9,37.4,0,1
474.02,37.39,0,1
474.14,37.39,0,1
474.26,37.39,0,1
474.39,37.38,0,1
474.51,37.37,0,1
474.63,37.37,0,1
474.75,37.37,0,1
474.87,37.36,0,1
475.0,37.35,0,1
475.12,37.35,0,1
475.24,37.35,0,1
475.36,37.35,0,1
475.48,37.34,0,1
475.61,37.34,0,1
475.73,37.33,0,1
475.85,37.33,0,1
475.97,37.32,0,1
476.1,37.32,0,1
476.22,37.32,0,1
476.34,37.31,0,1
476.46,37.31,0,1
476.58,37.31,0,1
476.71,37.3,0,1
476.83,37.3,0,1
476.95,37.29,0,1
477.07,37.29,0,1
477.2,37.29,0,1
477.32,37.28,0,1
477.44,37.28,0,1
477.56,37.28,0,1
477.68,37.27,0,1
477.81,37.26,0,1
477.93,37.26,0,1
478.05,37.26,0,1
478.17,37.26,0,1
478.3,37.25,0,1
478.42,37.25,0,1
478.54,37.24,0,1
478.66,37.24,0,1
478.78,37.24,0,1
478.91,37.23,0,1
479.03,37.23,0,1
479.15,37.23,0,1
479.27,37.22,0,1
479.39,37.21,0,1
479.52,37.22,0,1
479.64,37.21,0,1
479.76,37.21,0,1
479.88,37.2,0,1
480.01,37.2,0,1
480.13,37.2,0,1
480.25,37.2,0,1
480.37,37.19,0,1
480.49,37.2,0,1
480.62,37.18,0,1
480.74,37.18,0,1
480.86,37.18,0,1
480.98,37.17,0,1
481.1,37.17,0,1
481.23,37.17,0,1
481.35,37.16,0,1
481.47,37.16,0,1
481.59,37.16,0,1
481.72,37.15,0,1
481.84,37.15,0,1
481.96,37.15,0,1
482.08,37.15,0,1
482.2,37.14,0,1
482.33,37.14,0,1
482.45,37.14,0,1
482.57,37.13,0,1
482.69,37.12,0,1
482.81,37.13,0,1
482.94,37.12,0,1
483.06,37.12,0,1
483.18,37.11,0,1
483.3,37.11,0,1
483.42,37.11,0,1
483.55,37.11,0,1
483.67,37.1,0,1
483.79,37.1,0,1
483.91,37.1,0,1
484.04,37.09,0,1
484.16,37.1,0,1
484.28,37.09,0,1
484.4,37.09,0,1
484.52,37.08,0,1
484.65,37.08,0,1
484.77,37.07,0,1
484.89,37.08,0,1
485.01,37.07,0,1
485.14,37.07,0,1
485.26,37.07,0,1
485.38,37.06,0,1
485.5,37.05,0,1
485.62,37.06,0,1
485.75,37.05,0,1
485.87,37.06,0,1
485.99,37.05,0,1
486.11,37.04,0,1
486.23,37.04,0,1
486.36,37.04,0,1
486.48,37.03,0,1
486.6,37.03,0,1
486.72,37.03,0,1
486.85,37.03,0,1
486.97,37.03,0,1
487.09,37.02,0,1
487.21,37.02,0,1
487.33,37.02,0,1
487.46,37.01,0,1
487.58,37.01,0,1
487.7,37.0,0,1
487.82,37.0,0,1
487.95,37.0,0,1
488.07,37.0,0,1
488.19,37.0,0,1
488.31,36.99,0,1
488.43,36.99,0,1
488.56,36.99,0,1
488.68,36.98,0,1
488.8,36.98,0,1
488.92,36.97,0,1
489.04,36.98,0,1
489.17,36.97,0,1
489.29,36.97,0,1
489.41,36.97,0,1
489.53,36.96,0,1
489.66,36.96,0,1
489.78,36.95,0,1
489.9,36.95,0,1
490.02,36.95,0,1
490.14,36.95,0,1
490.27,36.95,0,1
490.39,36.94,0,1
490.51,36.94,0,1
490.63,36.94,0,1
490.76,36.93,0,1
490.88,36.93,0,1
491.0,36.93,0,1
491.12,36.93,0,1
491.24,36.92,0,1
491.37,36.92,0,1
491.49,36.93,0,1
491.61,36.92,0,1
491.73,36.91,0,1
491.85,36.91,0,1
491.98,36.91,0,1
492.1,36.9,0,1
492.22,36.9,0,1
492.34,36.9,0,1
492.47,36.9,0,1
492.59,36.89,0,1
492.71,36.9,0,1
492.83,36.88,0,1
492.95,36.89,0,1
493.08,36.88,0,1
493.2,36.88,0,1
493.32,36.87,0,1
493.44,36.87,0,1
493.56,36.87,0,1
493.69,36.87,0,1
493.81,36.87,0,1
493.93,36.86,0,1
494.05,36.87,0,1
494.17,36.86,0,1
494.3,36.86,0,1
494.42,36.85,0,1
494.54,36.85,0,1
494.66,36.84,0,1
494.79,36.85,0,1
494.91,36.84,0,1
495.03,36.85,0,1
495.15,36.83,0,1
495.27,36.83,0,1
495.4,36.84,0,1
495.52,36.83,0,1
495.64,36.83,0,1
495.76,36.83,0,1
495.89,36.82,0,1
496.01,36.82,0,1
496.13,36.82,0,1
496.25,36.82,0,1
496.37,36.81,0,1
496.5,36.82,0,1
496.62,36.82,0,1
496.74,36.8,0,1
496.86,36.81,0,1
496.98,36.79,0,1
497.11,36.81,0,1
497.23,36.79,0,1
497.35,36.8,0,1
497.47,36.79,0,1
497.6,36.79,0,1
497.72,36.79,0,1
497.84,36.79,0,1
497.96,36.78,0,1
498.08,36.78,0,1
498.21,36.79,0,1
498.33,36.79,0,1
498.45,36.77,0,1
498.57,36.77,0,1
498.7,36.77,0,1
498.82,36.77,0,1
498.94,36.77,0,1
499.06,36.76,0,1
499.18,36.76,0,1
499.31,36.75,0,1
499.43,36.75,0,1
499.55,36.76,0,1
499.67,36.75,0,1
499.79,36.75,0,1
499.92,36.74,0,1
500.04,36.74,0,1
500.16,36.74,0,1
500.28,36.74,0,1
500.41,36.73,0,1
500.53,36.73,0,1
500.65,36.73,0,1
500.77,36.73,0,1
500.89,36.73,0,1
501.02,36.73,0,1
501.14,36.72,0,1
501.26,36.72,0,1
501.38,36.72,0,1
501.51,36.71,0,1
501.63,36.71,0,1
501.75,36.7,0,1
501.87,36.71,0,1
501.99,36.7,0,1
502.11,36.7,0,1
502.24,36.7,0,1
502.36,36.7,0,1
502.48,36.7,0,1
502.6,36.69,0,1
502.73,36.7,0,1
502.85,36.68,0,1
502.97,36.69,0,1
503.09,36.68,0,1
503.22,36.69,0,1
503.34,36.68,0,1
503.46,36.68,0,1
503.58,36.67,0,1
503.7,36.67,0,1
503.83,36.66,0,1
503.95,36.67,0,1
504.07,36.67,0,1
504.19,36.66,0,1
504.31,36.66,0,1
504.44,36.65,0,1
504.56,36.65,0,1
504.68,36.65,0,1
504.8,36.65,0,1
504.92,36.65,0,1
505.05,36.64,0,1
505.17,36.64,0,1
505.29,36.63,0,1
505.41,36.65,0,1
505.54,36.64,0,1
505.66,36.63,0,1
505.78,36.63,0,1
505.9,36.63,0,1
506.02,36.62,0,1
506.15,36.62,0,1
506.27,36.63,0,1
506.39,36.63,0,1
506.51,36.61,0,1
506.64,36.61,0,1
506.76,36.61,0,1
506.88,36.62,0,1
507.0,36.61,0,1
507.12,36.6,0,1
507.25,36.6,0,1
507.37,36.62,0,1
507.49,36.6,0,1
507.61,36.6,0,1
507.73,36.62,0,1
507.86,36.62,0,1
507.98,36.58,0,1
508.1,36.56,0,1
508.22,36.58,0,1
508.35,36.58,0,1
508.47,36.59,0,1
508.59,36.58,0,1
508.71,36.58,0,1
508.83,36.59,0,1
508.96,36.59,0,1
509.08,36.56,0,1
509.2,36.57,0,1
509.32,36.55,0,1
509.45,36.59,0,1
509.57,36.55,0,1
509.69,36.57,0,1
509.81,36.56,0,1
509.93,36.55,0,1
510.06,36.56,0,1
510.18,36.56,0,1
510.3,36.56,0,1
510.42,36.54,0,1
510.54,36.55,0,1
510.67,36.55,0,1
510.79,36.54,0,1
510.91,36.54,0,1
511.03,36.53,0,1
511.16,36.54,0,1
511.28,36.53,0,1
511.4,36.53,0,1
511.52,36.53,0,1
511.64,36.52,0,1
511.77,36.53,0,1
511.89,36.53,0,1
512.01,36.52,0,1
512.13,36.52,0,1
512.25,36.52,0,1
512.38,36.52,0,1
512.5,36.51,0,1
512.62,36.5,0,1
512.74,36.5,0,1
512.86,36.51,0,1
512.99,36.49,0,1
513.11,36.49,0,1
513.23,36.5,0,1
513.35,36.5,0,1
513.48,36.49,0,1
513.6,36.49,0,1
513.72,36.49,0,1
513.84,36.5,0,1
513.97,36.49,0,1
514.09,36.48,0,1
514.21,36.47,0,1
514.33,36.48,0,1
514.45,36.47,0,1
514.58,36.48,0,1
514.7,36.48,0,1
514.82,36.46,0,1
514.94,36.47,0,1
515.06,36.47,0,1
515.19,36.48,0,1
515.31,36.45,0,1
515.43,36.46,0,1
515.55,36.45,0,1
515.67,36.46,0,1
515.8,36.46,0,1
515.92,36.45,0,1
516.04,36.45,0,1
516.16,36.46,0,1
516.29,36.44,0,1
516.41,36.44,0,1
516.53,36.44,0,1
516.65,36.44,0,1
516.77,36.44,0,1
516.9,36.44,0,1
517.02,36.44,0,1
517.14,36.43,0,1
517.26,36.43,0,1
517.39,36.44,0,1
517.51,36.43,0,1
517.63,36.43,0,1
517.75,36.43,0,1
517.87,36.42,0,1
518.0,36.43,0,1
518.12,36.42,0,1
518.24,36.42,0,1
518.36,36.41,0,1
518.48,36.42,0,1
518.61,36.41,0,1
518.73,36.41,0,1
518.85,36.42,0,1
518.97,36.41,0,1
519.09,36.4,0,1
519.22,36.41,0,1
519.34,36.4,0,1
519.46,36.39,0,1
519.58,36.41,0,1
519.71,36.4,0,1
519.83,36.4,0,1
519.95,36.4,0,1
520.07,36.39,0,1
520.2,36.4,0,1
520.32,36.39,0,1
520.44,36.39,0,1
520.56,36.39,0,1
520.68,36.38,0,1
520.8,36.38,0,1
520.93,36.38,0,1
521.05,36.38,0,1
521.17,36.37,0,1
521.29,36.37,0,1
521.42,36.38,0,1
521.54,36.37,0,1
521.66,36.37,0,1
521.78,36.37,0,1
521.91,36.37,0,1
522.03,36.36,0,1
522.15,36.37,0,1
522.27,36.36,0,1
522.39,36.36,0,1
522.52,36.36,0,1
522.64,36.35,0,1
522.76,36.36,0,1
522.88,36.35,0,1
523.0,36.35,0,1
523.13,36.35,0,1
523.25,36.35,0,1
523.37,36.35,0,1
523.49,36.34,0,1
523.61,36.34,0,1
523.74,36.34,0,1
523.86,36.34,0,1
523.98,36.34,0,1
524.1,36.34,0,1
524.23,36.33,0,1
524.35,36.34,0,1
524.47,36.33,0,1
524.59,36.33,0,1
524.72,36.33,0,1
524.84,36.33,0,1
524.96,36.33,0,1
525.08,36.32,0,1
525.2,36.32,0,1
525.33,36.33,0,1
525.45,36.32,0,1
525.57,36.32,0,1
525.69,36.32,0,1
525.81,36.31,0,1
525.94,36.32,0,1
526.06,36.31,0,1
526.18,36.31,0,1
526.3,36.31,0,1
526.42,36.31,0,1
526.55,36.31,0,1
526.67,36.3,0,1
526.79,36.31,0,1
526.91,36.3,0,1
527.03,36.3,0,1
527.16,36.3,0,1
527.28,36.29,0,1
527.4,36.3,0,1
527.52,36.3,0,1
527.65,36.29,0,1
527.77,36.29,0,1
527.89,36.29,0,1
528.01,36.29,0,1
528.14,36.28,0,1
528.26,36.29,0,1
528.38,36.28,0,1
528.5,36.28,0,1
528.62,36.28,0,1
528.75,36.28,0,1
528.87,36.28,0,1
528.99,36.28,0,1
529.11,36.27,0,1
529.23,36.27,0,1
529.36,36.27,0,1
529.48,36.27,0,1
529.6,36.27,0,1
529.72,36.27,0,1
529.84,36.26,0,1
529.97,36.27,0,1
530.09,36.26,0,1
530.21,36.26,0,1
530.33,36.26,0,1
530.46,36.26,0,1
530.58,36.26,0,1
530.7,36.25,0,1
530.82,36.25,0,1
530.95,36.26,0,1
531.07,36.25,0,1
531.19,36.25,0,1
531.31,36.24,0,1
531.43,36.25,0,1
531.55,36.25,0,1
531.68,36.25,0,1
531.8,36.24,0,1
531.92,36.24,0,1
532.04,36.24,0,1
532.17,36.24,0,1
532.29,36.24,0,1
532.41,36.23,0,1
532.53,36.23,0,1
532.66,36.23,0,1
532.78,36.23,0,1
532.9,36.23,0,1
533.02,36.23,0,1
533.14,36.23,0,1
533.27,36.23,0,1
533.39,36.22,0,1
533.51,36.22,0,1
533.63,36.22,0,1
533.75,36.22,0,1
533.88,36.22,0,1
534.0,36.22,0,1
534.12,36.21,0,1
534.24,36.22,0,1
534.36,36.21,0,1
534.49,36.22,0,1
534.61,36.21,0,1
534.73,36.22,0,1
534.85,36.21,0,1
534.98,36.21,0,1
535.1,36.2,0,1
535.22,36.21,0,1
535.34,36.2,0,1
535.46,36.2,0,1
535.59,36.2,0,1
535.71,36.21,0,1
535.83,36.2,0,1
535.95,36.19,0,1
536.08,36.19,0,1
536.2,36.2,0,1
536.32,36.19,0,1
536.44,36.19,0,1
536.56,36.2,0,1
536.69,36.19,0,1
536.81,36.19,0,1
536.93,36.19,0,1
537.05,36.19,0,1
537.17,36.19,0,1
537.3,36.18,0,1
537.42,36.18,0,1
537.54,36.18,0,1
537.66,36.18,0,1
537.78,36.17,0,1
537.91,36.18,0,1
538.03,36.17,0,1
538.15,36.17,0,1
538.27,36.17,0,1
538.4,36.17,0,1
538.52,36.17,0,1
538.64,36.17,0,1
538.76,36.16,0,1
538.89,36.16,0,1
539.01,36.16,0,1
539.13,36.16,0,1
539.25,36.16,0,1
539.37,36.16,0,1
539.5,36.16,0,1
539.62,36.16,0,1
539.74,36.15,0,1
539.86,36.15,0,1
539.98,36.15,0,1
540.11,36.15,0,1
540.23,36.15,0,1
540.35,36.15,0,1
540.47,36.15,0,1
540.59,36.14,0,1
540.72,36.15,0,1
540.84,36.15,0,1
540.96,36.14,0,1
541.08,36.14,0,1
541.21,36.14,0,1
541.33,36.14,0,1
541.45,36.14,0,1
541.57,36.14,0,1
541.69,36.14,0,1
541.82,36.13,0,1
541.94,36.13,0,1
542.06,36.13,0,1
542.18,36.13,0,1
542.3,36.13,0,1
542.43,36.12,0,1
542.55,36.12,0,1
542.67,36.12,0,1
542.79,36.12,0,1
542.92,36.12,0,1
543.04,36.11,0,1
543.16,36.12,0,1
543.28,36.11,0,1
543.41,36.12,0,1
543.53,36.12,0,1
543.65,36.11,0,1
543.77,36.11,0,1
543.89,36.11,0,1
544.02,36.1,0,1
544.14,36.11,0,1
544.26,36.11,0,1
544.38,36.11,0,1
544.5,36.1,0,1
544.63,36.1,0,1
544.75,36.1,0,1
544.87,36.1,0,1
544.99,36.1,0,1
545.11,36.1,0,1
545.24,36.1,0,1
545.36,36.09,0,1
545.48,36.09,0,1
545.6,36.09,0,1
545.72,36.1,0,1
545.85,36.09,0,1
545.97,36.09,0,1
546.09,36.09,0,1
546.21,36.09,0,1
546.34,36.09,0,1
546.46,36.08,0,1
546.58,36.09,0,1
546.7,36.09,0,1
546.83,36.09,0,1
546.95,36.08,0,1
547.07,36.08,0,1
547.19,36.08,0,1
547.31,36.08,0,1
547.44,36.08,0,1
547.56,36.07,0,1
547.68,36.07,0,1
547.8,36.07,0,1
547.92,36.07,0,1
548.05,36.07,0,1
548.17,36.07,0,1
548.29,36.07,0,1
548.41,36.07,0,1
548.53,36.07,0,1
548.66,36.07,0,1
548.78,36.06,0,1
548.9,36.06,0,1
549.02,36.07,0,1
549.15,36.06,0,1
549.27,36.06,0,1
549.39,36.06,0,1
549.51,36.06,0,1
549.64,36.05,0,1
549.76,36.06,0,1
549.88,36.06,0,1
550.0,36.06,0,1
550.12,36.06,0,1
550.25,36.05,0,1
550.37,36.05,0,1
550.49,36.05,0,1
550.61,36.05,0,1
550.73,36.05,0,1
550.86,36.05,0,1
550.98,36.06,0,1
551.1,36.04,0,1
551.22,36.04,0,1
551.34,36.04,0,1
551.47,36.04,0,1
551.59,36.04,0,1
551.71,36.04,0,1
551.83,36.04,0,1
551.96,36.04,0,1
552.08,36.04,0,1
552.2,36.04,0,1
552.32,36.04,0,1
552.44,36.04,0,1
552.57,36.04,0,1
552.69,36.04,0,1
552.81,36.03,0,1
552.93,36.03,0,1
553.05,36.03,0,1
553.18,36.03,0,1
553.3,36.03,0,1
553.42,36.04,0,1
553.54,36.03,0,1
553.67,36.03,0,1
553.79,36.03,0,1
553.91,36.03,0,1
554.03,36.02,0,1
554.16,36.02,0,1
554.28,36.03,0,1
554.4,36.02,0,1
554.52,36.02,0,1
554.64,36.02,0,1
554.77,36.02,0,1
554.89,36.02,0,1
555.01,36.02,0,1
555.13,36.02,0,1
555.25,36.01,0,1
555.38,36.02,0,1
555.5,36.01,0,1
555.62,36.01,0,1
555.74,36.02,0,1
555.86,36.01,0,1
555.99,36.01,0,1
556.11,36.01,0,1
556.23,36.01,0,1
556.35,36.01,0,1
556.47,36.0,0,1
556.6,36.01,0,1
556.72,36.0,0,1
556.84,36.0,0,1
556.96,36.0,0,1
557.09,36.0,0,1
557.21,36.0,0,1
557.33,36.0,0,1
557.45,36.0,0,1
557.58,36.0,0,1
557.7,36.0,0,1
557.82,35.99,0,1
557.94,35.99,0,1
558.06,35.99,0,1
558.19,35.99,0,1
558.31,35.99,0,1
558.43,35.99,0,1
558.55,35.98,0,1
558.67,35.99,0,1
558.8,35.99,0,1
558.92,35.99,0,1
559.04,35.99,0,1
559.16,35.98,0,1
559.28,35.98,0,1
559.41,35.97,0,1
559.53,35.98,0,1
559.65,35.98,0,1
559.77,35.98,0,1
559.9,35.97,0,1
560.02,35.97,0,1
560.14,35.98,0,1
560.26,35.97,0,1
560.39,35.97,0,1
560.51,35.97,0,1
560.63,35.97,0,1
560.75,35.98,0,1
560.87,35.97,0,1
561.0,35.97,0,1
561.12,35.96,0,1
561.24,35.96,0,1
561.36,35.97,0,1
561.48,35.97,0,1
561.61,35.96,0,1
561.73,35.96,0,1
561.85,35.96,0,1
561.97,35.96,0,1
562.09,35.97,0,1
562.22,35.96,0,1
562.34,35.96,0,1
562.46,35.96,0,1
562.58,35.96,0,1
562.71,35.96,0,1
562.83,35.95,0,1
562.95,35.96,0,1
563.07,35.95,0,1
563.19,35.96,0,1
563.32,35.95,0,1
563.44,35.96,0,1
563.56,35.96,0,1
563.68,35.94,0,1
563.8,35.95,0,1
563.93,35.94,0,1
564.05,35.95,0,1
564.17,35.95,0,1
564.29,35.94,0,1
564.41,35.95,0,1
564.54,35.95,0,1
564.66,35.94,0,1
564.78,35.94,0,1
564.9,35.95,0,1
565.03,35.94,0,1
565.15,35.93,0,1
565.27,35.94,0,1
565.39,35.94,0,1
565.52,35.94,0,1
565.64,35.93,0,1
565.76,35.93,0,1
565.88,35.94,0,1
566.0,35.94,0,1
566.13,35.94,0,1
566.25,35.94,0,1
566.37,35.94,0,1
566.49,35.93,0,1
566.61,35.93,0,1
566.74,35.93,0,1
566.86,35.93,0,1
566.98,35.93,0,1
567.1,35.93,0,1
567.22,35.92,0,1
567.35,35.93,0,1
567.47,35.92,0,1
567.59,35.92,0,1
567.71,35.92,0,1
567.84,35.93,0,1
567.96,35.92,0,1
568.08,35.92,0,1
568.2,35.93,0,1
568.33,35.93,0,1
568.45,35.92,0,1
568.57,35.92,0,1
568.69,35.92,0,1
568.81,35.92,0,1
568.94,35.92,0,1
569.06,35.92,0,1
569.18,35.91,0,1
569.3,35.92,0,1
569.42,35.92,0,1
569.55,35.91,0,1
569.67,35.91,0,1
569.79,35.91,0,1
569.91,35.91,0,1
570.03,35.91,0,1
570.16,35.91,0,1
570.28,35.91,0,1
570.4,35.91,0,1
570.52,35.9,0,1
570.65,35.91,0,1
570.77,35.91,0,1
570.89,35.9,0,1
571.01,35.91,0,1
571.13,35.9,0,1
571.26,35.9,0,1
571.38,35.9,0,1
571.5,35.9,0,1
571.62,35.9,0,1
571.75,35.9,0,1
571.87,35.9,0,1
571.99,35.9,0,1
572.11,35.9,0,1
572.23,35.89,0,1
572.36,35.9,0,1
572.48,35.9,0,1
572.6,35.9,0,1
572.72,35.89,0,1
572.84,35.9,0,1
572.97,35.9,0,1
573.09,35.89,0,1
573.21,35.89,0,1
573.33,35.89,0,1
573.46,35.89,0,1
573.58,35.89,0,1
573.7,35.89,0,1
573.82,35.9,0,1
573.94,35.87,0,1
574.07,35.89,0,1
574.19,35.89,0,1
574.31,35.88,0,1
574.43,35.89,0,1
574.55,35.88,0,1
574.68,35.89,0,1
574.8,35.89,0,1
574.92,35.89,0,1
575.04,35.88,0,1
575.16,35.88,0,1
575.29,35.88,0,1
575.41,35.88,0,1
575.53,35.88,0,1
575.65,35.88,0,1
575.78,35.87,0,1
575.9,35.88,0,1
576.02,35.88,0,1
576.14,35.88,0,1
576.27,35.88,0,1
576.39,35.88,0,1
576.51,35.87,0,1
576.63,35.87,0,1
576.75,35.88,0,1
576.88,35.88,0,1
577.0,35.87,0,1
577.12,35.88,0,1
577.24,35.88,0,1
577.36,35.87,0,1
577.49,35.88,0,1
577.61,35.88,0,1
577.73,35.87,0,1
577.85,35.87,0,1
577.97,35.87,0,1
578.1,35.87,0,1
578.22,35.87,0,1
578.34,35.86,0,1
578.46,35.86,0,1
578.59,35.88,0,1
578.71,35.87,0,1
578.83,35.86,0,1
578.95,35.87,0,1
579.08,35.87,0,1
579.2,35.86,0,1
579.32,35.86,0,1
579.44,35.87,0,1
579.56,35.87,0,1
579.69,35.86,0,1
579.81,35.86,0,1
579.93,35.86,0,1
580.05,35.86,0,1
580.17,35.86,0,1
580.3,35.86,0,1
580.42,35.86,0,1
580.54,35.86,0,1
580.66,35.85,0,1
580.78,35.86,0,1
580.91,35.86,0,1
581.03,35.86,0,1
581.15,35.85,0,1
581.27,35.86,0,1
581.4,35.85,0,1
581.52,35.85,0,1
581.64,35.85,0,1
581.76,35.85,0,1
581.88,35.85,0,1
582.01,35.85,0,1
582.13,35.85,0,1
582.25,35.84,0,1
582.37,35.85,0,1
582.5,35.85,0,1
582.62,35.84,0,1
582.74,35.85,0,1
582.86,35.85,0,1
582.98,35.84,0,1
583.1,35.84,0,1
583.23,35.84,0,1
583.35,35.84,0,1
583.47,35.84,0,1
583.59,35.84,0,1
583.72,35.84,0,0
583.84,35.84,0,0
583.96,35.84,0,0
584.08,35.84,0,0
584.21,35.84,11,0
584.33,35.84,73,0
584.45,35.84,99,0
584.58,35.82,108,0
584.7,35.83,161,0
584.82,35.82,196,0
584.95,35.81,202,0
585.07,35.79,202,0
585.19,35.77,202,0
585.31,35.73,202,0
585.43,35.68,202,0
585.56,35.63,202,0
585.68,35.56,199,0
585.8,35.5,198,0
585.92,35.43,185,0
586.05,35.33,123,0
586.17,35.25,83,0
586.29,35.16,67,0
586.42,35.06,58,0
586.54,34.98,58,0
586.66,34.89,58,0
586.78,34.81,58,0
586.91,34.75,58,0
587.03,34.67,55,0
587.15,34.61,46,0
587.28,34.55,46,0
587.4,34.49,46,0
587.52,34.45,46,0
587.64,34.39,46,0
587.76,34.35,46,0
587.89,34.31,41,0
588.01,34.27,39,0
588.13,34.23,38,0
588.26,34.2,37,0
588.38,34.18,37,0
588.5,34.14,37,0
588.62,34.11,37,0
588.74,34.09,37,0
588.87,34.07,37,0
588.99,34.04,37,0
589.11,34.03,37,0
589.23,34.01,37,0
589.35,33.99,37,0
589.48,33.97,37,0
589.6,33.96,37,0
589.72,33.95,37,0
589.84,33.93,37,0
589.97,33.92,37,0
590.09,33.9,37,0
590.21,33.9,37,0
590.33,33.87,37,0
590.45,33.87,37,0
590.58,33.86,37,0
590.7,33.84,37,0
590.82,33.84,37,0
590.94,33.83,37,0
591.07,33.82,37,0
591.19,33.81,37,0
591.31,33.8,37,0
591.43,33.79,37,0
591.55,33.78,37,0
591.68,33.77,37,0
591.8,33.76,37,0
591.92,33.75,37,0
592.04,33.74,37,0
592.16,33.74,37,0
592.29,33.73,37,0
592.41,33.73,37,0
592.53,33.72,37,0
592.66,33.71,37,0
592.78,33.7,37,0
592.9,33.69,37,0
593.02,33.69,37,0
593.14,33.68,37,0
593.27,33.66,37,0
593.39,33.66,37,0
593.51,33.65,37,0
593.63,33.65,37,0
593.76,33.64,37,0
593.88,33.63,37,0
594.0,33.62,37,0
594.12,33.61,37,0
594.24,33.61,37,0
594.37,33.59,37,0
594.49,33.58,37,0
594.61,33.59,37,0
594.73,33.57,37,0
594.85,33.57,37,0
594.98,33.56,37,0
595.1,33.55,37,0
595.22,33.56,37,0
595.34,33.54,37,0
595.47,33.53,37,0
595.59,33.52,37,0
595.71,33.51,37,0
595.83,33.51,37,0
595.95,33.5,37,0
596.08,33.48,35,0
596.2,33.48,35,0
596.32,33.48,41,0
596.45,33.46,54,0
596.57,33.45,65,0
596.69,33.45,71,0
596.81,33.44,71,0
596.94,33.44,71,0
597.06,33.42,71,0
597.18,33.4,71,0
597.3,33.39,71,0
597.43,33.37,71,0
597.55,33.36,71,0
597.67,33.35,71,0
597.79,33.32,71,0
597.91,33.29,71,0
598.04,33.27,71,0
598.16,33.26,71,0
598.28,33.22,71,0
598.4,33.2,71,0
598.53,33.19,71,0
598.65,33.16,71,0
598.77,33.14,71,0
598.89,33.1,71,0
599.01,33.08,71,0
599.14,33.06,71,0
599.26,33.03,71,0
599.38,33.0,71,0
599.5,32.98,71,0
599.63,32.95,71,0
599.75,32.93,71,0
599.87,32.9,71,0
599.99,32.87,71,0
600.11,32.85,71,0
600.24,32.82,71,0
600.36,32.81,71,0
600.48,32.77,71,0
600.6,32.74,71,0
600.72,32.7,71,0
600.85,32.69,71,0
600.97,32.67,71,0
601.09,32.64,71,0
601.21,32.62,71,0
601.34,32.59,71,0
601.46,32.57,71,0
601.58,32.54,71,0
601.7,32.51,71,0
601.83,32.49,71,0
601.95,32.47,71,0
602.07,32.44,71,0
602.19,32.41,71,0
602.31,32.4,71,0
602.44,32.36,71,0
602.56,32.35,71,0
602.68,32.32,71,0
602.8,32.3,71,0
602.92,32.25,71,0
603.05,32.25,71,0
603.17,32.22,71,0
603.29,32.2,71,0
603.41,32.17,71,0
603.54,32.16,71,0
603.66,32.13,71,0
603.78,32.12,71,0
603.9,32.08,71,0
604.02,32.07,71,0
604.15,32.05,71,0
604.27,32.02,71,0
604.39,31.99,71,0
604.51,31.98,71,0
604.64,31.95,71,0
604.76,31.93,71,0
604.88,31.91,71,0
605.0,31.88,71,0
605.12,31.86,71,0
605.25,31.84,71,0
605.37,31.82,71,0
605.49,31.8,71,0
605.61,31.78,71,0
605.73,31.75,71,0
605.86,31.74,71,0
605.98,31.71,71,0
606.1,31.69,71,0
606.22,31.66,71,0
606.35,31.66,71,0
606.47,31.63,71,0
606.59,31.61,71,0
606.71,31.58,71,0
606.84,31.57,71,0
606.96,31.55,71,0
607.08,31.52,71,0
607.2,31.51,71,0
607.33,31.48,71,0
607.45,31.46,71,0
607.57,31.44,71,0
607.69,31.43,71,0
607.81,31.4,71,0
607.94,31.39,71,0
608.06,31.36,71,0
608.18,31.35,71,0
608.3,31.33,71,0
608.42,31.3,71,0
608.55,31.29,71,0
608.67,31.27,71,0
608.79,31.25,71,0
608.91,31.23,71,0
609.03,31.21,71,0
609.16,31.2,71,0
609.28,31.18,71,0
609.4,31.16,71,0
609.52,31.14,71,0
609.65,31.12,71,0
609.77,31.1,71,0
609.89,31.08,71,0
610.01,31.06,71,0
610.14,31.05,71,0
610.26,31.02,71,0
610.38,31.01,71,0
610.5,30.99,71,0
610.62,30.97,71,0
610.75,30.96,71,0
610.87,30.93,71,0
610.99,30.91,71,0
611.11,30.9,71,0
611.23,30.88,71,0
611.36,30.86,71,0
611.48,30.85,71,0
611.6,30.82,71,0
611.72,30.81,71,0
611.85,30.79,71,0
611.97,30.77,71,0
612.09,30.76,71,0
612.21,30.74,71,0
612.34,30.72,71,0
612.46,30.71,71,0
612.58,30.69,71,0
612.7,30.67,71,0
612.82,30.65,71,0
612.95,30.64,71,0
613.07,30.61,71,0
613.19,30.6,71,0
613.31,30.58,71,0
613.44,30.57,71,0
613.56,30.55,71,0
613.68,30.52,71,0
613.8,30.51,71,0
613.92,30.5,71,0
614.04,30.47,71,0
614.17,30.46,71,0
614.29,30.44,71,0
614.41,30.43,71,0
614.53,30.41,71,0
614.66,30.39,71,0
614.78,30.38,71,0
614.9,30.36,71,0
615.02,30.35,71,0
615.15,30.33,71,0
615.27,30.31,71,0
615.39,30.3,71,0
615.51,30.29,71,0
615.63,30.27,71,0
615.76,30.25,71,0
615.88,30.23,71,0
616.0,30.22,71,0
616.12,30.2,71,0
616.25,30.19,71,0
616.37,30.17,71,0
616.49,30.16,71,0
616.61,30.14,71,0
616.73,30.13,71,0
616.86,30.11,71,0
616.98,30.09,71,0
617.1,30.08,71,0
617.22,30.06,71,0
617.35,30.04,71,0
617.47,30.03,71,0
617.59,30.01,71,0
617.71,30.0,71,0
617.83,29.99,71,0
617.96,29.97,71,0
618.08,29.95,71,0
618.2,29.94,71,0
618.32,29.93,71,0
618.45,29.91,71,0
618.57,29.9,71,0
618.69,29.87,71,0
618.81,29.86,71,0
618.93,29.84,71,0
619.06,29.83,71,0
619.18,29.82,71,0
619.3,29.81,71,0
619.42,29.79,71,0
619.54,29.77,71,0
619.67,29.76,71,0
619.79,29.74,71,0
619.91,29.74,71,0
620.03,29.71,71,0
620.16,29.7,71,0
620.28,29.68,71,0
620.4,29.68,71,0
620.52,29.66,71,0
620.65,29.65,71,0
620.77,29.63,71,0
620.89,29.62,71,0
621.01,29.6,71,0
621.13,29.59,71,0
621.26,29.57,71,0
621.38,29.55,71,0
621.5,29.54,71,0
621.62,29.53,71,0
621.75,29.51,71,0
621.87,29.5,71,0
621.99,29.49,71,0
622.11,29.47,71,0
622.23,29.45,71,0
622.36,29.44,71,0
622.48,29.43,71,0
622.6,29.41,71,0
622.72,29.41,71,0
622.84,29.38,71,0
622.97,29.37,71,0
623.09,29.36,71,0
623.21,29.34,71,0
623.33,29.33,71,0
623.46,29.32,71,0
623.58,29.3,71,0
623.7,29.28,71,0
623.82,29.27,71,0
623.95,29.27,71,0
624.07,29.25,71,0
624.19,29.23,71,0
624.31,29.22,71,0
624.43,29.2,71,0
624.56,29.19,71,0
624.68,29.19,71,0
624.8,29.16,71,0
624.92,29.15,71,0
625.04,29.14,71,0
625.17,29.13,71,0
625.29,29.11,71,0
625.41,29.1,71,0
625.53,29.09,71,0
625.66,29.08,71,0
625.78,29.06,71,0
625.9,29.05,71,0
626.02,29.03,71,0
626.15,29.02,71,0
626.27,29.01,71,0
626.39,28.99,71,0
626.51,28.98,71,0
626.63,28.97,71,0
626.76,28.94,71,0
626.88,28.94,71,0
627.0,28.92,71,0
627.12,28.92,71,0
627.25,28.9,71,0
627.37,28.89,71,0
627.49,28.88,71,0
627.61,28.87,71,0
627.73,28.85,71,0
627.86,28.84,71,0
627.98,28.82,71,0
628.1,28.81,71,0
628.22,28.81,71,0
628.34,28.78,71,0
628.47,28.77,71,0
628.59,28.76,71,0
628.71,28.75,71,0
628.83,28.74,71,0
628.96,28.73,71,0
629.08,28.71,71,0
629.2,28.7,71,0
629.32,28.68,71,0
629.44,28.68,71,0
629.57,28.66,71,0
629.69,28.65,71,0
629.81,28.63,71,0
629.93,28.62,71,0
630.05,28.61,71,0
630.18,28.6,71,0
630.3,28.59,71,0
630.42,28.58,71,0
630.54,28.57,71,0
630.67,28.55,71,0
630.79,28.54,71,0
630.91,28.53,71,0
631.03,28.52,71,0
631.16,28.5,71,0
631.28,28.5,71,0
631.4,28.48,71,0
631.52,28.47,71,0
631.65,28.46,71,0
631.77,28.45,71,0
631.89,28.43,71,0
632.01,28.42,71,0
632.13,28.41,71,0
632.26,28.39,71,0
632.38,28.39,71,0
632.5,28.37,71,0
632.62,28.37,71,0
632.74,28.36,71,0
632.87,28.34,71,0
632.99,28.33,71,0
633.11,28.31,71,0
633.23,28.3,71,0
633.36,28.3,71,0
633.48,28.29,71,0
633.6,28.27,71,0
633.72,28.26,71,0
633.84,28.25,71,0
633.97,28.23,71,0
634.09,28.22,71,0
634.21,28.21,71,0
634.33,28.2,71,0
634.46,28.19,71,0
634.58,28.18,71,0
634.7,28.17,71,0
634.82,28.16,71,0
634.94,28.14,71,0
635.07,28.14,71,0
635.19,28.12,71,0
635.31,28.11,71,0
635.43,28.1,71,0
635.55,28.08,71,0
635.68,28.08,71,0
635.8,28.06,71,0
635.92,28.06,71,0
636.04,28.04,71,0
636.17,28.04,71,0
636.29,28.02,71,0
636.41,28.0,71,0
636.53,28.0,71,0
636.66,27.99,71,0
636.78,27.99,71,0
636.9,27.97,71,0
637.02,27.95,71,0
637.14,27.94,71,0
637.27,27.93,71,0
637.39,27.92,71,0
637.51,27.91,71,0
637.63,27.9,71,0
637.76,27.89,71,0
637.88,27.88,71,0
638.0,27.87,71,0
638.12,27.87,71,0
638.24,27.85,71,0
638.37,27.84,71,0
638.49,27.82,71,0
638.61,27.82,71,0
638.73,27.8,71,0
638.85,27.79,71,0
638.98,27.78,71,0
639.1,27.77,71,0
639.22,27.76,71,0
639.34,27.75,71,0
639.47,27.74,71,0
639.59,27.73,71,0
639.71,27.72,71,0
639.83,27.7,71,0
639.95,27.7,71,0
640.08,27.69,71,0
640.2,27.67,71,0
640.32,27.67,71,0
640.44,27.66,71,0
640.57,27.65,71,0
640.69,27.64,71,0
640.81,27.62,71,0
640.93,27.62,71,0
641.05,27.61,71,0
641.18,27.61,76,0
641.3,27.58,80,0
641.42,27.58,83,0
641.55,27.57,84,0
641.67,27.56,84,0
641.79,27.55,84,0
641.91,27.54,84,0
642.03,27.53,84,0
642.16,27.51,86,0
642.28,27.49,89,0
642.4,27.48,91,0
642.53,27.46,91,0
642.65,27.45,91,0
642.77,27.43,91,0
642.89,27.43,91,0
643.01,27.41,91,0
643.14,27.39,91,0
643.26,27.36,91,0
643.38,27.35,91,0
643.5,27.34,91,0
643.63,27.32,91,0
643.75,27.29,92,0
643.87,27.28,105,0
643.99,27.26,204,0
644.12,27.22,204,0
644.24,27.22,204,0
644.36,27.19,204,0
644.48,27.16,204,0
644.6,27.12,204,0
644.73,27.08,204,0
644.85,27.03,204,0
644.97,26.98,204,0
645.09,26.94,204,0
645.22,26.86,204,0
645.34,26.81,204,0
645.46,26.74,204,0
645.58,26.68,204,0
645.71,26.59,204,0
645.83,26.53,204,0
645.95,26.44,204,0
646.07,26.37,204,0
646.2,26.28,204,0
646.32,26.21,204,0
646.44,26.13,204,0
646.56,26.06,204,0
646.68,25.96,204,0
646.81,25.91,204,0
646.93,25.82,204,0
647.05,25.73,204,0
647.17,25.63,204,0
647.29,25.56,204,0
647.42,25.47,204,0
647.54,25.4,204,0
647.66,25.31,204,0
647.78,25.23,204,0
647.91,25.15,204,0
648.03,25.08,204,0
648.15,24.99,204,0
648.27,24.9,204,0
648.4,24.82,204,0
648.52,24.74,204,0
648.64,24.67,204,0
648.76,24.59,204,0
648.88,24.49,204,0
649.01,24.43,204,0
649.13,24.33,204,0
649.25,24.27,204,0
649.37,24.19,204,0
649.5,24.1,204,0
649.62,24.04,204,0
649.74,23.96,204,0
649.86,23.89,204,0
649.98,23.81,204,0
650.11,23.74,204,0
650.23,23.66,204,0
650.35,23.58,204,0
650.47,23.51,204,0
650.59,23.44,204,0
650.72,23.37,204,0
650.84,23.29,204,0
650.96,23.24,204,0
651.08,23.16,204,0
651.21,23.08,204,0
651.33,23.0,204,0
651.45,22.94,204,0
651.57,22.85,204,0
651.7,22.8,204,0
651.82,22.72,204,0
651.94,22.68,204,0
652.06,22.59,204,0
652.18,22.52,204,0
652.31,22.45,204,0
652.43,22.4,204,0
652.55,22.32,204,0
652.67,22.26,204,0
652.79,22.19,204,0
652.92,22.13,204,0
653.04,22.05,204,0
653.16,21.99,204,0
653.28,21.93,204,0
653.41,21.86,204,0
653.53,21.8,204,0
653.65,21.73,204,0
653.77,21.69,204,0
653.9,21.6,204,0
654.02,21.55,204,0
654.14,21.47,204,0
654.26,21.43,204,0
654.38,21.35,204,0
654.51,21.3,204,0
654.63,21.23,204,0
654.75,21.18,204,0
654.87,21.11,204,0
655.0,21.06,204,0
655.12,20.99,204,0
655.24,20.94,204,0
655.36,20.87,204,0
655.48,20.82,204,0
655.6,20.75,204,0
655.73,20.7,204,0
655.85,20.64,204,0
655.97,20.58,204,0
656.09,20.52,204,0
656.22,20.46,204,0
656.34,20.41,204,0
656.46,20.35,204,0
656.58,20.29,204,0
656.71,20.24,204,0
656.83,20.18,204,0
656.95,20.12,204,0
657.07,20.08,204,0
657.2,20.01,204,0
657.32,19.96,204,0
657.44,19.89,204,0
657.56,19.85,204,0
657.68,19.78,204,0
657.81,19.74,204,0
657.93,19.68,204,0
658.05,19.64,204,0
658.17,19.57,204,0
658.29,19.52,204,0
658.42,19.47,204,0
658.54,19.41,204,0
658.66,19.36,204,0
658.78,19.3,204,0
658.91,19.26,204,0
659.03,19.2,204,0
659.15,19.14,204,0
659.27,19.09,204,0
659.39,19.05,204,0
659.52,18.98,204,0
659.64,18.95,204,0
659.76,18.88,204,0
659.88,18.85,204,0
660.01,18.79,204,0
660.13,18.74,204,0
660.25,18.68,204,0
660.37,18.64,204,0
660.5,18.58,204,0
660.62,18.54,204,0
660.74,18.48,204,0
660.86,18.44,204,0
660.98,18.38,204,0
661.1,18.34,204,0
661.23,18.28,204,0
661.35,18.25,204,0
661.47,18.18,204,0
661.59,18.14,204,0
661.72,18.1,204,0
661.84,18.04,204,0
661.96,18.0,204,0
662.08,17.95,204,0
662.21,17.91,204,0
662.33,17.85,204,0
662.45,17.81,204,0
662.57,17.76,204,0
662.69,17.72,204,0
662.82,17.66,204,0
662.94,17.62,204,0
663.06,17.57,204,0
663.18,17.53,204,0
663.31,17.47,204,0
663.43,17.44,204,0
663.55,17.39,204,0
663.67,17.34,204,0
663.79,17.28,204,0
663.92,17.24,204,0
664.04,17.19,204,0
664.16,17.16,204,0
664.28,17.1,204,0
664.41,17.06,204,0
664.53,17.01,204,0
664.65,16.98,204,0
664.77,16.93,204,0
664.89,16.87,204,0
665.02,16.83,204,0
665.14,16.79,204,0
665.26,16.74,207,0
665.38,16.69,207,0
665.51,16.65,207,0
665.63,16.6,207,0
665.75,16.56,207,0
665.87,16.5,207,0
666.0,16.47,207,0
666.12,16.43,207,0
666.24,16.39,207,0
666.36,16.34,207,0
666.48,16.3,207,0
666.61,16.25,207,0
666.73,16.21,207,0
666.85,16.16,207,0
666.97,16.12,207,0
667.09,16.07,207,0
667.22,16.03,207,0
667.34,15.98,207,0
667.46,15.94,207,0
667.58,15.89,207,0
667.71,15.85,207,0
667.83,15.81,207,0
667.95,15.77,207,0
668.07,15.72,207,0
668.19,15.67,207,0
668.32,15.64,207,0
668.44,15.59,207,0
668.56,15.54,207,0
668.68,15.51,207,0
668.81,15.47,207,0
668.93,15.42,207,0
669.05,15.38,207,0
669.17,15.34,207,0
669.29,15.29,207,0
669.42,15.25,206,0
669.54,15.21,205,0
669.66,15.18,206,0
669.78,15.12,206,0
669.91,15.09,206,0
670.03,15.04,206,0
670.15,15.01,205,0
670.27,14.96,205,0
670.4,14.92,205,0
670.52,14.88,205,0
670.64,14.84,205,0
670.76,14.79,205,0
670.89,14.75,204,0
671.01,14.71,200,0
671.13,14.67,184,0
671.26,14.64,176,0
671.38,14.59,159,0
671.5,14.55,151,0
671.63,14.52,143,0
671.75,14.47,138,0
671.87,14.44,129,0
671.99,14.41,111,0
672.12,14.39,102,0
672.24,14.37,91,0
672.36,14.33,87,0
672.49,14.32,84,0
672.61,14.32,78,0
672.73,14.32,78,0
672.85,14.32,78,0
672.98,14.32,78,0
673.1,14.34,78,0
673.22,14.35,71,0
673.34,14.36,62,0
673.47,14.38,62,0
673.59,14.41,62,0
673.71,14.43,62,0
673.84,14.46,63,0
673.96,14.49,64,0
674.08,14.53,65,0
674.2,14.56,65,0
674.32,14.6,65,0
674.45,14.64,65,0
674.57,14.69,65,0
674.69,14.71,65,0
674.81,14.76,65,0
674.94,14.8,65,0
675.06,14.85,65,0
675.18,14.89,65,0
675.3,14.94,65,0
675.42,14.98,65,0
675.55,15.02,65,0
675.67,15.07,65,0
675.79,15.1,65,0
675.91,15.15,65,0
676.03,15.2,65,0
676.16,15.23,65,0
676.28,15.27,65,0
676.4,15.31,65,0
676.52,15.36,65,0
676.65,15.4,65,0
676.77,15.43,65,0
676.89,15.48,65,0
677.01,15.52,65,0
677.14,15.56,66,0
677.26,15.6,74,0
677.38,15.64,79,0
677.5,15.68,79,0
677.63,15.71,79,0
677.75,15.75,79,0
677.87,15.78,79,0
677.99,15.81,79,0
678.11,15.85,79,0
678.24,15.88,79,0
678.36,15.92,79,0
678.48,15.94,79,0
678.6,15.97,79,0
678.72,16.0,79,0
678.85,16.03,79,0
678.97,16.05,79,0
679.09,16.08,79,0
679.21,16.1,79,0
679.34,16.13,79,0
679.46,16.15,79,0
679.58,16.18,79,0
679.7,16.19,79,0
679.83,16.22,79,0
679.95,16.24,79,0
680.07,16.27,79,0
680.19,16.29,79,0
680.31,16.31,79,0
680.44,16.34,79,0
680.56,16.36,79,0
680.68,16.37,79,0
680.8,16.39,86,0
680.93,16.41,90,0
681.05,16.43,91,0
681.17,16.44,92,0
681.29,16.46,93,0
681.41,16.47,93,0
681.54,16.49,93,0
681.66,16.51,93,0
681.78,16.52,93,0
681.91,16.54,93,0
682.03,16.54,93,0
682.15,16.56,93,0
682.27,16.57,93,0
682.39,16.58,93,0
682.52,16.58,93,0
682.64,16.6,93,0
682.76,16.59,93,0
682.88,16.6,93,0
683.0,16.63,93,0
683.13,16.63,93,0
683.25,16.64,93,0
683.37,16.64,93,0
683.49,16.66,93,0
683.61,16.65,93,0
683.74,16.66,93,0
683.86,16.67,93,0
683.98,16.68,93,0
684.1,16.69,93,0
684.23,16.69,93,0
684.35,16.7,98,0
684.47,16.71,105,0
684.59,16.7,105,0
684.72,16.71,105,0
684.84,16.72,105,0
684.96,16.71,105,0
685.08,16.72,105,0
685.21,16.72,105,0
685.33,16.72,105,0
685.45,16.72,105,0
685.58,16.73,105,0
685.7,16.72,105,0
685.82,16.72,105,0
685.94,16.72,105,0
686.06,16.73,105,0
686.19,16.72,105,0
686.31,16.71,105,0
686.43,16.71,105,0
686.55,16.71,105,0
686.67,16.71,105,0
686.8,16.71,105,0
686.92,16.7,105,0
687.04,16.7,105,0
687.16,16.7,105,0
687.28,16.7,105,0
687.41,16.69,105,0
687.53,16.69,105,0
687.65,16.69,105,0
687.77,16.68,105,0
687.9,16.68,105,0
688.02,16.68,105,0
688.14,16.68,105,0
688.26,16.67,104,0
688.39,16.69,104,0
688.51,16.68,105,0
688.63,16.66,107,0
688.75,16.65,111,0
688.88,16.66,112,0
689.0,16.66,113,0
689.12,16.65,113,0
689.25,16.65,113,0
689.37,16.65,113,0
689.49,16.65,113,0
689.61,16.64,113,0
689.73,16.63,113,0
689.86,16.62,113,0
689.98,16.63,113,0
690.1,16.62,113,0
690.22,16.61,113,0
690.34,16.6,113,0
690.47,16.6,113,0
690.59,16.58,113,0
690.71,16.58,113,0
690.83,16.58,113,0
690.96,16.56,117,0
691.08,16.56,117,0
691.2,16.56,116,0
691.32,16.55,119,0
691.45,16.53,119,0
691.57,16.53,119,0
691.69,16.52,119,0
691.81,16.51,119,0
691.94,16.5,119,0
692.06,16.5,119,0
692.18,16.49,119,0
692.3,16.48,119,0
692.42,16.47,119,0
692.55,16.47,119,0
692.67,16.45,119,0
692.79,16.44,119,0
692.91,16.43,119,0
693.04,16.43,119,0
693.16,16.42,119,0
693.28,16.41,119,0
693.4,16.4,119,0
693.52,16.39,119,0
693.65,16.38,119,0
693.77,16.36,119,0
693.89,16.36,119,0
694.01,16.34,119,0
694.14,16.33,119,0
694.26,16.34,119,0
694.38,16.32,119,0
694.5,16.3,119,0
694.63,16.29,119,0
694.75,16.29,119,0
694.87,16.28,119,0
694.99,16.27,119,0
695.11,16.26,119,0
695.23,16.25,119,0
695.36,16.24,119,0
695.48,16.23,119,0
695.6,16.23,119,0
695.72,16.22,119,0
695.85,16.21,119,0
695.97,16.2,119,0
696.09,16.19,119,0
696.21,16.18,119,0
696.34,16.17,119,0
696.46,16.16,119,0
696.58,16.15,119,0
696.7,16.14,119,0
696.82,16.14,119,0
696.95,16.13,119,0
697.07,16.12,119,0
697.19,16.11,119,0
697.31,16.11,119,0
697.44,16.09,119,0
697.56,16.09,119,0
697.68,16.09,119,0
697.8,16.08,119,0
697.92,16.07,119,0
698.05,16.06,119,0
698.17,16.05,119,0
698.29,16.04,119,0
698.41,16.04,119,0
698.53,16.03,119,0
698.66,16.02,119,0
698.78,16.01,119,0
698.9,16.0,119,0
699.02,16.0,119,0
699.15,16.0,119,0
699.27,15.98,119,0
699.39,15.97,119,0
699.51,15.96,119,0
699.64,15.95,119,0
699.76,15.95,119,0
699.88,15.94,119,0
700.0,15.94,119,0
700.13,15.93,119,0
700.25,15.91,119,0
700.37,15.92,119,0
700.49,15.9,119,0
700.61,15.91,119,0
700.73,15.89,119,0
700.86,15.87,119,0
700.98,15.88,119,0
701.1,15.87,119,0
701.22,15.87,119,0
701.35,15.86,119,0
701.47,15.85,119,0
701.59,15.85,119,0
701.71,15.84,119,0
701.84,15.83,119,0
701.96,15.82,119,0
702.08,15.82,119,0
702.2,15.81,119,0
702.32,15.8,119,0
702.45,15.78,119,0
702.57,15.79,119,0
702.69,15.78,119,0
702.81,15.78,119,0
702.94,15.76,119,0
703.06,15.75,119,0
703.18,15.76,119,0
703.3,15.73,119,0
703.42,15.74,119,0
703.55,15.73,119,0
703.67,15.73,119,0
703.79,15.72,119,0
703.91,15.71,119,0
704.03,15.7,119,0
704.16,15.69,119,0
704.28,15.69,119,0
704.4,15.68,119,0
704.52,15.67,119,0
704.65,15.68,119,0
704.77,15.67,119,0
704.89,15.66,119,0
705.01,15.66,119,0
705.14,15.65,119,0
705.26,15.63,119,0
705.38,15.63,119,0
705.5,15.63,119,0
705.62,15.62,119,0
705.75,15.62,119,0
705.87,15.6,119,0
705.99,15.6,119,0
706.11,15.59,119,0
706.23,15.58,119,0
706.36,15.58,119,0
706.48,15.57,119,0
706.6,15.58,119,0
706.72,15.55,119,0
706.85,15.56,119,0
706.97,15.55,119,0
707.09,15.54,119,0
707.21,15.53,119,0
707.34,15.52,119,0
707.46,15.52,119,0
707.58,15.52,119,0
707.7,15.52,119,0
707.82,15.51,119,0
707.95,15.49,119,0
708.07,15.5,119,0
708.19,15.48,119,0
708.31,15.48,119,0
708.44,15.48,119,0
708.56,15.46,119,0
708.68,15.46,119,0
708.8,15.46,119,0
708.92,15.46,119,0
709.05,15.45,119,0
709.17,15.44,119,0
709.29,15.44,119,0
709.41,15.43,119,0
709.53,15.42,119,0
709.66,15.42,119,0
709.78,15.41,119,0
709.9,15.41,119,0
710.02,15.39,119,0
710.15,15.39,119,0
710.27,15.39,119,0
710.39,15.38,119,0
710.51,15.38,119,0
710.64,15.37,119,0
710.76,15.36,119,0
710.88,15.35,119,0
711.0,15.35,119,0
711.12,15.34,119,0
711.25,15.34,119,0
711.37,15.34,119,0
711.49,15.33,119,0
711.61,15.32,119,0
711.73,15.32,119,0
711.86,15.31,119,0
711.98,15.31,119,0
712.1,15.31,119,0
712.22,15.31,119,0
712.35,15.29,119,0
712.47,15.29,119,0
712.59,15.29,119,0
712.71,15.28,119,0
712.84,15.28,119,0
712.96,15.26,119,0
713.08,15.26,119,0
713.2,15.25,119,0
713.32,15.25,119,0
713.45,15.24,119,0
713.57,15.24,119,0
713.69,15.23,119,0
713.81,15.23,119,0
713.93,15.22,119,0
714.06,15.22,119,0
714.18,15.2,119,0
714.3,15.2,119,0
714.42,15.2,119,0
714.55,15.19,119,0
714.67,15.19,119,0
714.79,15.19,119,0
714.91,15.18,119,0
715.03,15.17,119,0
715.16,15.16,119,0
715.28,15.16,119,0
715.4,15.16,119,0
715.52,15.16,119,0
715.65,15.15,119,0
715.77,15.14,119,0
715.89,15.14,119,0
716.01,15.13,119,0
716.14,15.12,119,0
716.26,15.12,119,0
716.38,15.12,119,0
716.5,15.11,119,0
716.62,15.11,119,0
716.75,15.1,119,0
716.87,15.1,119,0
716.99,15.1,119,0
717.11,15.08,119,0
717.23,15.07,119,0
717.36,15.07,119,0
717.48,15.07,119,0
717.6,15.07,119,0
717.72,15.06,119,0
717.85,15.06,119,0
717.97,15.04,119,0
718.09,15.03,119,0
718.21,15.04,119,0
718.33,15.03,119,0
718.46,15.03,119,0
718.58,15.02,119,0
718.7,15.01,119,0
718.82,15.02,119,0
718.95,15.01,119,0
719.07,15.0,119,0
719.19,15.0,119,0
719.31,14.99,119,0
719.43,14.98,119,0
719.56,14.98,119,0
719.68,14.98,119,0
719.8,14.98,119,0
719.92,14.97,119,0
720.05,14.95,119,0
720.17,14.96,119,0
720.29,14.97,119,0
720.41,14.95,119,0
720.53,14.94,119,0
720.66,14.94,119,0
720.78,14.93,119,0
720.9,14.93,119,0
721.02,14.92,119,0
721.15,14.92,119,0
721.27,14.91,119,0
721.39,14.91,119,0
721.51,14.91,119,0
721.64,14.89,119,0
721.76,14.9,119,0
721.88,14.89,119,0
722.0,14.89,119,0
722.12,14.88,119,0
722.25,14.87,119,0
722.37,14.87,119,0
722.49,14.86,119,0
722.61,14.86,119,0
722.73,14.86,119,0
722.86,14.85,119,0
722.98,14.84,119,0
723.1,14.83,119,0
723.22,14.83,119,0
723.35,14.83,119,0
723.47,14.83,119,0
723.59,14.82,119,0
723.71,14.82,119,0
723.83,14.81,119,0
723.96,14.81,119,0
724.08,14.8,119,0
724.2,14.81,119,0
724.32,14.8,119,0
724.45,14.79,119,0
724.57,14.8,119,0
724.69,14.79,119,0
724.81,14.78,119,0
724.93,14.78,119,0
725.06,14.77,119,0
725.18,14.75,119,0
725.3,14.76,119,0
725.42,14.76,119,0
725.54,14.75,119,0
725.67,14.75,119,0
725.79,14.73,119,0
725.91,14.74,119,0
726.03,14.73,119,0
726.16,14.73,119,0
726.28,14.73,119,0
726.4,14.71,119,0
726.52,14.71,119,0
726.65,14.72,119,0
726.77,14.71,119,0
726.89,14.7,119,0
727.01,14.7,119,0
727.14,14.7,119,0
727.26,14.69,119,0
727.38,14.69,119,0
727.5,14.69,119,0
727.62,14.67,119,0
727.75,14.67,119,0
727.87,14.66,119,0
727.99,14.66,119,0
728.11,14.65,119,0
728.23,14.66,119,0
728.36,14.66,119,0
728.48,14.64,119,0
728.6,14.63,119,0
728.72,14.64,119,0
728.84,14.63,119,0
728.97,14.62,119,0
729.09,14.61,119,0
729.21,14.62,119,0
729.33,14.62,119,0
729.46,14.6,119,0
729.58,14.6,119,0
729.7,14.6,119,0
729.82,14.6,119,0
729.95,14.59,119,0
730.07,14.6,119,0
730.19,14.59,119,0
730.31,14.57,119,0
730.43,14.59,119,0
730.56,14.58,119,0
730.68,14.56,119,0
730.8,14.58,119,0
730.92,14.57,119,0
731.04,14.55,119,0
731.17,14.54,119,0
731.29,14.53,119,0
731.41,14.55,119,0
731.53,14.55,119,0
731.66,14.55,119,0
731.78,14.53,119,0
731.9,14.55,119,0
732.02,14.51,119,0
732.15,14.5,119,0
732.27,14.52,119,0
732.39,14.5,119,0
732.51,14.5,119,0
732.63,14.51,119,0
732.76,14.48,119,0
732.88,14.49,119,0
733.0,14.49,119,0
733.12,14.5,119,0
733.25,14.48,119,0
733.37,14.47,119,0
733.49,14.46,119,0
733.61,14.47,119,0
733.73,14.45,119,0
733.86,14.46,119,0
733.98,14.46,119,0
734.1,14.45,119,0
734.22,14.43,119,0
734.34,14.44,119,0
734.47,14.44,119,0
734.59,14.44,119,0
734.71,14.43,119,0
734.83,14.42,119,0
734.96,14.41,119,0
735.08,14.42,119,0
735.2,14.42,119,0
735.32,14.42,119,0
735.45,14.42,119,0
735.57,14.41,119,0
735.69,14.41,119,0
735.81,14.4,119,0
735.93,14.39,119,0
736.06,14.4,119,0
736.18,14.4,119,0
736.3,14.39,119,0
736.42,14.39,119,0
736.54,14.37,119,0
736.67,14.38,119,0
736.79,14.37,119,0
736.91,14.38,119,0
737.03,14.36,119,0
737.16,14.37,119,0
737.28,14.36,119,0
737.4,14.35,119,0
737.52,14.36,119,0
737.65,14.34,119,0
737.77,14.35,119,0
737.89,14.34,119,0
738.01,14.35,119,0
738.14,14.35,119,0
738.26,14.33,119,0
738.38,14.33,119,0
738.5,14.33,119,0
738.62,14.32,119,0
738.75,14.32,119,0
738.87,14.33,119,0
738.99,14.31,119,0
739.11,14.31,119,0
739.23,14.3,119,0
739.36,14.31,119,0
739.48,14.3,119,0
739.6,14.3,119,0
739.72,14.29,119,0
739.85,14.29,119,0
739.97,14.29,119,0
740.09,14.28,119,0
740.21,14.27,119,0
740.33,14.28,119,0
740.46,14.28,119,0
740.58,14.27,119,0
740.7,14.27,119,0
740.82,14.27,119,0
740.95,14.28,119,0
741.07,14.27,119,0
741.19,14.27,119,0
741.31,14.24,119,0
741.43,14.26,119,0
741.56,14.25,119,0
741.68,14.24,119,0
741.8,14.25,119,0
741.92,14.23,119,0
742.04,14.24,119,0
742.17,14.24,119,0
742.29,14.23,119,0
742.41,14.22,119,0
742.53,14.22,119,0
742.66,14.21,119,0
742.78,14.22,119,0
742.9,14.21,119,0
743.02,14.21,119,0
743.15,14.21,119,0
743.27,14.21,119,0
743.39,14.19,119,0
743.51,14.2,119,0
743.63,14.19,119,0
743.76,14.19,119,0
743.88,14.18,119,0
744.0,14.19,119,0
744.12,14.18,119,0
744.25,14.18,119,0
744.37,14.17,119,0
744.49,14.17,119,0
744.61,14.17,119,0
744.73,14.16,119,0
744.86,14.17,119,0
744.98,14.16,119,0
745.1,14.16,119,0
745.22,14.14,119,0
745.35,14.15,119,0
745.47,14.15,119,0
745.59,14.14,119,0
745.71,14.14,119,0
745.84,14.14,119,0
745.96,14.14,119,0
746.08,14.13,119,0
746.2,14.12,119,0
746.32,14.13,119,0
746.45,14.13,119,0
746.57,14.11,119,0
746.69,14.11,119,0
746.81,14.11,119,0
746.94,14.1,119,0
747.06,14.1,119,0
747.18,14.11,119,0
747.3,14.1,119,0
747.42,14.1,119,0
747.55,14.1,119,0
747.67,14.08,119,0
747.79,14.09,119,0
747.91,14.08,119,0
748.04,14.08,119,0
748.16,14.08,119,0
748.28,14.07,119,0
748.4,14.07,119,0
748.52,14.06,119,0
748.65,14.06,119,0
748.77,14.06,119,0
748.89,14.06,119,0
749.01,14.05,119,0
749.14,14.05,119,0
749.26,14.05,119,0
749.38,14.04,119,0
749.5,14.04,119,0
749.62,14.04,119,0
749.75,14.04,119,0
749.87,14.04,119,0
749.99,14.03,119,0
750.11,14.02,119,0
750.23,14.02,119,0
750.36,14.01,119,0
750.48,14.02,119,0
750.6,14.01,119,0
750.72,14.01,119,0
750.85,14.01,119,0
750.97,14.0,119,0
751.09,14.0,119,0
751.21,14.0,119,0
751.34,13.99,119,0
751.46,13.99,119,0
751.58,13.99,119,0
751.7,13.98,119,0
751.82,13.98,119,0
751.95,13.98,119,0
752.07,13.98,119,0
752.19,13.97,119,0
752.31,13.97,119,0
752.44,13.97,119,0
752.56,13.97,119,0
752.68,13.96,119,0
752.8,13.96,119,0
752.92,13.95,119,0
753.05,13.95,119,0
753.17,13.95,119,0
753.29,13.94,119,0
753.41,13.95,119,0
753.54,13.94,119,0
753.66,13.94,119,0
753.78,13.94,119,0
753.9,13.93,119,0
754.03,13.93,119,0
754.15,13.92,119,0
754.27,13.92,119,0
754.39,13.92,119,0
754.51,13.92,119,0
754.64,13.91,119,0
754.76,13.91,119,0
754.88,13.92,119,0
755.0,13.92,119,0
755.13,13.9,119,0
755.25,13.91,119,0
755.37,13.91,119,0
755.49,13.91,119,0
755.61,13.91,119,0
755.74,13.88,119,0
755.86,13.89,119,0
755.98,13.89,119,0
756.1,13.89,119,0
756.23,13.89,119,0
756.35,13.89,119,0
756.47,13.88,119,0
756.59,13.88,119,0
756.72,13.87,119,0
756.84,13.87,119,0
756.96,13.88,119,0
757.08,13.86,119,0
757.2,13.87,119,0
757.33,13.86,119,0
757.45,13.87,121,0
757.57,13.85,121,0
757.69,13.85,124,0
757.82,13.85,124,0
757.94,13.86,128,0
758.06,13.86,129,0
758.18,13.85,129,0
758.31,13.84,129,0
758.43,13.83,131,0
758.55,13.84,131,0
758.67,13.83,133,0
758.8,13.83,136,0
758.92,13.83,137,0
759.04,13.82,139,0
759.17,13.81,140,0
759.29,13.79,141,0
759.41,13.79,143,0
759.53,13.79,143,0
759.66,13.77,145,0
759.78,13.76,147,0
759.9,13.75,149,0
760.03,13.73,150,0
760.15,13.73,150,0
760.27,13.72,151,0
760.39,13.7,151,0
760.52,13.68,151,0
760.64,13.67,151,0
760.76,13.64,151,0
760.88,13.62,151,0
761.01,13.61,151,0
761.13,13.59,151,0
761.25,13.57,151,0
761.37,13.56,151,0
761.49,13.54,151,0
761.62,13.5,151,0
761.74,13.49,151,0
761.86,13.47,151,0
761.98,13.45,151,0
762.1,13.44,151,0
762.23,13.42,151,0
762.35,13.39,151,0
762.47,13.38,151,0
762.59,13.35,151,0
762.72,13.33,151,0
762.84,13.33,151,0
762.96,13.29,151,0
763.08,13.27,151,0
763.21,13.26,151,0
763.33,13.24,151,0
763.45,13.22,151,0
763.57,13.18,151,0
763.7,13.17,151,0
763.82,13.15,151,0
763.94,13.13,151,0
764.06,13.13,151,0
764.18,13.09,151,0
764.31,13.07,151,0
764.43,13.06,151,0
764.55,13.04,151,0
764.67,13.01,151,0
764.79,13.0,151,0
764.92,12.99,151,0
765.04,12.97,151,0
765.16,12.95,151,0
765.28,12.92,151,0
765.41,12.91,151,0
765.53,12.89,151,0
765.65,12.88,151,0
765.77,12.86,151,0
765.9,12.86,151,0
766.02,12.83,151,0
766.14,12.8,151,0
766.26,12.79,151,0
766.39,12.77,151,0
766.51,12.76,151,0
766.63,12.74,151,0
766.75,12.72,151,0
766.87,12.7,151,0
767.0,12.68,151,0
767.12,12.66,151,0
767.24,12.65,151,0
767.36,12.62,151,0
767.48,12.62,151,0
767.61,12.62,151,0
767.73,12.59,151,0
767.85,12.56,151,0
767.97,12.55,151,0
768.1,12.53,151,0
768.22,12.52,151,0
768.34,12.49,151,0
768.46,12.47,151,0
768.59,12.47,151,0
768.71,12.48,151,0
768.83,12.46,151,0
768.95,12.45,151,0
769.08,12.4,151,0
769.2,12.38,151,0
769.32,12.39,151,0
769.44,12.37,151,0
769.57,12.34,153,0
769.69,12.35,156,0
769.81,12.32,156,0
769.93,12.3,156,0
770.06,12.3,156,0
770.18,12.28,156,0
770.3,12.27,156,0
770.42,12.24,156,0
770.54,12.24,156,0
770.67,12.21,156,0
770.79,12.21,156,0
770.91,12.18,156,0
771.03,12.18,156,0
771.16,12.16,156,0
771.28,12.13,156,0
771.4,12.12,156,0
771.52,12.1,156,0
771.65,12.1,156,0
771.77,12.06,156,0
771.89,12.05,156,0
772.01,12.04,156,0
772.13,12.02,156,0
772.26,12.0,156,0
772.38,12.0,156,0
772.5,11.97,156,0
772.62,11.97,156,0
772.75,11.94,156,0
772.87,11.94,158,0
772.99,11.91,158,0
773.11,11.89,163,0
773.24,11.88,169,0
773.36,11.87,169,0
773.48,11.85,169,0
773.6,11.84,169,0
773.73,11.82,169,0
773.85,11.8,169,0
773.97,11.77,169,0
774.09,11.78,169,0
774.22,11.73,169,0
774.34,11.72,169,0
774.46,11.71,169,0
774.58,11.69,169,0
774.7,11.65,169,0
774.83,11.64,169,0
774.95,11.63,169,0
775.07,11.59,169,0
775.19,11.57,169,0
775.32,11.56,169,0
775.44,11.53,169,0
775.56,11.5,169,0
775.68,11.46,169,0
775.8,11.45,169,0
775.93,11.43,169,0
776.05,11.41,169,0
776.17,11.4,169,0
776.29,11.38,169,0
776.42,11.34,169,0
776.54,11.32,169,0
776.66,11.3,169,0
776.78,11.27,169,0
776.91,11.26,169,0
777.03,11.23,169,0
777.15,11.21,169,0
777.27,11.19,169,0
777.39,11.17,169,0
777.52,11.13,169,0
777.64,11.12,169,0
777.76,11.1,169,0
777.88,11.07,169,0
778.01,11.05,169,0
778.13,11.03,169,0
778.25,11.01,169,0
778.37,10.99,169,0
778.49,10.97,169,0
778.62,10.95,169,0
778.74,10.93,169,0
778.86,10.91,169,0
778.98,10.89,169,0
779.11,10.87,169,0
779.23,10.85,169,0
779.35,10.82,169,0
779.47,10.8,169,0
779.59,10.79,169,0
779.72,10.76,169,0
779.84,10.74,169,0
779.96,10.72,169,0
780.08,10.7,169,0
780.21,10.68,169,0
780.33,10.65,169,0
780.45,10.64,169,0
780.57,10.62,169,0
780.7,10.59,169,0
780.82,10.57,169,0
780.94,10.55,169,0
781.06,10.54,169,0
781.18,10.52,169,0
781.31,10.5,169,0
781.43,10.48,169,0
781.55,10.46,169,0
781.67,10.44,169,0
781.79,10.42,169,0
781.92,10.4,169,0
782.04,10.39,169,0
782.16,10.36,169,0
782.28,10.34,169,0
782.41,10.34,169,0
782.53,10.31,169,0
782.65,10.29,169,0
782.77,10.28,169,0
782.9,10.26,169,0
783.02,10.23,169,0
783.14,10.23,169,0
783.26,10.2,169,0
783.38,10.17,169,0
783.51,10.16,169,0
783.63,10.14,169,0
783.75,10.12,169,0
783.87,10.11,169,0
784.0,10.08,169,0
784.12,10.08,169,0
784.24,10.06,169,0
784.36,10.04,169,0
784.48,10.02,169,0
784.61,10.0,169,0
784.73,9.99,169,0
784.85,9.97,169,0
784.97,9.96,169,0
785.1,9.93,177,0
785.22,9.92,177,0
785.34,9.89,176,0
785.46,9.89,174,0
785.59,9.87,173,0
785.71,9.84,173,0
785.83,9.83,173,0
785.95,9.81,173,0
786.08,9.79,171,0
786.2,9.78,172,0
786.32,9.76,171,0
786.45,9.74,171,0
786.57,9.72,170,0
786.69,9.7,170,0
786.81,9.68,170,0
786.93,9.67,169,0
787.06,9.65,169,0
787.18,9.63,168,0
787.3,9.62,169,0
787.42,9.6,168,0
787.55,9.58,168,0
787.67,9.56,168,0
787.79,9.54,168,0
787.91,9.52,168,0
788.03,9.52,167,0
788.16,9.49,166,0
788.28,9.49,166,0
788.4,9.46,167,0
788.53,9.44,164,0
788.65,9.45,162,0
788.77,9.44,160,0
788.89,9.42,159,0
789.02,9.41,158,0
789.14,9.4,157,0
789.26,9.37,156,0
789.39,9.36,156,0
789.51,9.36,155,0
789.63,9.35,155,0
789.75,9.32,154,0
789.88,9.34,153,0
790.0,9.31,153,0
790.12,9.28,151,0
790.24,9.29,152,0
790.36,9.29,151,0
790.49,9.28,150,0
790.61,9.29,150,0
790.73,9.27,150,0
790.85,9.27,150,0
790.98,9.26,150,0
791.1,9.27,150,0
791.22,9.25,150,0
791.34,9.24,150,0
791.47,9.24,150,0
791.59,9.25,150,0
791.71,9.25,150,0
791.83,9.24,150,0
791.95,9.22,150,0
792.08,9.25,150,0
792.2,9.21,150,0
792.32,9.22,150,0
792.44,9.21,150,0
792.57,9.2,150,0
792.69,9.22,150,0
792.81,9.22,150,0
792.93,9.22,150,0
793.05,9.21,150,0
793.18,9.21,150,0
793.3,9.21,150,0
793.42,9.2,150,0
793.54,9.2,150,0
793.66,9.19,150,0
793.79,9.2,147,0
793.91,9.19,146,0
794.03,9.17,146,0
794.16,9.19,145,0
794.28,9.19,144,0
794.4,9.19,144,0
794.52,9.18,144,0
794.65,9.19,145,0
794.77,9.18,146,0
794.89,9.17,146,0
795.01,9.17,146,0
795.13,9.17,146,0
795.26,9.16,146,0
795.38,9.17,146,0
795.5,9.17,146,0
795.62,9.17,146,0
795.75,9.17,146,0
795.87,9.17,146,0
795.99,9.17,146,0
796.11,9.16,146,0
796.23,9.17,146,0
796.36,9.15,146,0
796.48,9.17,146,0
796.6,9.16,146,0
796.72,9.15,146,0
796.85,9.16,146,0
796.97,9.16,146,0
797.09,9.15,146,0
797.21,9.15,146,0
797.34,9.15,146,0
797.46,9.15,146,0
797.58,9.15,146,0
797.7,9.15,146,0
797.82,9.15,146,0
797.95,9.14,146,0
798.07,9.15,146,0
798.19,9.14,146,0
798.31,9.14,146,0
798.44,9.13,146,0
798.56,9.12,146,0
798.68,9.14,146,0
798.8,9.13,146,0
798.92,9.13,146,0
799.05,9.13,146,0
799.17,9.12,146,0
799.29,9.11,146,0
799.41,9.13,146,0
799.53,9.11,146,0
799.66,9.12,146,0
799.78,9.11,146,0
799.9,9.1,146,0
800.02,9.1,146,0
800.15,9.11,146,0
800.27,9.1,146,0
800.39,9.09,146,0
800.51,9.09,146,0
800.63,9.09,146,0
800.76,9.1,146,0
800.88,9.08,146,0
801.0,9.09,146,0
801.12,9.08,146,0
801.25,9.07,146,0
801.37,9.07,146,0
801.49,9.08,146,0
801.61,9.06,146,0
801.73,9.07,146,0
801.86,9.07,146,0
801.98,9.06,148,0
802.1,9.06,148,0
802.22,9.06,148,0
802.35,9.05,146,0
802.47,9.05,143,0
802.59,9.04,143,0
802.71,9.05,143,0
802.84,9.03,143,0
802.96,9.03,143,0
803.08,9.04,142,0
803.2,9.03,143,0
803.33,9.02,142,0
803.45,9.01,142,0
803.57,9.02,142,0
803.69,9.01,142,0
803.82,9.02,142,0
803.94,9.01,142,0
804.06,9.01,142,0
804.18,9.01,142,0
804.3,9.01,142,0
804.43,9.0,142,0
804.55,8.99,142,0
804.67,9.0,142,0
804.79,9.0,142,0
804.91,9.0,142,0
805.04,9.0,142,0
805.16,8.99,142,0
805.28,9.0,142,0
805.4,9.01,142,0
805.53,9.0,142,0
805.65,9.0,142,0
805.77,8.99,142,0
805.89,8.99,142,0
806.01,8.98,142,0
806.14,8.99,142,0
806.26,8.99,142,0
806.38,8.98,142,0
806.5,8.99,142,0
806.63,8.98,142,0
806.75,8.98,142,0
806.87,8.98,142,0
806.99,8.99,142,0
807.11,8.98,142,0
807.24,8.98,142,0
807.36,8.97,142,0
807.48,8.98,142,0
807.6,8.98,142,0
807.73,8.98,142,0
807.85,8.97,142,0
807.97,8.97,142,0
808.09,8.97,142,0
808.21,8.96,142,0
808.34,8.97,142,0
808.46,8.97,142,0
808.58,8.96,142,0
808.7,8.96,142,0
808.83,8.97,142,0
808.95,8.96,142,0
809.07,8.96,142,0
809.19,8.97,142,0
809.31,8.96,142,0
809.44,8.96,142,0
809.56,8.96,142,0
809.68,8.95,141,0
809.8,8.96,141,0
809.93,8.95,142,0
810.05,8.94,140,0
810.17,8.94,138,0
810.29,8.94,136,0
810.42,8.94,135,0
810.54,8.94,134,0
810.66,8.95,134,0
810.78,8.94,134,0
810.91,8.92,134,0
811.03,8.93,134,0
811.15,8.94,133,0
811.28,8.91,133,0
811.4,8.93,132,0
811.52,8.93,132,0
811.64,8.94,132,0
811.76,8.94,132,0
811.89,8.94,132,0
812.01,8.94,132,0
812.13,8.94,132,0
812.25,8.94,132,0
812.38,8.95,132,0
812.5,8.95,132,0
812.62,8.96,132,0
812.74,8.95,132,0
812.86,8.95,132,0
812.99,8.96,132,0
813.11,8.97,132,0
813.23,8.98,132,0
813.35,8.98,132,0
813.47,8.97,132,0
813.6,8.98,132,0
813.72,9.0,132,0
813.84,9.0,132,0
813.96,9.01,132,0
814.09,9.01,132,0
814.21,9.0,132,0
814.33,9.01,132,0
814.45,9.01,132,0
814.57,9.02,132,0
814.7,9.01,132,0
814.82,9.02,132,0
814.94,9.02,132,0
815.06,9.03,132,0
815.19,9.05,132,0
815.31,9.05,132,0
815.43,9.03,132,0
815.55,9.05,132,0
815.67,9.05,132,0
815.8,9.07,132,0
815.92,9.07,132,0
816.04,9.07,132,0
816.16,9.07,132,0
816.28,9.07,132,0
816.41,9.08,132,0
816.53,9.08,132,0
816.65,9.08,132,0
816.78,9.07,132,0
816.9,9.09,132,0
817.02,9.07,132,0
817.14,9.09,132,0
817.26,9.09,132,0
817.39,9.1,132,0
817.51,9.1,132,0
817.63,9.11,132,0
817.75,9.11,132,0
817.87,9.1,132,0
818.0,9.11,132,0
818.12,9.11,132,0
818.24,9.12,132,0
818.36,9.11,132,0
818.49,9.12,132,0
818.61,9.12,132,0
818.73,9.13,132,0
818.85,9.13,132,0
818.97,9.13,132,0
819.1,9.14,132,0
819.22,9.13,132,0
819.34,9.13,132,0
819.46,9.14,132,0
819.59,9.13,132,0
819.71,9.14,132,0
819.83,9.14,132,0
819.95,9.14,132,0
820.07,9.15,132,0
820.2,9.14,132,0
820.32,9.16,132,0
820.44,9.15,132,0
820.56,9.16,132,0
820.69,9.16,132,0
820.81,9.15,132,0
820.93,9.16,132,0
821.05,9.15,132,0
821.17,9.16,132,0
821.3,9.15,132,0
821.42,9.16,132,0
821.54,9.17,132,0
821.66,9.18,132,0
821.78,9.18,132,0
821.91,9.18,132,0
822.03,9.17,132,0
822.15,9.17,132,0
822.28,9.18,132,0
822.4,9.17,132,0
822.52,9.19,132,0
822.64,9.18,132,0
822.76,9.18,132,0
822.89,9.18,132,0
823.01,9.18,132,0
823.13,9.19,132,0
823.25,9.19,132,0
823.37,9.18,132,0
823.5,9.19,132,0
823.62,9.19,132,0
823.74,9.19,132,0
823.86,9.19,132,0
823.98,9.19,132,0
824.11,9.19,132,0
824.23,9.19,132,0
824.35,9.18,132,0
824.47,9.19,132,0
824.6,9.19,132,0
824.72,9.2,132,0
824.84,9.18,132,0
824.96,9.19,132,0
825.09,9.2,132,0
825.21,9.19,132,0
825.33,9.2,132,0
825.45,9.2,132,0
825.57,9.19,132,0
825.7,9.2,132,0
825.82,9.2,132,0
825.94,9.2,132,0
826.06,9.19,135,0
826.19,9.2,135,0
826.31,9.2,135,0
826.43,9.2,135,0
826.55,9.21,135,0
826.67,9.2,135,0
826.8,9.19,135,0
826.92,9.2,135,0
827.04,9.2,135,0
827.16,9.2,135,0
827.28,9.19,135,0
827.41,9.2,135,0
827.53,9.19,135,0
827.65,9.2,135,0
827.77,9.2,135,0
827.9,9.2,135,0
828.02,9.2,135,0
828.14,9.19,135,0
828.26,9.19,135,0
828.39,9.19,135,0
828.51,9.2,135,0
828.63,9.2,135,0
828.75,9.19,135,0
828.87,9.19,135,0
829.0,9.19,135,0
829.12,9.18,135,0
829.24,9.19,135,0
829.36,9.18,135,0
829.49,9.18,135,0
829.61,9.18,135,0
829.73,9.18,135,0
829.85,9.19,135,0
829.97,9.19,135,0
830.1,9.19,135,0
830.22,9.19,135,0
830.34,9.18,135,0
830.46,9.19,135,0
830.59,9.18,135,0
830.71,9.19,135,0
830.83,9.17,135,0
830.95,9.18,135,0
831.07,9.19,135,0
831.2,9.18,135,0
831.32,9.18,135,0
831.44,9.18,135,0
831.56,9.18,135,0
831.69,9.18,135,0
831.81,9.18,135,0
831.93,9.18,135,0
832.05,9.18,135,0
832.17,9.18,135,0
832.3,9.17,135,0
832.42,9.18,135,0
832.54,9.17,135,0
832.66,9.18,135,0
832.78,9.17,135,0
832.91,9.18,135,0
833.03,9.17,135,0
833.15,9.16,135,0
833.27,9.17,135,0
833.4,9.17,135,0
833.52,9.17,135,0
833.64,9.16,135,0
833.76,9.17,135,0
833.89,9.16,135,0
834.01,9.17,135,0
834.13,9.17,135,0
834.25,9.16,135,0
834.37,9.16,135,0
834.5,9.16,135,0
834.62,9.16,135,0
834.74,9.16,135,0
834.86,9.16,135,0
834.98,9.16,135,0
835.11,9.16,135,0
835.23,9.16,135,0
835.35,9.16,135,0
835.47,9.15,135,0
835.6,9.16,135,0
835.72,9.16,135,0
835.84,9.16,135,0
835.96,9.17,135,0
836.09,9.15,135,0
836.21,9.16,135,0
836.33,9.16,135,0
836.45,9.16,135,0
836.57,9.16,135,0
836.7,9.15,135,0
836.82,9.15,135,0
836.94,9.16,135,0
837.06,9.15,135,0
837.19,9.16,135,0
837.31,9.16,135,0
837.43,9.17,135,0
837.55,9.16,135,0
837.67,9.16,135,0
837.8,9.15,135,0
837.92,9.16,135,0
838.04,9.15,135,0
838.16,9.15,135,0
838.28,9.16,135,0
838.41,9.16,135,0
838.53,9.15,135,0
838.65,9.15,135,0
838.77,9.16,135,0
838.9,9.16,135,0
839.02,9.15,135,0
839.14,9.16,135,0
839.26,9.16,135,0
839.39,9.16,135,0
839.51,9.15,135,0
839.63,9.16,135,0
839.75,9.15,135,0
839.87,9.16,135,0
840.0,9.16,135,0
840.12,9.16,135,0
840.24,9.16,135,0
840.36,9.15,135,0
840.48,9.16,135,0
840.61,9.15,135,0
840.73,9.15,135,0
840.85,9.15,135,0
840.97,9.15,135,0
841.1,9.16,135,0
841.22,9.15,135,0
841.34,9.15,135,0
841.46,9.15,135,0
841.59,9.15,135,0
841.71,9.15,135,0
841.83,9.16,135,0
841.95,9.16,135,0
842.07,9.15,135,0
842.2,9.15,135,0
842.32,9.14,135,0
842.44,9.16,135,0
842.56,9.15,135,0
842.69,9.15,135,0
842.81,9.14,135,0
842.93,9.14,135,0
843.05,9.15,135,0
843.17,9.14,135,0
843.3,9.14,135,0
843.42,9.15,135,0
843.54,9.14,135,0
843.66,9.14,135,0
843.78,9.14,135,0
843.91,9.15,135,0
844.03,9.14,135,0
844.15,9.14,135,0
844.27,9.14,135,0
844.4,9.14,135,0
844.52,9.13,135,0
844.64,9.14,135,0
844.76,9.14,135,0
844.89,9.14,135,0
845.01,9.13,135,0
845.13,9.13,135,0
845.25,9.14,135,0
845.37,9.14,135,0
845.5,9.13,135,0
845.62,9.13,135,0
845.74,9.14,135,0
845.86,9.13,135,0
845.98,9.14,135,0
846.11,9.13,135,0
846.23,9.13,135,0
846.35,9.13,135,0
846.47,9.13,135,0
846.6,9.13,135,0
846.72,9.13,135,0
846.84,9.13,135,0
846.96,9.14,135,0
847.09,9.13,135,0
847.21,9.13,135,0
847.33,9.13,135,0
847.45,9.13,135,0
847.57,9.14,135,0
847.7,9.13,135,0
847.82,9.13,135,0
847.94,9.13,135,0
848.06,9.14,135,0
848.19,9.13,135,0
848.31,9.14,135,0
848.43,9.13,135,0
848.55,9.14,135,0
848.67,9.14,135,0
848.8,9.14,135,0
848.92,9.14,135,0
849.04,9.13,135,0
849.16,9.13,135,0
849.28,9.12,135,0
849.41,9.13,135,0
849.53,9.13,135,0
849.65,9.13,135,0
849.77,9.13,135,0
849.9,9.13,135,0
850.02,9.13,135,0
850.14,9.13,135,0
850.26,9.13,135,0
850.38,9.14,135,0
850.51,9.13,135,0
850.63,9.13,135,0
850.75,9.13,135,0
850.87,9.13,135,0
851.0,9.13,135,0
851.12,9.13,135,0
851.24,9.13,135,0
851.36,9.13,135,0
851.48,9.13,135,0
851.61,9.13,135,0
851.73,9.13,135,0
851.85,9.13,135,0
851.97,9.12,135,0
852.1,9.13,135,0
852.22,9.13,135,0
852.34,9.13,135,0
852.46,9.13,135,0
852.59,9.13,135,0
852.71,9.13,135,0
852.83,9.13,135,0
852.95,9.12,135,0
853.07,9.13,135,0
853.2,9.13,135,0
853.32,9.13,135,0
853.44,9.11,135,0
853.56,9.12,135,0
853.69,9.13,135,0
853.81,9.12,135,0
853.93,9.12,135,0
854.05,9.12,135,0
854.17,9.12,135,0
854.3,9.12,135,0
854.42,9.12,135,0
854.54,9.12,135,0
854.66,9.12,135,0
854.78,9.12,135,0
854.91,9.12,135,0
855.03,9.12,135,0
855.15,9.12,135,0
855.27,9.12,135,0
855.4,9.12,135,0
855.52,9.11,135,0
855.64,9.12,135,0
855.76,9.12,135,0
855.88,9.11,135,0
856.01,9.11,135,0
856.13,9.11,135,0
856.25,9.11,135,0
856.37,9.11,135,0
856.5,9.11,135,0
856.62,9.11,135,0
856.74,9.11,135,0
856.86,9.11,135,0
856.98,9.11,135,0
857.11,9.11,135,0
857.23,9.11,135,0
857.35,9.11,135,0
857.47,9.11,135,0
857.59,9.12,135,0
857.72,9.12,135,0
857.84,9.12,135,0
857.96,9.11,135,0
858.09,9.11,135,0
858.21,9.12,135,0
858.33,9.12,135,0
858.45,9.11,135,0
858.57,9.12,135,0
858.7,9.12,135,0
858.82,9.11,135,0
858.94,9.12,135,0
859.06,9.12,135,0
859.19,9.11,135,0
859.31,9.12,135,0
859.43,9.12,135,0
859.55,9.12,135,0
859.67,9.12,135,0
859.8,9.11,135,0
859.92,9.12,135,0
860.04,9.12,135,0
860.16,9.12,135,0
860.28,9.12,135,0
860.41,9.12,135,0
860.53,9.12,135,0
860.65,9.11,135,0
860.77,9.12,135,0
860.9,9.12,135,0
861.02,9.12,135,0
861.14,9.12,135,0
861.26,9.12,135,0
861.38,9.12,135,0
861.51,9.12,140,0
861.63,9.12,140,0
861.75,9.12,140,0
861.87,9.12,140,0
862.0,9.13,140,0
862.12,9.11,140,0
862.24,9.12,140,0
862.36,9.13,140,0
862.48,9.12,140,0
862.61,9.11,140,0
862.73,9.11,140,0
862.85,9.12,140,0
862.97,9.11,140,0
863.09,9.11,140,0
863.22,9.1,140,0
863.34,9.1,140,0
863.46,9.1,140,0
863.59,9.1,140,0
863.71,9.1,140,0
863.83,9.09,140,0
863.95,9.07,140,0
864.07,9.09,140,0
864.2,9.09,140,0
864.32,9.08,140,0
864.44,9.09,140,0
864.56,9.07,140,0
864.69,9.07,140,0
864.81,9.06,140,0
864.93,9.07,140,0
865.05,9.07,140,0
865.17,9.05,140,0
865.3,9.05,140,0
865.42,9.05,140,0
865.54,9.05,140,0
865.66,9.05,140,0
865.78,9.04,140,0
865.91,9.02,140,0
866.03,9.03,140,0
866.15,9.04,140,0
866.27,9.02,140,0
866.4,9.03,140,0
866.52,9.02,140,0
866.64,9.02,140,0
866.76,9.02,140,0
866.88,9.01,140,0
867.01,9.0,140,0
867.13,8.99,140,0
867.25,9.0,140,0
867.37,8.99,140,0
867.5,8.98,140,0
867.62,8.98,140,0
867.74,8.98,140,0
867.86,8.98,140,0
867.98,8.99,140,0
868.11,8.97,140,0
868.23,8.97,140,0
868.35,8.96,140,0
868.47,8.98,140,0
868.59,8.94,140,0
868.72,8.96,140,0
868.84,8.95,140,0
868.96,8.96,140,0
869.09,8.95,130,0
869.21,8.95,130,0
869.33,8.93,130,0
869.45,8.94,130,0
869.57,8.93,130,0
869.7,8.94,130,0
869.82,8.92,130,0
869.94,8.94,130,0
870.06,8.92,130,0
870.18,8.93,130,0
870.31,8.93,130,0
870.43,8.93,130,0
870.55,8.92,130,0
870.67,8.93,130,0
870.8,8.93,130,0
870.92,8.93,130,0
871.04,8.94,130,0
871.16,8.94,130,0
871.28,8.94,130,0
871.41,8.94,130,0
871.53,8.94,130,0
871.65,8.95,130,0
871.77,8.96,130,0
871.9,8.95,130,0
872.02,8.96,130,0
872.14,8.96,130,0
872.26,8.96,130,0
872.38,8.97,130,0
872.51,8.98,130,0
872.63,8.98,130,0
872.75,8.98,130,0
872.87,8.98,130,0
873.0,8.98,130,0
873.12,8.99,130,0
873.24,8.99,130,0
873.36,8.99,130,0
873.48,9.0,130,0
873.61,8.99,130,0
873.73,9.0,130,0
873.85,9.01,130,0
873.97,9.0,130,0
874.09,9.02,130,0
874.22,9.01,130,0
874.34,9.02,130,0
874.46,9.02,130,0
874.59,9.03,130,0
874.71,9.03,130,0
874.83,9.03,130,0
874.95,9.03,130,0
875.07,9.04,130,0
875.2,9.03,130,0
875.32,9.04,130,0
875.44,9.04,130,0
875.56,9.04,130,0
875.68,9.04,130,0
875.81,9.05,130,0
875.93,9.05,130,0
876.05,9.05,130,0
876.17,9.05,130,0
876.3,9.06,130,0
876.42,9.06,130,0
876.54,9.06,130,0
876.66,9.06,130,0
876.78,9.06,130,0
876.91,9.07,130,0
877.03,9.07,130,0
877.15,9.07,130,0
877.27,9.07,130,0
877.4,9.08,130,0
877.52,9.08,130,0
877.64,9.08,130,0
877.76,9.08,130,0
877.88,9.09,130,0
878.01,9.09,130,0
878.13,9.1,130,0
878.25,9.09,130,0
878.37,9.1,130,0
878.5,9.1,130,0
878.62,9.09,130,0
878.74,9.1,130,0
878.86,9.11,130,0
878.98,9.1,130,0
879.11,9.11,130,0
879.23,9.11,130,0
879.35,9.12,130,0
879.47,9.11,130,0
879.59,9.11,130,0
879.72,9.1,130,0
879.84,9.11,130,0
879.96,9.12,130,0
880.08,9.11,130,0
880.21,9.12,130,0
880.33,9.13,130,0
880.45,9.13,130,0
880.57,9.12,130,0
880.7,9.12,130,0
880.82,9.14,130,0
880.94,9.14,130,0
881.06,9.14,130,0
881.18,9.15,130,0
881.31,9.14,130,0
881.43,9.14,130,0
881.55,9.15,130,0
881.67,9.15,130,0
881.8,9.15,130,0
881.92,9.14,130,0
882.04,9.15,130,0
882.16,9.15,130,0
882.28,9.16,130,0
882.41,9.16,130,0
882.53,9.16,130,0
882.65,9.15,130,0
882.77,9.16,130,0
882.9,9.16,130,0
883.02,9.17,130,0
883.14,9.17,130,0
883.26,9.17,130,0
883.38,9.17,130,0
883.51,9.17,130,0
883.63,9.18,130,0
883.75,9.19,130,0
883.87,9.18,130,0
884.0,9.19,130,0
884.12,9.19,130,0
884.24,9.18,130,0
884.36,9.19,130,0
884.48,9.18,130,0
884.61,9.18,130,0
884.73,9.2,130,0
884.85,9.19,130,0
884.97,9.21,130,0
885.09,9.2,130,0
885.22,9.21,130,0
885.34,9.21,130,0
885.46,9.21,130,0
885.58,9.21,130,0
885.71,9.21,130,0
885.83,9.2,130,0
885.95,9.22,130,0
886.07,9.22,130,0
886.2,9.21,130,0
886.32,9.23,130,0
886.44,9.23,130,0
886.56,9.24,130,0
886.68,9.22,130,0
886.81,9.23,130,0
886.93,9.23,130,0
887.05,9.22,130,0
887.17,9.23,130,0
887.29,9.25,130,0
887.42,9.24,130,0
887.54,9.23,130,0
887.66,9.24,130,0
887.78,9.24,130,0
887.91,9.25,130,0
888.03,9.26,130,0
888.15,9.24,130,0
888.27,9.25,130,0
888.4,9.25,130,0
888.52,9.27,130,0
888.64,9.25,130,0
888.76,9.26,130,0
888.88,9.25,130,0
889.01,9.26,130,0
889.13,9.26,130,0
889.25,9.26,130,0
889.37,9.26,130,0
889.5,9.27,130,0
889.62,9.27,130,0
889.74,9.27,130,0
889.86,9.27,130,0
889.98,9.28,130,0
890.11,9.28,130,0
890.23,9.27,130,0
890.35,9.28,130,0
890.47,9.28,130,0
890.59,9.28,130,0
890.72,9.28,130,0
890.84,9.29,130,0
890.96,9.28,130,0
891.08,9.29,130,0
891.21,9.29,130,0
891.33,9.29,130,0
891.45,9.28,130,0
891.57,9.3,130,0
891.7,9.29,130,0
891.82,9.3,130,0
891.94,9.29,130,0
892.06,9.3,130,0
892.18,9.29,130,0
892.31,9.31,130,0
892.43,9.31,130,0
892.55,9.3,130,0
892.67,9.3,130,0
892.79,9.31,130,0
892.92,9.31,130,0
893.04,9.31,130,0
893.16,9.31,130,0
893.28,9.31,130,0
893.41,9.31,130,0
893.53,9.3,130,0
893.65,9.32,130,0
893.77,9.31,130,0
893.9,9.32,130,0
894.02,9.31,130,0
894.14,9.32,130,0
894.26,9.32,130,0
894.38,9.32,130,0
894.51,9.32,130,0
894.63,9.33,130,0
894.75,9.33,130,0
894.87,9.32,130,0
895.0,9.32,130,0
895.12,9.31,130,0
895.24,9.33,130,0
895.36,9.33,130,0
895.48,9.32,130,0
895.6,9.33,130,0
895.73,9.33,130,0
895.85,9.33,130,0
895.97,9.33,130,0
896.09,9.33,130,0
896.22,9.33,130,0
896.34,9.34,130,0
896.46,9.33,130,0
896.58,9.33,130,0
896.71,9.34,130,0
896.83,9.34,130,0
896.95,9.33,130,0
897.07,9.33,130,0
897.2,9.34,130,0
897.32,9.33,130,0
897.44,9.34,130,0
897.56,9.33,130,0
897.68,9.34,130,0
897.81,9.34,130,0
897.93,9.34,130,0
898.05,9.34,130,0
898.17,9.34,130,0
898.29,9.35,130,0
898.42,9.34,130,0
898.54,9.34,130,0
898.66,9.34,130,0
898.78,9.33,130,0
898.91,9.34,130,0
899.03,9.35,130,0
899.15,9.34,130,0
899.27,9.34,130,0
899.39,9.35,130,0
899.52,9.35,130,0
899.64,9.35,130,0
899.76,9.35,130,0
899.88,9.35,130,0
900.01,9.36,130,0
900.13,9.37,130,0
900.25,9.34,130,0
900.37,9.36,130,0
900.5,9.36,130,0
900.62,9.35,130,0
900.74,9.36,130,0
900.86,9.37,130,0
900.98,9.36,130,0
901.1,9.36,130,0
901.23,9.36,130,0
901.35,9.37,130,0
901.47,9.38,130,0
901.59,9.37,130,0
901.72,9.36,130,0
901.84,9.36,130,0
901.96,9.37,130,0
902.08,9.37,130,0
902.21,9.37,130,0
902.33,9.37,130,0
902.45,9.38,130,0
902.57,9.38,130,0
902.69,9.38,130,0
902.82,9.38,130,0
902.94,9.38,130,0
903.06,9.39,130,0
903.18,9.38,130,0
903.31,9.38,130,0
903.43,9.39,130,0
903.55,9.38,130,0
903.67,9.39,130,0
903.79,9.39,130,0
903.92,9.4,130,0
904.04,9.39,130,0
904.16,9.41,130,0
904.28,9.39,130,0
904.41,9.4,130,0
904.53,9.4,130,0
904.65,9.4,130,0
904.77,9.41,130,0
904.89,9.4,130,0
905.02,9.4,130,0
905.14,9.41,130,0
905.26,9.41,130,0
905.38,9.4,130,0
905.51,9.41,130,0
905.63,9.41,130,0
905.75,9.42,130,0
905.87,9.4,130,0
905.99,9.42,130,0
906.12,9.41,130,0
906.24,9.42,130,0
906.36,9.41,130,0
906.48,9.42,130,0
906.6,9.43,130,0
906.73,9.42,130,0
906.85,9.42,130,0
906.97,9.43,130,0
907.09,9.43,130,0
907.22,9.42,130,0
907.34,9.42,130,0
907.46,9.43,130,0
907.58,9.42,130,0
907.71,9.43,130,0
907.83,9.44,130,0
907.95,9.43,130,0
908.07,9.43,130,0
908.19,9.43,130,0
908.32,9.43,130,0
908.44,9.43,130,0
908.56,9.44,130,0
908.68,9.43,130,0
908.81,9.44,130,0
908.93,9.43,130,0
909.05,9.44,130,0
909.17,9.44,130,0
909.29,9.45,130,0
909.42,9.44,130,0
909.54,9.44,130,0
909.66,9.44,130,0
909.78,9.44,130,0
909.91,9.45,130,0
910.03,9.45,130,0
910.15,9.45,130,0
910.27,9.45,130,0
910.39,9.45,130,0
910.52,9.44,130,0
910.64,9.45,130,0
910.76,9.45,130,0
910.88,9.46,130,0
911.01,9.44,130,0
911.13,9.45,130,0
911.25,9.45,130,0
911.37,9.46,130,0
911.49,9.46,130,0
911.62,9.46,130,0
911.74,9.46,130,0
911.86,9.46,130,0
911.98,9.47,130,0
912.1,9.47,130,0
912.23,9.47,130,0
912.35,9.47,130,0
912.47,9.46,130,0
912.59,9.47,130,0
912.72,9.47,130,0
912.84,9.47,130,0
912.96,9.47,130,0
913.08,9.47,130,0
913.21,9.47,130,0
913.33,9.46,130,0
913.45,9.48,130,0
913.57,9.48,130,0
913.69,9.48,130,0
913.82,9.47,130,0
913.94,9.48,130,0
914.06,9.48,130,0
914.18,9.48,130,0
914.3,9.48,130,0
914.43,9.48,130,0
914.55,9.49,130,0
914.67,9.49,130,0
914.79,9.49,130,0
914.92,9.5,130,0
915.04,9.49,130,0
915.16,9.49,130,0
915.28,9.5,130,0
915.41,9.5,130,0
915.53,9.5,130,0
915.65,9.5,130,0
915.77,9.5,130,0
915.89,9.5,130,0
916.02,9.5,130,0
916.14,9.5,130,0
916.26,9.5,130,0
916.38,9.51,130,0
916.51,9.51,130,0
916.63,9.51,130,0
916.75,9.51,130,0
916.87,9.51,130,0
916.99,9.51,130,0
917.12,9.51,130,0
917.24,9.52,130,0
917.36,9.51,130,0
917.48,9.51,130,0
917.6,9.52,130,0
917.73,9.53,130,0
917.85,9.53,130,0
917.97,9.52,130,0
918.09,9.52,130,0
918.22,9.52,130,0
918.34,9.53,130,0
918.46,9.53,130,0
918.58,9.53,130,0
918.71,9.53,130,0
918.83,9.53,130,0
918.95,9.52,130,0
919.07,9.54,130,0
919.19,9.53,130,0
919.32,9.54,130,0
919.44,9.53,130,0
919.56,9.53,130,0
919.68,9.52,130,0
919.8,9.53,130,0
919.93,9.53,130,0
920.05,9.54,130,0
920.17,9.53,130,0
920.29,9.53,130,0
920.42,9.54,130,0
920.54,9.54,130,0
920.66,9.54,130,0
920.78,9.55,130,0
920.9,9.53,130,0
921.03,9.55,130,0
921.15,9.54,130,0
921.27,9.54,130,0
921.39,9.55,130,0
921.52,9.54,130,0
921.64,9.53,130,0
921.76,9.55,130,0
921.88,9.55,130,0
922.01,9.55,130,0
922.13,9.55,130,0
922.25,9.55,130,0
922.37,9.55,130,0
922.49,9.55,130,0
922.61,9.55,130,0
922.74,9.55,130,0
922.86,9.55,130,0
922.98,9.55,130,0
923.1,9.54,130,0
923.23,9.56,130,0
923.35,9.56,130,0
923.47,9.56,130,0
923.59,9.55,130,0
923.72,9.57,130,0
923.84,9.56,130,0
923.96,9.56,130,0
924.08,9.56,130,0
924.21,9.56,130,0
924.33,9.56,130,0
924.45,9.56,130,0
924.57,9.56,130,0
924.69,9.57,130,0
924.82,9.56,130,0
924.94,9.56,130,0
925.06,9.57,130,0
925.18,9.56,130,0
925.3,9.56,130,0
925.43,9.58,130,0
925.55,9.57,130,0
925.67,9.57,130,0
925.79,9.57,130,0
925.92,9.58,130,0
926.04,9.57,130,0
926.16,9.58,130,0
926.28,9.57,130,0
926.4,9.58,130,0
926.53,9.58,130,0
926.65,9.57,130,0
926.77,9.57,130,0
926.89,9.57,130,0
927.02,9.58,130,0
927.14,9.58,130,0
927.26,9.57,130,0
927.38,9.57,130,0
927.51,9.58,130,0
927.63,9.57,130,0
927.75,9.58,130,0
927.87,9.58,130,0
927.99,9.58,130,0
928.11,9.58,130,0
928.24,9.58,130,0
928.36,9.58,130,0
928.48,9.58,130,0
928.6,9.58,130,0
928.73,9.58,130,0
928.85,9.58,130,0
928.97,9.59,130,0
929.09,9.58,130,0
929.22,9.59,130,0
929.34,9.59,130,0
929.46,9.59,130,0
929.58,9.59,130,0
929.7,9.59,130,0
929.83,9.59,130,0
929.95,9.58,130,0
930.07,9.58,130,0
930.19,9.59,130,0
930.32,9.59,130,0
930.44,9.59,130,0
930.56,9.59,130,0
930.68,9.6,130,0
930.8,9.6,130,0
930.93,9.59,130,0
931.05,9.59,130,0
931.17,9.6,130,0
931.29,9.59,130,0
931.42,9.59,130,0
931.54,9.6,130,0
931.66,9.59,130,0
931.78,9.6,130,0
931.9,9.59,130,0
932.03,9.59,130,0
932.15,9.59,130,0
932.27,9.6,130,0
932.39,9.59,130,0
932.52,9.59,130,0
932.64,9.6,130,0
932.76,9.6,130,0
932.88,9.6,130,0
933.0,9.6,130,0
933.13,9.6,130,0
933.25,9.6,130,0
933.37,9.6,130,0
933.49,9.6,130,0
933.61,9.6,130,0
933.74,9.59,130,0
933.86,9.6,130,0
933.98,9.6,130,0
934.1,9.6,130,0
934.23,9.6,130,0
934.35,9.61,130,0
934.47,9.6,130,0
934.59,9.6,130,0
934.72,9.61,130,0
934.84,9.62,130,0
934.96,9.61,130,0
935.08,9.6,130,0
935.2,9.61,130,0
935.33,9.61,130,0
935.45,9.6,130,0
935.57,9.62,130,0
935.69,9.61,130,0
935.82,9.61,130,0
935.94,9.6,130,0
936.06,9.61,130,0
936.18,9.61,130,0
936.3,9.61,130,0
936.43,9.62,130,0
936.55,9.61,130,0
936.67,9.61,130,0
936.79,9.61,130,0
936.91,9.6,130,0
937.04,9.62,130,0
937.16,9.62,130,0
937.28,9.61,130,0
937.4,9.61,130,0
937.53,9.61,130,0
937.65,9.61,130,0
937.77,9.61,130,0
937.89,9.61,130,0
938.02,9.62,130,0
938.14,9.6,130,0
938.26,9.61,130,0
938.38,9.61,130,0
938.5,9.61,130,0
938.63,9.61,130,0
938.75,9.61,130,0
938.87,9.62,130,0
938.99,9.61,130,0
939.11,9.61,130,0
939.24,9.61,130,0
939.36,9.62,130,0
939.48,9.61,130,0
939.6,9.61,130,0
939.73,9.61,130,0
939.85,9.61,130,0
939.97,9.61,130,0
940.09,9.61,130,0
940.22,9.62,130,0
940.34,9.61,130,0
940.46,9.61,130,0
940.58,9.61,130,0
940.7,9.61,130,0
940.83,9.62,130,0
940.95,9.61,130,0
941.07,9.61,130,0
941.19,9.62,130,0
941.32,9.63,130,0
941.44,9.62,130,0
941.56,9.62,130,0
941.68,9.62,130,0
941.8,9.62,130,0
941.93,9.62,130,0
942.05,9.62,130,0
942.17,9.62,130,0
942.29,9.61,130,0
942.41,9.62,130,0
942.54,9.62,130,0
942.66,9.63,130,0
942.78,9.62,130,0
942.9,9.62,130,0
943.03,9.62,130,0
943.15,9.64,130,0
943.27,9.63,130,0
943.39,9.63,130,0
943.52,9.63,130,0
943.64,9.64,130,0
943.76,9.63,130,0
943.88,9.63,130,0
944.0,9.63,130,0
944.13,9.63,130,0
944.25,9.63,130,0
944.37,9.63,130,0
944.49,9.63,130,0
944.61,9.63,130,0
944.74,9.63,130,0
944.86,9.63,130,0
944.98,9.64,130,0
945.1,9.63,130,0
945.23,9.62,130,0
945.35,9.63,130,0
945.47,9.64,130,0
945.59,9.63,130,0
945.72,9.63,130,0
945.84,9.64,130,0
945.96,9.64,130,0
946.08,9.64,130,0
946.2,9.64,130,0
946.33,9.64,130,0
946.45,9.64,130,0
946.57,9.64,130,0
946.69,9.64,130,0
946.81,9.65,130,0
946.94,9.64,130,0
947.06,9.63,130,0
947.18,9.65,130,0
947.3,9.64,130,0
947.43,9.64,130,0
947.55,9.64,130,0
947.67,9.64,130,0
947.79,9.65,130,0
947.91,9.64,130,0
948.04,9.64,130,0
948.16,9.65,130,0
948.28,9.65,130,0
948.4,9.65,130,0
948.53,9.65,130,0
948.65,9.65,130,0
948.77,9.65,130,0
948.89,9.65,130,0
949.02,9.65,130,0
949.14,9.65,130,0
949.26,9.65,130,0
949.38,9.64,130,0
949.5,9.65,130,0
949.63,9.66,130,0
949.75,9.65,130,0
949.87,9.65,130,0
949.99,9.65,130,0
950.11,9.66,130,0
950.24,9.66,130,0
950.36,9.65,130,0
950.48,9.65,130,0
950.6,9.65,130,0
950.73,9.66,130,0
950.85,9.66,130,0
950.97,9.65,130,0
951.09,9.65,130,0
951.22,9.66,130,0
951.34,9.66,130,0
951.46,9.65,130,0
951.58,9.66,130,0
951.7,9.66,130,0
951.83,9.66,130,0
951.95,9.67,130,0
952.07,9.66,130,0
952.19,9.65,130,0
952.31,9.66,130,0
952.44,9.67,130,0
952.56,9.66,130,0
952.68,9.66,130,0
952.8,9.67,130,0
952.93,9.67,130,0
953.05,9.65,130,0
953.17,9.68,130,0
953.29,9.67,130,0
953.41,9.67,130,0
953.54,9.67,130,0
953.66,9.67,130,0
953.78,9.67,130,0
953.9,9.68,130,0
954.03,9.67,130,0
954.15,9.67,130,0
954.27,9.66,130,0
954.39,9.67,130,0
954.51,9.68,130,0
954.64,9.67,130,0
954.76,9.66,130,0
954.88,9.67,130,0
955.0,9.67,130,0
955.13,9.67,130,0
955.25,9.67,130,0
955.37,9.68,130,0
955.49,9.68,130,0
955.61,9.67,130,0
955.74,9.67,130,0
955.86,9.67,130,0
955.98,9.68,130,0
956.1,9.68,130,0
956.22,9.67,130,0
956.35,9.68,130,0
956.47,9.67,130,0
956.59,9.68,130,0
956.72,9.67,130,0
956.84,9.68,130,0
956.96,9.68,130,0
957.08,9.68,130,0
957.2,9.68,130,0
957.33,9.68,130,0
957.45,9.68,130,0
957.57,9.67,130,0
957.69,9.69,130,0
957.81,9.69,130,0
957.94,9.68,130,0
958.06,9.68,130,0
958.18,9.69,130,0
958.3,9.69,130,0
958.43,9.68,130,0
958.55,9.68,130,0
958.67,9.68,130,0
958.79,9.69,130,0
958.91,9.69,130,0
959.04,9.69,130,0
959.16,9.69,130,0
959.28,9.68,130,0
959.4,9.69,130,0
959.53,9.69,130,0
959.65,9.69,130,0
959.77,9.69,130,0
959.89,9.69,130,0
960.01,9.69,130,0
960.14,9.7,130,0
960.26,9.7,130,0
960.38,9.69,130,0
960.5,9.7,130,0
960.63,9.69,130,0
960.75,9.69,130,0
960.87,9.7,130,0
960.99,9.7,130,0
961.11,9.7,130,0
961.24,9.69,130,0
961.36,9.7,130,0
961.48,9.7,130,0
961.6,9.7,130,0
961.72,9.71,130,0
961.85,9.7,130,0
961.97,9.7,130,0
962.09,9.7,130,0
962.21,9.7,130,0
962.34,9.7,130,0
962.46,9.71,130,0
962.58,9.69,130,0
962.7,9.7,130,0
962.83,9.7,130,0
962.95,9.71,130,0
963.07,9.7,130,0
963.19,9.71,130,0
963.31,9.7,130,0
963.44,9.7,130,0
963.56,9.7,130,0
963.68,9.71,130,0
963.8,9.72,130,0
963.93,9.71,130,0
964.05,9.71,130,0
964.17,9.71,130,0
964.29,9.71,130,0
964.41,9.71,130,0
964.54,9.71,130,0
964.66,9.72,130,0
964.78,9.71,130,0
964.9,9.7,130,0
965.03,9.7,130,0
965.15,9.71,130,0
965.27,9.7,130,0
965.39,9.72,130,0
965.51,9.71,130,0
965.64,9.72,130,0
965.76,9.69,130,0
965.88,9.72,130,0
966.0,9.7,130,0
966.13,9.7,130,0
966.25,9.71,130,0
966.37,9.71,130,0
966.49,9.71,130,0
966.61,9.73,130,0
966.74,9.71,130,0
966.86,9.71,130,0
966.98,9.72,130,0
967.1,9.7,130,0
967.22,9.71,130,0
967.35,9.7,130,0
967.47,9.7,130,0
967.59,9.71,130,0
967.71,9.72,130,0
967.84,9.69,130,0
967.96,9.73,130,0
968.08,9.7,130,0
968.2,9.7,130,0
968.33,9.7,130,0
968.45,9.71,130,0
968.57,9.71,130,0
968.69,9.71,130,0
968.81,9.72,130,0
968.94,9.71,130,0
969.06,9.71,130,0
969.18,9.71,130,0
969.3,9.71,130,0
969.42,9.71,130,0
969.55,9.72,130,0
969.67,9.71,130,0
969.79,9.71,130,0
969.91,9.72,130,0
970.04,9.71,130,0
970.16,9.72,130,0
970.28,9.71,130,0
970.4,9.71,130,0
970.53,9.71,130,0
970.65,9.71,130,0
970.77,9.71,130,0
970.89,9.72,130,0
971.01,9.72,130,0
971.14,9.72,130,0
971.26,9.72,130,0
971.38,9.72,130,0
971.5,9.72,130,0
971.63,9.72,130,0
971.75,9.72,130,0
971.87,9.72,130,0
971.99,9.72,130,0
972.11,9.73,130,0
972.23,9.72,130,0
972.36,9.72,130,0
972.48,9.72,130,0
972.6,9.72,130,0
972.72,9.72,130,0
972.85,9.72,130,0
972.97,9.72,130,0
973.09,9.71,130,0
973.21,9.72,130,0
973.34,9.72,130,0
973.46,9.72,130,0
973.58,9.72,130,0
973.7,9.73,130,0
973.83,9.71,130,0
973.95,9.72,130,0
974.07,9.72,130,0
974.19,9.71,130,0
974.31,9.71,130,0
974.44,9.72,130,0
974.56,9.72,130,0
974.68,9.71,130,0
974.8,9.71,130,0
974.92,9.7,130,0
975.05,9.72,130,0
975.17,9.71,130,0
975.29,9.7,130,0
975.41,9.71,130,0
975.54,9.71,130,0
975.66,9.7,130,0
975.78,9.7,130,0
975.9,9.7,130,0
976.02,9.7,130,0
976.15,9.71,130,0
976.27,9.7,130,0
976.39,9.7,130,0
976.51,9.71,130,0
976.64,9.69,130,0
976.76,9.7,130,0
976.88,9.69,130,0
977.0,9.69,130,0
977.13,9.68,130,0
977.25,9.7,130,0
977.37,9.7,130,0
977.49,9.7,130,0
977.61,9.69,130,0
977.73,9.7,130,0
977.86,9.69,130,0
977.98,9.69,130,0
978.1,9.69,130,0
978.22,9.7,130,0
978.35,9.69,130,0
978.47,9.69,130,0
978.59,9.69,130,0
978.71,9.69,130,0
978.84,9.69,130,0
978.96,9.68,130,0
979.08,9.68,130,0
979.2,9.69,130,0
979.32,9.68,130,0
979.45,9.68,130,0
979.57,9.69,130,0
979.69,9.68,130,0
979.81,9.68,130,0
979.94,9.68,130,0
980.06,9.69,130,0
980.18,9.68,130,0
980.3,9.68,130,0
980.42,9.68,130,0
980.55,9.68,130,0
980.67,9.68,130,0
980.79,9.68,130,0
980.91,9.68,130,0
981.04,9.68,130,0
981.16,9.68,130,0
981.28,9.67,130,0
981.4,9.68,130,0
981.52,9.68,130,0
981.65,9.68,130,0
981.77,9.67,130,0
981.89,9.68,130,0
982.01,9.68,130,0
982.14,9.68,130,0
982.26,9.68,130,0
982.38,9.68,130,0
982.5,9.67,130,0
982.62,9.68,130,0
982.75,9.68,130,0
982.87,9.69,130,0
982.99,9.69,130,0
983.11,9.67,130,0
983.23,9.68,130,0
983.36,9.69,130,0
983.48,9.68,130,0
983.6,9.69,130,0
983.72,9.68,130,0
983.85,9.68,130,0
983.97,9.69,130,0
984.09,9.68,130,0
984.21,9.68,130,0
984.34,9.69,130,0
984.46,9.68,130,0
984.58,9.68,130,0
984.7,9.68,130,0
984.82,9.68,130,0
984.95,9.68,130,0
985.07,9.69,130,0
985.19,9.69,130,0
985.31,9.69,130,0
985.44,9.69,130,0
985.56,9.69,130,0
985.68,9.7,130,0
985.8,9.69,130,0
985.92,9.69,130,0
986.05,9.69,130,0
986.17,9.7,130,0
986.29,9.69,130,0
986.41,9.69,130,0
986.53,9.7,130,0
986.66,9.69,130,0
986.78,9.7,130,0
986.9,9.69,130,0
987.02,9.7,130,0
987.15,9.7,130,0
987.27,9.7,130,0
987.39,9.7,130,0
987.51,9.7,130,0
987.64,9.7,130,0
987.76,9.7,130,0
987.88,9.71,130,0
988.0,9.71,130,0
988.12,9.7,130,0
988.25,9.7,130,0
988.37,9.71,130,0
988.49,9.71,130,0
988.61,9.71,130,0
988.73,9.72,130,0
988.86,9.71,130,0
988.98,9.71,130,0
989.1,9.71,130,0
989.22,9.71,130,0
989.35,9.71,130,0
989.47,9.72,130,0
989.59,9.71,130,0
989.71,9.72,130,0
989.84,9.71,130,0
989.96,9.71,130,0
990.08,9.71,130,0
990.2,9.72,130,0
990.32,9.72,130,0
990.45,9.71,130,0
990.57,9.72,130,0
990.69,9.72,130,0
990.81,9.73,130,0
990.94,9.71,130,0
991.06,9.72,130,0
991.18,9.72,130,0
991.3,9.72,130,0
991.42,9.73,130,0
991.55,9.73,130,0
991.67,9.73,130,0
991.79,9.73,130,0
991.91,9.72,130,0
992.03,9.72,130,0
992.16,9.74,130,0
992.28,9.73,130,0
992.4,9.72,130,0
992.52,9.73,130,0
992.65,9.73,130,0
992.77,9.74,130,0
992.89,9.73,130,0
993.01,9.74,130,0
993.14,9.74,130,0
993.26,9.73,130,0
993.38,9.73,130,0
993.5,9.73,130,0
993.62,9.74,130,0
993.75,9.73,130,0
993.87,9.73,130,0
993.99,9.74,130,0
994.11,9.74,130,0
994.23,9.74,130,0
994.36,9.74,130,0
994.48,9.75,130,0
994.6,9.74,130,0
994.72,9.74,130,0
994.85,9.74,130,0
994.97,9.75,130,0
995.09,9.73,130,0
995.21,9.74,130,0
995.34,9.74,130,0
995.46,9.74,130,0
995.58,9.74,130,0
995.7,9.75,130,0
995.82,9.75,130,0
995.95,9.74,130,0
996.07,9.74,130,0
996.19,9.74,130,0
996.31,9.74,130,0
996.43,9.74,130,0
996.56,9.74,130,0
996.68,9.75,130,0
996.8,9.75,130,0
996.92,9.75,130,0
997.05,9.75,130,0
997.17,9.75,130,0
997.29,9.75,130,0
997.41,9.75,130,0
997.53,9.74,130,0
997.66,9.75,130,0
997.78,9.75,130,0
997.9,9.76,130,0
998.02,9.74,130,0
998.15,9.75,130,0
998.27,9.75,130,0
998.39,9.75,130,0
998.51,9.75,130,0
998.64,9.76,130,0
998.76,9.75,130,0
998.88,9.74,130,0
999.0,9.75,130,0
999.12,9.76,130,0
999.25,9.76,130,0
999.37,9.75,130,0
999.49,9.75,130,0
999.61,9.75,130,0
999.73,9.76,130,0
999.86,9.75,130,0
999.98,9.76,130,0
1000.1,9.75,130,0
1000.22,9.75,130,0
1000.35,9.75,130,0
1000.47,9.75,130,0
1000.59,9.76,130,0
1000.71,9.75,130,0
1000.84,9.75,130,0
1000.96,9.75,130,0
1001.08,9.74,130,0
1001.2,9.75,130,0
1001.32,9.75,130,0
1001.45,9.75,130,0
1001.57,9.74,130,0
1001.69,9.75,130,0
1001.81,9.76,130,0
1001.94,9.75,130,0
1002.06,9.75,130,0
1002.18,9.75,130,0
1002.3,9.75,130,0
1002.42,9.73,130,0
1002.55,9.75,130,0
1002.67,9.75,130,0
1002.79,9.75,130,0
1002.91,9.76,130,0
1003.03,9.75,130,0
1003.16,9.74,130,0
1003.28,9.75,130,0
1003.4,9.74,130,0
1003.53,9.74,130,0
1003.65,9.76,130,0
1003.77,9.77,130,0
1003.89,9.76,130,0
1004.01,9.72,130,0
1004.14,9.75,130,0
1004.26,9.74,130,0
1004.38,9.76,130,0
1004.5,9.77,130,0
1004.62,9.75,130,0
1004.75,9.75,130,0
1004.87,9.76,130,0
1004.99,9.76,130,0
1005.11,9.75,130,0
1005.24,9.74,130,0
1005.36,9.76,130,0
1005.48,9.75,130,0
1005.6,9.77,130,0
1005.72,9.74,130,0
1005.85,9.77,130,0
1005.97,9.76,130,0
1006.09,9.76,130,0
1006.21,9.76,130,0
1006.34,9.77,130,0
1006.46,9.76,130,0
1006.58,9.76,130,0
1006.7,9.77,130,0
1006.83,9.77,130,0
1006.95,9.76,130,0
1007.07,9.77,130,0
1007.19,9.76,130,0
1007.31,9.78,130,0
1007.44,9.76,130,0
1007.56,9.77,130,0
1007.68,9.77,130,0
1007.8,9.76,130,0
1007.93,9.76,130,0
1008.05,9.77,130,0
1008.17,9.77,130,0
1008.29,9.77,130,0
1008.41,9.79,130,0
1008.54,9.76,130,0
1008.66,9.77,130,0
1008.78,9.77,130,0
1008.9,9.77,130,0
1009.03,9.77,130,0
1009.15,9.78,130,0
1009.27,9.78,130,0
1009.39,9.76,130,0
1009.52,9.78,130,0
1009.64,9.77,130,0
1009.76,9.78,130,0
1009.88,9.77,130,0
1010.0,9.76,130,0
1010.13,9.78,130,0
1010.25,9.77,130,0
1010.37,9.77,130,0
1010.49,9.78,130,0
1010.62,9.78,130,0
1010.74,9.77,130,0
1010.86,9.77,130,0
1010.98,9.77,130,0
1011.1,9.77,130,0
1011.23,9.77,130,0
1011.35,9.76,130,0
1011.47,9.78,130,0
1011.59,9.77,130,0
1011.72,9.76,130,0
1011.84,9.76,130,0
1011.96,9.76,130,0
1012.08,9.77,130,0
1012.21,9.77,130,0
1012.33,9.77,130,0
1012.45,9.77,130,0
1012.57,9.77,130,0
1012.69,9.77,130,0
1012.82,9.76,130,0
1012.94,9.77,130,0
1013.06,9.77,130,0
1013.18,9.77,130,0
1013.3,9.76,130,0
1013.43,9.78,130,0
1013.55,9.77,130,0
1013.67,9.79,130,0
1013.79,9.77,130,0
1013.92,9.76,130,0
1014.04,9.77,130,0
1014.16,9.75,130,0
1014.28,9.77,130,0
1014.41,9.77,130,0
1014.53,9.77,130,0
1014.65,9.77,130,0
1014.77,9.76,130,0
1014.89,9.78,130,0
1015.02,9.76,130,0
1015.14,9.77,130,0
1015.26,9.76,130,0
1015.38,9.76,130,0
1015.51,9.75,130,0
1015.63,9.77,130,0
1015.75,9.77,130,0
1015.87,9.77,130,0
1016.0,9.76,130,0
1016.12,9.76,130,0
1016.24,9.76,130,0
1016.36,9.76,130,0
1016.48,9.76,130,0
1016.61,9.77,130,0
1016.73,9.76,130,0
1016.85,9.76,130,0
1016.97,9.76,130,0
1017.1,9.77,130,0
1017.22,9.75,130,0
1017.34,9.76,130,0
1017.46,9.76,130,0
1017.58,9.75,130,0
1017.71,9.76,130,0
1017.83,9.76,130,0
1017.95,9.76,130,0
1018.07,9.76,130,0
1018.2,9.76,130,0
1018.32,9.76,130,0
1018.44,9.75,130,0
1018.56,9.75,130,0
1018.69,9.76,130,0
1018.81,9.76,130,0
1018.93,9.76,130,0
1019.05,9.75,130,0
1019.17,9.76,130,0
1019.3,9.75,130,0
1019.42,9.76,130,0
1019.54,9.75,130,0
1019.66,9.74,130,0
1019.78,9.76,130,0
1019.91,9.75,130,0
1020.03,9.78,130,0
1020.15,9.75,130,0
1020.27,9.76,130,0
1020.4,9.74,130,0
1020.52,9.75,130,0
1020.64,9.75,130,0
1020.76,9.75,130,0
1020.89,9.72,130,0
1021.01,9.75,130,0
1021.13,9.75,130,0
1021.25,9.76,130,0
1021.37,9.75,130,0
1021.5,9.74,130,0
1021.62,9.75,130,0
1021.74,9.75,130,0
1021.86,9.75,130,0
1021.98,9.76,130,0
1022.11,9.74,130,0
1022.23,9.75,130,0
1022.35,9.76,130,0
1022.47,9.75,130,0
1022.6,9.75,130,0
1022.72,9.75,130,0
1022.84,9.74,130,0
1022.96,9.75,130,0
1023.09,9.74,130,0
1023.21,9.77,130,0
1023.33,9.75,130,0
1023.45,9.75,130,0
1023.58,9.74,130,0
1023.7,9.75,130,0
1023.82,9.73,130,0
1023.94,9.75,130,0
1024.06,9.76,130,0
1024.19,9.74,130,0
1024.31,9.74,130,0
1024.43,9.75,130,0
1024.55,9.75,130,0
1024.68,9.75,130,0
1024.8,9.75,130,0
1024.92,9.73,130,0
1025.04,9.75,130,0
1025.16,9.74,130,0
1025.29,9.74,130,0
1025.41,9.74,130,0
1025.53,9.74,130,0
1025.65,9.73,130,0
1025.78,9.73,130,0
1025.9,9.73,130,0
1026.02,9.73,130,0
1026.14,9.73,130,0
1026.27,9.73,130,0
1026.39,9.74,130,0
1026.51,9.74,130,0
1026.63,9.72,130,0
1026.75,9.73,130,0
1026.88,9.72,130,0
1027.0,9.75,130,0
1027.12,9.72,130,0
1027.24,9.73,130,0
1027.36,9.73,130,0
1027.49,9.73,130,0
1027.61,9.73,130,0
1027.73,9.73,130,0
1027.85,9.74,130,0
1027.98,9.72,130,0
1028.1,9.74,130,0
1028.22,9.73,130,0
1028.34,9.73,130,0
1028.46,9.73,130,0
1028.59,9.73,130,0
1028.71,9.73,130,0
1028.83,9.73,130,0
1028.95,9.75,130,0
1029.08,9.74,130,0
1029.2,9.73,130,0
1029.32,9.74,130,0
1029.44,9.73,130,0
1029.57,9.72,130,0
1029.69,9.72,130,0
1029.81,9.72,130,0
1029.93,9.73,130,0
1030.05,9.73,130,0
1030.18,9.73,130,0
1030.3,9.72,130,0
1030.42,9.73,130,0
1030.54,9.73,130,0
1030.67,9.74,130,0
1030.79,9.73,130,0
1030.91,9.72,130,0
1031.03,9.72,130,0
1031.16,9.73,130,0
1031.28,9.73,130,0
1031.4,9.73,130,0
1031.52,9.73,130,0
1031.64,9.73,130,0
1031.77,9.74,130,0
1031.89,9.73,130,0
1032.01,9.72,130,0
1032.13,9.72,130,0
1032.26,9.72,130,0
1032.38,9.72,130,0
1032.5,9.72,130,0
1032.62,9.73,130,0
1032.74,9.74,130,0
1032.87,9.73,130,0
1032.99,9.73,130,0
1033.11,9.73,130,0
1033.23,9.73,130,0
1033.36,9.74,130,0
1033.48,9.74,130,0
1033.6,9.73,130,0
1033.72,9.73,130,0
1033.84,9.74,130,0
1033.97,9.72,130,0
1034.09,9.73,130,0
1034.21,9.73,130,0
1034.33,9.74,130,0
1034.46,9.73,130,0
1034.58,9.73,130,0
1034.7,9.75,130,0
1034.82,9.73,130,0
1034.94,9.73,130,0
1035.07,9.73,130,0
1035.19,9.73,130,0
1035.31,9.74,130,0
1035.43,9.74,130,0
1035.56,9.73,130,0
1035.68,9.74,130,0
1035.8,9.71,130,0
1035.92,9.74,130,0
1036.05,9.73,130,0
1036.17,9.73,130,0
1036.29,9.73,130,0
1036.41,9.74,130,0
1036.53,9.73,130,0
1036.66,9.74,130,0
1036.78,9.73,130,0
1036.9,9.74,130,0
1037.02,9.73,130,0
1037.15,9.74,130,0
1037.27,9.74,130,0
1037.39,9.74,130,0
1037.51,9.74,130,0
1037.63,9.73,130,0
1037.76,9.74,130,0
1037.88,9.73,130,0
1038.0,9.74,130,0
1038.12,9.73,130,0
1038.25,9.73,130,0
1038.37,9.74,130,0
1038.49,9.73,130,0
1038.61,9.74,130,0
1038.73,9.73,130,0
1038.86,9.73,130,0
1038.98,9.73,130,0
1039.1,9.73,130,0
1039.22,9.74,130,0
1039.35,9.74,130,0
1039.47,9.73,130,0
1039.59,9.73,130,0
1039.71,9.73,130,0
1039.83,9.73,130,0
1039.96,9.73,130,0
1040.08,9.73,130,0
1040.2,9.71,130,0
1040.32,9.73,130,0
1040.45,9.73,130,0
1040.57,9.73,130,0
1040.69,9.72,130,0
1040.81,9.73,130,0
1040.94,9.72,130,0
1041.06,9.72,130,0
1041.18,9.72,130,0
1041.3,9.73,130,0
1041.42,9.71,130,0
1041.55,9.74,130,0
1041.67,9.72,130,0
1041.79,9.71,130,0
1041.91,9.72,130,0
1042.04,9.73,130,0
1042.16,9.73,130,0
1042.28,9.72,130,0
1042.4,9.73,130,0
1042.53,9.72,130,0
1042.65,9.72,130,0
1042.77,9.72,130,0
1042.89,9.72,130,0
1043.01,9.74,130,0
1043.14,9.71,130,0
1043.26,9.72,130,0
1043.38,9.73,130,0
1043.5,9.73,130,0
1043.62,9.75,130,0
1043.75,9.73,130,0
1043.87,9.71,130,0
1043.99,9.72,130,0
1044.11,9.73,130,0
1044.24,9.72,130,0
1044.36,9.72,130,0
1044.48,9.72,130,0
1044.6,9.72,130,0
1044.72,9.71,130,0
1044.85,9.71,130,0
1044.97,9.72,130,0
1045.09,9.72,130,0
1045.21,9.73,130,0
1045.34,9.72,130,0
1045.46,9.72,130,0
1045.58,9.71,130,0
1045.7,9.71,130,0
1045.83,9.72,130,0
1045.95,9.72,130,0
1046.07,9.72,130,0
1046.19,9.74,130,0
1046.31,9.72,130,0
1046.44,9.73,130,0
1046.56,9.72,130,0
1046.68,9.73,130,0
1046.8,9.72,130,0
1046.93,9.73,130,0
1047.05,9.72,130,0
1047.17,9.72,130,0
1047.29,9.72,130,0
1047.42,9.72,130,0
1047.54,9.73,130,0
1047.66,9.73,130,0
1047.78,9.73,130,0
1047.9,9.72,130,0
1048.03,9.7,130,0
1048.15,9.74,130,0
1048.27,9.71,130,0
1048.39,9.73,130,0
1048.52,9.73,130,0
1048.64,9.72,130,0
1048.76,9.73,130,0
1048.88,9.73,130,0
1049.0,9.73,130,0
1049.13,9.73,130,0
1049.25,9.73,130,0
1049.37,9.73,130,0
1049.49,9.73,130,0
1049.61,9.73,130,0
1049.74,9.74,130,0
1049.86,9.73,130,0
1049.98,9.74,130,0
1050.1,9.72,130,0
1050.23,9.73,130,0
1050.35,9.73,130,0
1050.47,9.73,130,0
1050.59,9.72,130,0
1050.72,9.74,130,0
1050.84,9.74,130,0
1050.96,9.74,130,0
1051.08,9.75,130,0
1051.2,9.74,130,0
1051.33,9.72,130,0
1051.45,9.73,130,0
1051.57,9.73,130,0
1051.69,9.73,130,0
1051.81,9.74,130,0
1051.94,9.74,130,0
1052.06,9.74,130,0
1052.18,9.74,130,0
1052.31,9.75,130,0
1052.43,9.74,130,0
1052.55,9.74,130,0
1052.67,9.75,130,0
1052.79,9.74,130,0
1052.92,9.74,130,0
1053.04,9.74,130,0
1053.16,9.74,130,0
1053.28,9.74,130,0
1053.41,9.75,130,0
1053.53,9.75,130,0
1053.65,9.75,130,0
1053.77,9.75,130,0
1053.89,9.75,130,0
1054.02,9.75,130,0
1054.14,9.74,130,0
1054.26,9.76,130,0
1054.38,9.75,130,0
1054.51,9.75,130,0
1054.63,9.72,130,0
1054.75,9.75,130,0
1054.87,9.76,130,0
1054.99,9.74,130,0
1055.12,9.75,130,0
1055.24,9.76,130,0
1055.36,9.76,130,0
1055.48,9.76,130,0
1055.6,9.75,130,0
1055.73,9.77,130,0
1055.85,9.74,130,0
1055.97,9.76,130,0
1056.09,9.76,130,0
1056.22,9.75,130,0
1056.34,9.76,130,0
1056.46,9.77,130,0
1056.58,9.76,130,0
1056.71,9.76,130,0
1056.83,9.74,130,0
1056.95,9.77,130,0
1057.07,9.77,130,0
1057.19,9.77,130,0
1057.32,9.77,130,0
1057.44,9.77,130,0
1057.56,9.76,130,0
1057.68,9.76,130,0
1057.81,9.77,130,0
1057.93,9.77,130,0
1058.05,9.77,130,0
1058.17,9.77,130,0
1058.3,9.76,130,0
1058.42,9.77,130,0
1058.54,9.77,130,0
1058.66,9.77,130,0
1058.78,9.77,130,0
1058.91,9.78,130,0
1059.03,9.77,130,0
1059.15,9.77,130,0
1059.27,9.78,130,0
1059.4,9.76,130,0
1059.52,9.78,130,0
1059.64,9.76,130,0
1059.76,9.77,130,0
1059.89,9.77,130,0
1060.01,9.79,130,0
1060.13,9.77,130,0
1060.25,9.78,130,0
1060.37,9.78,130,0
1060.5,9.77,130,0
1060.62,9.78,130,0
1060.74,9.78,130,0
1060.86,9.78,130,0
1060.98,9.77,130,0
1061.11,9.79,130,0
1061.23,9.77,130,0
1061.35,9.78,130,0
1061.47,9.79,130,0
1061.6,9.79,130,0
1061.72,9.78,130,0
1061.84,9.78,130,0
1061.96,9.78,130,0
1062.08,9.78,130,0
1062.21,9.77,130,0
1062.33,9.78,130,0
1062.45,9.77,130,0
1062.57,9.78,130,0
1062.69,9.77,130,0
1062.82,9.78,130,0
1062.94,9.79,130,0
1063.06,9.8,130,0
1063.19,9.77,130,0
1063.31,9.78,130,0
1063.43,9.79,130,0
1063.55,9.78,130,0
1063.67,9.79,130,0
1063.8,9.78,130,0
1063.92,9.78,130,0
1064.04,9.78,130,0
1064.16,9.78,130,0
1064.29,9.77,130,0
1064.41,9.78,130,0
1064.53,9.78,130,0
1064.65,9.78,130,0
1064.77,9.77,130,0
1064.9,9.78,130,0
1065.02,9.78,130,0
1065.14,9.77,130,0
1065.26,9.79,130,0
1065.39,9.79,130,0
1065.51,9.8,130,0
1065.63,9.78,130,0
1065.75,9.79,130,0
1065.87,9.8,130,0
1066.0,9.78,130,0
1066.12,9.79,130,0
1066.24,9.78,130,0
1066.36,9.78,130,0
1066.48,9.76,130,0
1066.61,9.78,130,0
1066.73,9.78,130,0
1066.85,9.78,130,0
1066.97,9.79,130,0
1067.1,9.79,130,0
1067.22,9.78,130,0
1067.34,9.79,130,0
1067.46,9.79,130,0
1067.59,9.78,130,0
1067.71,9.78,130,0
1067.83,9.79,130,0
1067.95,9.79,130,0
1068.07,9.78,130,0
1068.2,9.78,130,0
1068.32,9.79,130,0
1068.44,9.79,130,0
1068.56,9.79,130,0
1068.69,9.77,130,0
1068.81,9.78,130,0
1068.93,9.79,130,0
1069.05,9.79,130,0
1069.18,9.79,130,0
1069.3,9.78,130,0
1069.42,9.78,130,0
1069.54,9.78,130,0
1069.66,9.79,130,0
1069.79,9.79,130,0
1069.91,9.79,130,0
1070.03,9.79,130,0
1070.15,9.79,130,0
1070.28,9.79,130,0
1070.4,9.79,130,0
1070.52,9.78,130,0
1070.64,9.8,130,0
1070.77,9.78,130,0
1070.89,9.79,130,0
1071.01,9.79,130,0
1071.13,9.79,130,0
1071.25,9.79,130,0
1071.38,9.78,130,0
1071.5,9.79,130,0
1071.62,9.77,130,0
1071.74,9.79,130,0
1071.86,9.8,130,0
1071.99,9.78,130,0
1072.11,9.79,130,0
1072.23,9.79,130,0
1072.35,9.79,130,0
1072.48,9.78,130,0
1072.6,9.79,130,0
1072.72,9.8,130,0
1072.84,9.8,130,0
1072.96,9.79,130,0
1073.09,9.79,130,0
1073.21,9.8,130,0
1073.33,9.79,130,0
1073.45,9.79,130,0
1073.58,9.81,130,0
1073.7,9.78,130,0
1073.82,9.79,130,0
1073.94,9.81,130,0
1074.06,9.8,130,0
1074.19,9.79,130,0
1074.31,9.79,130,0
1074.43,9.79,130,0
1074.55,9.79,130,0
1074.68,9.79,130,0
1074.8,9.8,130,0
1074.92,9.79,130,0
1075.04,9.79,130,0
1075.17,9.8,130,0
1075.29,9.79,130,0
1075.41,9.8,130,0
1075.53,9.8,130,0
1075.65,9.79,130,0
1075.78,9.79,130,0
1075.9,9.8,130,0
1076.02,9.8,130,0
1076.14,9.8,130,0
1076.27,9.8,130,0
1076.39,9.8,130,0
1076.51,9.8,130,0
1076.63,9.81,130,0
1076.75,9.8,130,0
1076.88,9.8,130,0
1077.0,9.79,130,0
1077.12,9.81,130,0
1077.24,9.8,130,0
1077.36,9.78,130,0
1077.49,9.8,130,0
1077.61,9.79,130,0
1077.73,9.79,130,0
1077.85,9.8,130,0
1077.98,9.8,130,0
1078.1,9.8,130,0
1078.22,9.81,130,0
1078.34,9.8,130,0
1078.46,9.8,130,0
1078.59,9.81,130,0
1078.71,9.8,130,0
1078.83,9.79,130,0
1078.95,9.8,130,0
1079.08,9.81,130,0
1079.2,9.81,130,0
1079.32,9.81,130,0
1079.44,9.81,130,0
1079.57,9.8,130,0
1079.69,9.8,130,0
1079.81,9.81,130,0
1079.93,9.8,130,0
1080.05,9.8,130,0
1080.18,9.82,130,0
1080.3,9.81,130,0
1080.42,9.8,130,0
1080.54,9.82,130,0
1080.67,9.81,130,0
1080.79,9.81,130,0
1080.91,9.82,130,0
1081.03,9.81,130,0
1081.16,9.8,130,0
1081.28,9.81,130,0
1081.4,9.81,130,0
1081.52,9.82,130,0
1081.65,9.82,130,0
1081.77,9.82,130,0
1081.89,9.82,130,0
1082.01,9.82,130,0
1082.13,9.81,130,0
1082.26,9.81,130,0
1082.38,9.81,130,0
1082.5,9.81,130,0
1082.62,9.82,130,0
1082.74,9.82,130,0
1082.87,9.82,130,0
1082.99,9.82,130,0
1083.11,9.82,130,0
1083.23,9.81,130,0
1083.36,9.82,130,0
1083.48,9.81,130,0
1083.6,9.82,130,0
1083.72,9.82,130,0
1083.84,9.81,130,0
1083.97,9.82,130,0
1084.09,9.83,130,0
1084.21,9.81,130,0
1084.33,9.82,130,0
1084.46,9.81,130,0
1084.58,9.81,130,0
1084.7,9.82,130,0
1084.82,9.81,130,0
1084.94,9.81,130,0
1085.07,9.81,130,0
1085.19,9.82,130,0
1085.31,9.82,130,0
1085.43,9.82,130,0
1085.56,9.82,130,0
1085.68,9.82,130,0
1085.8,9.82,130,0
1085.92,9.81,130,0
1086.05,9.81,130,0
1086.17,9.81,130,0
1086.29,9.81,130,0
1086.41,9.81,130,0
1086.53,9.8,130,0
1086.66,9.82,130,0
1086.78,9.81,130,0
1086.9,9.81,130,0
1087.02,9.8,130,0
1087.15,9.82,130,0
1087.27,9.81,130,0
1087.39,9.81,130,0
1087.51,9.82,130,0
1087.64,9.82,130,0
1087.76,9.82,130,0
1087.88,9.82,130,0
1088.0,9.82,130,0
1088.12,9.82,130,0
1088.25,9.82,130,0
1088.37,9.82,130,0
1088.49,9.81,130,0
1088.61,9.81,130,0
1088.74,9.81,130,0
1088.86,9.81,130,0
1088.98,9.82,130,0
1089.1,9.81,130,0
1089.22,9.8,130,0
1089.35,9.79,130,0
1089.47,9.81,130,0
1089.59,9.81,130,0
1089.71,9.81,130,0
1089.84,9.81,130,0
1089.96,9.81,130,0
1090.08,9.81,130,0
1090.2,9.81,130,0
1090.32,9.81,130,0
1090.45,9.82,130,0
1090.57,9.82,130,0
1090.69,9.82,130,0
1090.81,9.83,130,0
1090.94,9.82,130,0
1091.06,9.83,130,0
1091.18,9.84,130,0
1091.3,9.82,130,0
1091.43,9.83,130,0
1091.55,9.82,130,0
1091.67,9.82,130,0
1091.79,9.83,130,0
1091.91,9.82,130,0
1092.04,9.82,130,0
1092.16,9.82,130,0
1092.28,9.82,130,0
1092.4,9.82,130,0
1092.53,9.81,130,0
1092.65,9.82,130,0
1092.77,9.84,130,0
1092.89,9.82,130,0
1093.01,9.82,130,0
1093.14,9.83,130,0
1093.26,9.82,130,0
1093.38,9.81,130,0
1093.5,9.82,130,0
1093.63,9.82,130,0
1093.75,9.82,130,0
1093.87,9.82,130,0
1093.99,9.82,130,0
1094.11,9.82,130,0
1094.24,9.82,130,0
1094.36,9.83,130,0
1094.48,9.82,130,0
1094.6,9.83,130,0
1094.73,9.82,130,0
1094.85,9.82,130,0
1094.97,9.82,130,0
1095.09,9.82,130,0
1095.21,9.81,130,0
1095.34,9.83,130,0
1095.46,9.82,130,0
1095.58,9.82,130,0
1095.7,9.82,130,0
1095.83,9.83,130,0
1095.95,9.83,130,0
1096.07,9.82,130,0
1096.19,9.82,130,0
1096.31,9.82,130,0
1096.44,9.82,130,0
1096.56,9.82,130,0
1096.68,9.82,130,0
1096.8,9.82,130,0
1096.93,9.83,130,0
1097.05,9.81,130,0
1097.17,9.83,130,0
1097.29,9.82,130,0
1097.42,9.82,130,0
1097.54,9.82,130,0
1097.66,9.81,130,0
1097.78,9.82,130,0
1097.91,9.82,130,0
1098.03,9.82,130,0
1098.15,9.83,130,0
1098.27,9.82,130,0
1098.39,9.82,130,0
1098.52,9.81,130,0
1098.64,9.82,130,0
1098.76,9.82,130,0
1098.88,9.82,130,0
1099.01,9.82,130,0
1099.13,9.82,130,0
1099.25,9.83,130,0
1099.37,9.82,130,0
1099.49,9.83,130,0
1099.62,9.83,130,0
1099.74,9.82,130,0
1099.86,9.82,130,0
1099.98,9.82,130,0
1100.1,9.82,130,0
1100.23,9.82,130,0
1100.35,9.83,130,0
1100.47,9.82,130,0
1100.59,9.82,130,0
1100.72,9.84,130,0
1100.84,9.81,130,0
1100.96,9.81,130,0
1101.08,9.82,130,0
1101.21,9.83,130,0
1101.33,9.82,130,0
1101.45,9.82,130,0
1101.57,9.82,130,0
1101.69,9.82,130,0
1101.82,9.83,130,0
1101.94,9.82,130,0
1102.06,9.81,130,0
1102.18,9.82,130,0
1102.31,9.82,130,0
1102.43,9.82,130,0
1102.55,9.82,130,0
1102.67,9.82,130,0
1102.8,9.83,130,0
1102.92,9.82,130,0
1103.04,9.82,130,0
1103.16,9.82,130,0
1103.28,9.82,130,0
1103.41,9.82,130,0
1103.53,9.82,130,0
1103.65,9.82,130,0
1103.77,9.82,130,0
1103.9,9.82,130,0
1104.02,9.82,130,0
1104.14,9.82,130,0
1104.26,9.83,130,0
1104.39,9.82,130,0
1104.51,9.82,130,0
1104.63,9.82,130,0
1104.75,9.83,130,0
1104.87,9.83,130,0
1105.0,9.83,130,0
1105.12,9.82,130,0
1105.24,9.82,130,0
1105.36,9.82,130,0
1105.48,9.82,130,0
1105.61,9.82,130,0
1105.73,9.82,130,0
1105.85,9.83,130,0
1105.97,9.82,130,0
1106.1,9.82,130,0
1106.22,9.82,130,0
1106.34,9.82,130,0
1106.46,9.82,130,0
1106.58,9.82,130,0
1106.71,9.83,130,0
1106.83,9.82,130,0
1106.95,9.82,130,0
1107.07,9.81,130,0
1107.2,9.82,130,0
1107.32,9.82,130,0
1107.44,9.82,130,0
1107.56,9.82,130,0
1107.69,9.82,130,0
1107.81,9.82,130,0
1107.93,9.82,130,0
1108.05,9.82,130,0
1108.17,9.82,130,0
1108.3,9.81,130,0
1108.42,9.82,130,0
1108.54,9.82,130,0
1108.66,9.82,130,0
1108.79,9.82,130,0
1108.91,9.82,130,0
1109.03,9.82,130,0
1109.15,9.8,130,0
1109.28,9.83,130,0
1109.4,9.82,130,0
1109.52,9.82,130,0
1109.64,9.82,130,0
1109.77,9.82,130,0
1109.89,9.82,130,0
1110.01,9.81,130,0
1110.13,9.82,130,0
1110.25,9.81,130,0
1110.38,9.82,130,0
1110.5,9.82,130,0
1110.62,9.82,130,0
1110.74,9.82,130,0
1110.86,9.82,130,0
1110.99,9.82,130,0
1111.11,9.82,130,0
1111.23,9.82,130,0
1111.35,9.82,130,0
1111.48,9.81,130,0
1111.6,9.82,130,0
1111.72,9.81,130,0
1111.84,9.82,130,0
1111.96,9.82,130,0
1112.09,9.81,130,0
1112.21,9.82,130,0
1112.33,9.81,130,0
1112.45,9.81,130,0
1112.58,9.81,130,0
1112.7,9.81,130,0
1112.82,9.82,130,0
1112.94,9.8,130,0
1113.06,9.8,130,0
1113.19,9.81,130,0
1113.31,9.81,130,0
1113.43,9.81,130,0
1113.55,9.8,130,0
1113.68,9.8,130,0
1113.8,9.82,130,0
1113.92,9.78,130,0
1114.04,9.81,130,0
1114.17,9.8,130,0
1114.29,9.82,130,0
1114.41,9.82,130,0
1114.53,9.81,130,0
1114.65,9.8,130,0
1114.78,9.81,130,0
1114.9,9.81,130,0
1115.02,9.81,130,0
1115.14,9.81,130,0
1115.27,9.81,130,0
1115.39,9.8,130,0
1115.51,9.81,130,0
1115.63,9.81,130,0
1115.76,9.8,130,0
1115.88,9.8,130,0
1116.0,9.82,130,0
1116.12,9.81,130,0
1116.24,9.79,130,0
1116.37,9.81,130,0
1116.49,9.79,130,0
1116.61,9.82,130,0
1116.73,9.81,130,0
1116.85,9.79,130,0
1116.98,9.8,130,0
1117.1,9.79,130,0
1117.22,9.8,130,0
1117.34,9.8,130,0
1117.47,9.81,130,0
1117.59,9.8,130,0
1117.71,9.79,130,0
1117.83,9.8,130,0
1117.96,9.81,130,0
1118.08,9.8,130,0
1118.2,9.8,130,0
1118.32,9.8,130,0
1118.44,9.81,130,0
1118.57,9.8,130,0
1118.69,9.8,130,0
1118.81,9.8,130,0
1118.93,9.8,130,0
1119.06,9.79,130,0
1119.18,9.8,130,0
1119.3,9.8,130,0
1119.42,9.79,130,0
1119.54,9.8,130,0
1119.67,9.79,130,0
1119.79,9.8,130,0
1119.91,9.8,130,0
1120.03,9.79,130,0
1120.16,9.8,130,0
1120.28,9.79,130,0
1120.4,9.8,130,0
1120.52,9.79,130,0
1120.65,9.8,130,0
1120.77,9.8,130,0
1120.89,9.8,130,0
1121.01,9.8,130,0
1121.13,9.8,130,0
1121.26,9.79,130,0
1121.38,9.79,130,0
1121.5,9.81,130,0
1121.62,9.81,130,0
1121.74,9.79,130,0
1121.87,9.8,130,0
1121.99,9.8,130,0
1122.11,9.79,130,0
1122.23,9.79,130,0
1122.36,9.8,130,0
1122.48,9.8,130,0
1122.6,9.79,130,0
1122.72,9.8,130,0
1122.84,9.79,130,0
1122.97,9.82,130,0
1123.09,9.8,130,0
1123.21,9.79,130,0
1123.33,9.79,130,0
1123.46,9.8,130,0
1123.58,9.8,130,0
1123.7,9.8,130,0
1123.82,9.8,130,0
1123.94,9.78,130,0
1124.07,9.8,130,0
1124.19,9.81,130,0
1124.31,9.8,130,0
1124.43,9.8,130,0
1124.56,9.8,130,0
1124.68,9.82,130,0
1124.8,9.79,130,0
1124.92,9.79,130,0
1125.05,9.81,130,0
1125.17,9.8,130,0
1125.29,9.8,130,0
1125.41,9.78,130,0
1125.53,9.79,130,0
1125.66,9.81,130,0
1125.78,9.82,130,0
1125.9,9.79,130,0
1126.02,9.8,130,0
1126.15,9.8,130,0
1126.27,9.8,130,0
1126.39,9.81,130,0
1126.51,9.8,130,0
1126.63,9.8,130,0
1126.76,9.8,130,0
1126.88,9.79,130,0
1127.0,9.81,130,0
1127.12,9.81,130,0
1127.25,9.81,130,0
1127.37,9.81,130,0
1127.49,9.8,130,0
1127.61,9.8,130,0
1127.73,9.81,130,0
1127.86,9.81,130,0
1127.98,9.8,130,0
1128.1,9.79,130,0
1128.22,9.81,130,0
1128.34,9.8,130,0
1128.47,9.79,130,0
1128.59,9.8,130,0
1128.71,9.8,130,0
1128.83,9.79,130,0
1128.96,9.8,130,0
1129.08,9.8,130,0
1129.2,9.81,130,0
1129.32,9.81,130,0
1129.44,9.81,130,0
1129.57,9.8,130,0
1129.69,9.8,130,0
1129.81,9.81,130,0
1129.93,9.8,130,0
1130.06,9.82,130,0
1130.18,9.81,130,0
1130.3,9.81,130,0
1130.42,9.82,130,0
1130.55,9.8,130,0
1130.67,9.8,130,0
1130.79,9.8,130,0
1130.91,9.79,130,0
1131.03,9.81,130,0
1131.16,9.8,130,0
1131.28,9.8,130,0
1131.4,9.79,130,0
1131.52,9.82,130,0
1131.65,9.81,130,0
1131.77,9.8,130,0
1131.89,9.8,130,0
1132.01,9.81,130,0
1132.14,9.8,130,0
1132.26,9.81,130,0
1132.38,9.81,130,0
1132.5,9.81,130,0
1132.62,9.8,130,0
1132.75,9.8,130,0
1132.87,9.8,130,0
1132.99,9.8,130,0
1133.11,9.81,130,0
1133.23,9.8,130,0
1133.36,9.81,130,0
1133.48,9.8,130,0
1133.6,9.8,130,0
1133.72,9.78,130,0
1133.85,9.81,130,0
1133.97,9.81,130,0
1134.09,9.8,130,0
1134.21,9.79,130,0
1134.34,9.8,130,0
1134.46,9.79,130,0
1134.58,9.81,130,0
1134.7,9.81,130,0
1134.82,9.8,130,0
1134.95,9.8,130,0
1135.07,9.81,130,0
1135.19,9.82,130,0
1135.31,9.83,130,0
1135.44,9.82,130,0
1135.56,9.8,130,0
1135.68,9.81,130,0
1135.8,9.79,130,0
1135.93,9.8,130,0
1136.05,9.8,130,0
1136.17,9.79,130,0
1136.29,9.8,130,0
1136.41,9.81,130,0
1136.54,9.8,130,0
1136.66,9.8,130,0
1136.78,9.79,130,0
1136.9,9.78,130,0
1137.03,9.81,130,0
1137.15,9.79,130,0
1137.27,9.79,130,0
1137.39,9.8,130,0
1137.51,9.8,130,0
1137.64,9.8,130,0
1137.76,9.8,130,0
1137.88,9.8,130,0
1138.0,9.78,130,0
1138.12,9.8,130,0
1138.25,9.8,130,0
1138.37,9.8,130,0
1138.49,9.8,130,0
1138.61,9.8,130,0
1138.74,9.8,130,0
1138.86,9.79,130,0
1138.98,9.79,130,0
1139.1,9.8,130,0
1139.22,9.8,130,0
1139.35,9.79,130,0
1139.47,9.8,130,0
1139.59,9.81,130,0
1139.71,9.79,130,0
1139.83,9.79,130,0
1139.96,9.81,130,0
1140.08,9.8,130,0
1140.2,9.8,130,0
1140.32,9.8,130,0
1140.45,9.79,130,0
1140.57,9.79,130,0
1140.69,9.8,130,0
1140.81,9.8,130,0
1140.94,9.8,130,0
1141.06,9.79,130,0
1141.18,9.8,130,0
1141.3,9.79,130,0
1141.43,9.8,130,0
1141.55,9.8,130,0
1141.67,9.8,130,0
1141.79,9.8,130,0
1141.91,9.8,130,0
1142.04,9.8,130,0
1142.16,9.81,130,0
1142.28,9.8,130,0
1142.4,9.8,130,0
1142.52,9.8,130,0
1142.65,9.8,130,0
1142.77,9.81,130,0
1142.89,9.8,130,0
1143.01,9.8,130,0
1143.14,9.81,130,0
1143.26,9.8,130,0
1143.38,9.8,130,0
1143.5,9.81,130,0
1143.63,9.82,130,0
1143.75,9.81,130,0
1143.87,9.81,130,0
1143.99,9.81,130,0
1144.11,9.81,130,0
1144.24,9.81,130,0
1144.36,9.81,130,0
1144.48,9.8,130,0
1144.6,9.82,130,0
1144.72,9.81,130,0
1144.85,9.82,130,0
1144.97,9.82,130,0
1145.09,9.83,130,0
1145.21,9.81,130,0
1145.34,9.81,130,0
1145.46,9.81,130,0
1145.58,9.81,130,0
1145.7,9.81,130,0
1145.83,9.81,130,0
1145.95,9.81,130,0
1146.07,9.8,130,0
1146.19,9.82,130,0
1146.31,9.81,130,0
1146.44,9.81,130,0
1146.56,9.81,130,0
1146.68,9.8,130,0
1146.8,9.81,130,0
1146.93,9.82,130,0
1147.05,9.82,130,0
1147.17,9.82,130,0
1147.29,9.83,130,0
1147.42,9.82,130,0
1147.54,9.81,130,0
1147.66,9.81,130,0
1147.78,9.82,130,0
1147.91,9.82,130,0
1148.03,9.81,130,0
1148.15,9.82,130,0
1148.27,9.82,130,0
1148.39,9.82,130,0
1148.52,9.83,130,0
1148.64,9.83,130,0
1148.76,9.82,130,0
1148.88,9.83,130,0
1149.0,9.83,130,0
1149.13,9.82,130,0
1149.25,9.83,130,0
1149.37,9.83,130,0
1149.49,9.82,130,0
1149.62,9.82,130,0
1149.74,9.83,130,0
1149.86,9.82,130,0
1149.98,9.82,130,0
1150.1,9.82,130,0
1150.23,9.83,130,0
1150.35,9.83,130,0
1150.47,9.83,130,0
1150.59,9.83,130,0
1150.72,9.82,130,0
1150.84,9.83,130,0
1150.96,9.84,130,0
1151.08,9.84,130,0
1151.2,9.82,130,0
1151.33,9.84,130,0
1151.45,9.83,130,0
1151.57,9.84,130,0
1151.69,9.84,130,0
1151.82,9.82,130,0
1151.94,9.84,130,0
1152.06,9.83,130,0
1152.18,9.83,130,0
1152.31,9.83,130,0
1152.43,9.83,130,0
1152.55,9.84,130,0
1152.67,9.83,130,0
1152.8,9.83,130,0
1152.92,9.83,130,0
1153.04,9.83,130,0
1153.16,9.83,130,0
1153.28,9.84,130,0
1153.41,9.83,130,0
1153.53,9.83,130,0
1153.65,9.84,130,0
1153.77,9.83,130,0
1153.9,9.83,130,0
1154.02,9.83,130,0
1154.14,9.85,130,0
1154.26,9.83,130,0
1154.38,9.83,130,0
1154.51,9.84,130,0
1154.63,9.84,130,0
1154.75,9.84,130,0
1154.87,9.83,130,0
1155.0,9.84,130,0
1155.12,9.84,130,0
1155.24,9.82,130,0
1155.36,9.83,130,0
1155.48,9.83,130,0
1155.61,9.84,130,0
1155.73,9.85,130,0
1155.85,9.84,130,0
1155.97,9.82,130,0
1156.1,9.84,130,0
1156.22,9.84,130,0
1156.34,9.85,130,0
1156.46,9.83,130,0
1156.58,9.85,130,0
1156.71,9.85,130,0
1156.83,9.84,130,0
1156.95,9.85,130,0
1157.07,9.85,130,0
1157.2,9.86,130,0
1157.32,9.86,130,0
1157.44,9.84,130,0
1157.56,9.85,130,0
1157.69,9.85,130,0
1157.81,9.85,130,0
1157.93,9.85,130,0
1158.05,9.86,130,0
1158.17,9.85,130,0
1158.3,9.85,130,0
1158.42,9.86,130,0
1158.54,9.86,130,0
1158.66,9.87,130,0
1158.79,9.86,130,0
1158.91,9.85,130,0
1159.03,9.86,130,0
1159.15,9.87,130,0
1159.27,9.86,130,0
1159.4,9.86,130,0
1159.52,9.85,130,0
1159.64,9.86,130,0
1159.76,9.86,130,0
1159.89,9.86,130,0
1160.01,9.86,130,0
1160.13,9.87,130,0
1160.25,9.86,130,0
1160.38,9.85,130,0
1160.5,9.86,130,0
1160.62,9.85,130,0
1160.74,9.86,130,0
1160.86,9.86,130,0
1160.99,9.86,130,0
1161.11,9.86,130,0
1161.23,9.84,130,0
1161.35,9.86,130,0
1161.47,9.87,130,0
1161.6,9.87,130,0
1161.72,9.86,130,0
1161.84,9.87,130,0
1161.96,9.85,130,0
1162.09,9.86,130,0
1162.21,9.86,130,0
1162.33,9.86,130,0
1162.45,9.87,130,0
1162.57,9.87,130,0
1162.7,9.86,130,0
1162.82,9.88,130,0
1162.94,9.86,130,0
1163.06,9.87,130,0
1163.19,9.86,130,0
1163.31,9.86,130,0
1163.43,9.86,130,0
1163.55,9.86,130,0
1163.68,9.87,130,0
1163.8,9.87,130,0
1163.92,9.87,130,0
1164.04,9.87,130,0
1164.17,9.86,130,0
1164.29,9.86,130,0
1164.41,9.87,130,0
1164.53,9.87,130,0
1164.65,9.86,130,0
1164.78,9.88,130,0
1164.9,9.87,130,0
1165.02,9.86,130,0
1165.14,9.87,130,0
1165.26,9.88,130,0
1165.39,9.87,130,0
1165.51,9.87,130,0
1165.63,9.87,130,0
1165.75,9.87,130,0
1165.88,9.89,130,0
1166.0,9.87,130,0
1166.12,9.89,130,0
1166.24,9.87,130,0
1166.36,9.87,130,0
1166.49,9.88,130,0
1166.61,9.89,130,0
1166.73,9.88,130,0
1166.85,9.88,130,0
1166.98,9.89,130,0
1167.1,9.88,130,0
1167.22,9.87,130,0
1167.34,9.88,130,0
1167.46,9.89,130,0
1167.59,9.89,130,0
1167.71,9.89,130,0
1167.83,9.89,130,0
1167.95,9.87,130,0
1168.08,9.89,130,0
1168.2,9.88,130,0
1168.32,9.9,130,0
1168.44,9.88,130,0
1168.57,9.89,130,0
1168.69,9.89,130,0
1168.81,9.9,130,0
1168.93,9.9,130,0
1169.05,9.9,130,0
1169.18,9.89,130,0
1169.3,9.89,130,0
1169.42,9.89,130,0
1169.54,9.89,130,0
1169.67,9.88,130,0
1169.79,9.89,130,0
1169.91,9.89,130,0
1170.03,9.89,130,0
1170.16,9.89,130,0
1170.28,9.89,130,0
1170.4,9.89,130,0
1170.52,9.89,130,0
1170.64,9.91,130,0
1170.77,9.89,130,0
1170.89,9.89,130,0
1171.01,9.88,130,0
1171.13,9.9,130,0
1171.26,9.89,130,0
1171.38,9.89,130,0
1171.5,9.9,130,0
1171.62,9.9,130,0
1171.74,9.89,130,0
1171.87,9.89,130,0
1171.99,9.89,130,0
1172.11,9.9,130,0
1172.23,9.92,130,0
1172.35,9.89,130,0
1172.48,9.89,130,0
1172.6,9.9,130,0
1172.72,9.89,130,0
1172.84,9.9,130,0
1172.97,9.89,130,0
1173.09,9.89,130,0
1173.21,9.89,130,0
1173.33,9.88,130,0
1173.45,9.9,130,0
1173.58,9.91,130,0
1173.7,9.9,130,0
1173.82,9.9,130,0
1173.94,9.9,130,0
1174.07,9.9,130,0
1174.19,9.88,130,0
1174.31,9.9,130,0
1174.43,9.9,130,0
1174.56,9.91,130,0
1174.68,9.89,130,0
1174.8,9.89,130,0
1174.92,9.9,130,0
1175.05,9.9,130,0
1175.17,9.9,130,0
1175.29,9.88,130,0
1175.41,9.9,130,0
1175.53,9.9,130,0
1175.66,9.88,130,0
1175.78,9.89,130,0
1175.9,9.88,130,0
1176.02,9.9,130,0
1176.14,9.89,130,0
1176.27,9.89,130,0
1176.39,9.89,130,0
1176.51,9.89,130,0
1176.63,9.9,130,0
1176.76,9.87,130,0
1176.88,9.89,130,0
1177.0,9.88,130,0
1177.12,9.89,130,0
1177.24,9.89,130,0
1177.37,9.88,130,0
1177.49,9.89,130,0
1177.61,9.87,130,0
1177.73,9.88,130,0
1177.86,9.89,130,0
1177.98,9.88,130,0
1178.1,9.89,130,0
1178.22,9.88,130,0
1178.34,9.88,130,0
1178.47,9.88,130,0
1178.59,9.87,130,0
1178.71,9.86,130,0
1178.83,9.87,130,0
1178.96,9.88,130,0
1179.08,9.87,130,0
1179.2,9.85,130,0
1179.32,9.88,130,0
1179.44,9.86,130,0
1179.57,9.86,130,0
1179.69,9.87,130,0
1179.81,9.85,130,0
1179.93,9.87,130,0
1180.06,9.87,130,0
1180.18,9.86,130,0
1180.3,9.86,130,0
1180.42,9.87,130,0
1180.55,9.87,130,0
1180.67,9.86,130,0
1180.79,9.86,130,0
1180.91,9.86,130,0
1181.03,9.86,130,0
1181.16,9.85,130,0
1181.28,9.86,130,0
1181.4,9.86,130,0
1181.52,9.84,130,0
1181.65,9.86,130,0
1181.77,9.85,130,0
1181.89,9.85,130,0
1182.01,9.85,130,0
1182.14,9.86,130,0
1182.26,9.86,130,0
1182.38,9.85,130,0
1182.5,9.85,130,0
1182.62,9.85,130,0
1182.75,9.85,130,0
1182.87,9.86,130,0
1182.99,9.86,130,0
1183.11,9.86,130,0
1183.23,9.86,130,0
1183.36,9.86,130,0
1183.48,9.86,130,0
1183.6,9.85,130,0
1183.72,9.86,130,0
1183.85,9.85,130,0
1183.97,9.85,130,0
1184.09,9.86,130,0
1184.21,9.88,130,0
1184.33,9.85,130,0
1184.46,9.85,130,0
1184.58,9.86,130,0
1184.7,9.86,130,0
1184.82,9.85,130,0
1184.95,9.84,130,0
1185.07,9.85,130,0
1185.19,9.86,130,0
1185.31,9.84,130,0
1185.44,9.85,130,0
1185.56,9.86,130,0
1185.68,9.86,130,0
1185.8,9.84,130,0
1185.93,9.85,130,0
1186.05,9.85,130,0
1186.17,9.84,130,0
1186.29,9.85,130,0
1186.41,9.85,130,0
1186.54,9.85,130,0
1186.66,9.85,130,0
1186.78,9.85,130,0
1186.9,9.86,130,0
1187.03,9.86,130,0
1187.15,9.84,130,0
1187.27,9.85,130,0
1187.39,9.85,130,0
1187.51,9.85,130,0
1187.64,9.85,130,0
1187.76,9.85,130,0
1187.88,9.86,130,0
1188.0,9.85,130,0
1188.13,9.85,130,0
1188.25,9.85,130,0
1188.37,9.86,130,0
1188.49,9.86,130,0
1188.61,9.85,130,0
1188.74,9.85,130,0
1188.86,9.85,130,0
1188.98,9.86,130,0
1189.1,9.86,130,0
1189.23,9.84,130,0
1189.35,9.85,130,0
1189.47,9.86,130,0
1189.59,9.85,130,0
1189.71,9.85,130,0
1189.84,9.85,130,0
1189.96,9.85,130,0
1190.08,9.85,130,0
1190.2,9.85,130,0
1190.33,9.86,130,0
1190.45,9.86,130,0
1190.57,9.85,130,0
1190.69,9.84,130,0
1190.81,9.86,130,0
1190.94,9.83,130,0
1191.06,9.85,130,0
1191.18,9.85,130,0
1191.3,9.85,130,0
1191.43,9.84,130,0
1191.55,9.84,130,0
1191.67,9.85,130,0
1191.79,9.84,130,0
1191.92,9.85,130,0
1192.04,9.85,130,0
1192.16,9.84,130,0
1192.28,9.84,130,0
1192.4,9.84,130,0
1192.53,9.85,130,0
1192.65,9.84,130,0
1192.77,9.84,130,0
1192.89,9.84,130,0
1193.02,9.84,130,0
1193.14,9.86,130,0
1193.26,9.84,130,0
1193.38,9.84,130,0
1193.5,9.84,130,0
1193.63,9.84,130,0
1193.75,9.84,130,0
1193.87,9.83,130,0
1193.99,9.84,130,0
1194.12,9.84,130,0
1194.24,9.84,130,0
1194.36,9.83,130,0
1194.48,9.83,130,0
1194.6,9.83,130,0
1194.73,9.83,130,0
1194.85,9.81,130,0
1194.97,9.83,130,0
1195.09,9.83,130,0
1195.22,9.84,130,0
1195.34,9.83,130,0
1195.46,9.83,130,0
1195.58,9.83,130,0
1195.7,9.83,130,0
1195.83,9.83,130,0
1195.95,9.83,130,0
1196.07,9.83,130,0
1196.19,9.82,130,0
1196.32,9.82,130,0
1196.44,9.82,130,0
1196.56,9.82,130,0
1196.68,9.82,130,0
1196.81,9.83,130,0
1196.93,9.81,130,0
1197.05,9.81,130,0
1197.17,9.82,130,0
1197.29,9.81,130,0
1197.42,9.82,130,0
1197.54,9.82,130,0
1197.66,9.82,130,0
1197.78,9.81,130,0
1197.91,9.8,130,0
1198.03,9.82,130,0
1198.15,9.81,130,0
1198.27,9.81,130,0
1198.4,9.81,130,0
1198.52,9.82,130,0
1198.64,9.81,130,0
1198.76,9.81,130,0
1198.88,9.81,130,0
1199.01,9.81,130,0
1199.13,9.81,130,0
1199.25,9.81,130,0
1199.37,9.8,130,0
1199.5,9.8,130,0
1199.62,9.8,130,0
1199.74,9.79,130,0
1199.86,9.81,130,0
1199.98,9.8,130,0
1200.11,9.8,130,0
1200.23,9.78,130,0
1200.35,9.8,130,0
1200.47,9.81,130,0
1200.59,9.8,130,0
1200.72,9.8,130,0
1200.84,9.8,130,0
1200.96,9.79,130,0
1201.08,9.8,130,0
1201.21,9.81,130,0
1201.33,9.8,130,0
1201.45,9.8,130,0
1201.57,9.8,130,0
1201.69,9.8,130,0
1201.82,9.79,130,0
1201.94,9.8,130,0
1202.06,9.8,130,0
1202.19,9.78,130,0
1202.31,9.8,130,0
1202.43,9.79,130,0
1202.55,9.79,130,0
1202.67,9.78,130,0
1202.8,9.79,130,0
1202.92,9.78,130,0
1203.04,9.79,130,0
1203.16,9.8,130,0
1203.28,9.78,130,0
1203.41,9.79,130,0
1203.53,9.79,130,0
1203.65,9.78,130,0
1203.77,9.79,130,0
1203.9,9.78,130,0
1204.02,9.79,130,0
1204.14,9.78,130,0
1204.26,9.78,130,0
1204.39,9.79,130,0
1204.51,9.78,130,0
1204.63,9.78,130,0
1204.75,9.78,130,0
1204.87,9.79,130,0
1205.0,9.78,130,0
1205.12,9.8,130,0
1205.24,9.78,130,0
1205.36,9.78,130,0
1205.48,9.78,130,0
1205.61,9.78,130,0
1205.73,9.78,130,0
1205.85,9.78,130,0
1205.97,9.78,130,0
1206.1,9.77,130,0
1206.22,9.79,130,0
1206.34,9.79,130,0
1206.46,9.78,130,0
1206.59,9.78,130,0
1206.71,9.78,130,0
1206.83,9.77,130,0
1206.95,9.79,130,0
1207.07,9.78,130,0
1207.2,9.78,130,0
1207.32,9.78,130,0
1207.44,9.79,130,0
1207.56,9.78,130,0
1207.69,9.78,130,0
1207.81,9.78,130,0
1207.93,9.78,130,0
1208.05,9.8,130,0
1208.18,9.77,130,0
1208.3,9.78,130,0
1208.42,9.78,130,0
1208.54,9.79,130,0
1208.66,9.77,130,0
1208.79,9.77,130,0
1208.91,9.78,130,0
1209.03,9.77,130,0
1209.15,9.78,130,0
1209.28,9.78,130,0
1209.4,9.78,130,0
1209.52,9.78,130,0
1209.64,9.78,130,0
1209.76,9.78,130,0
1209.89,9.77,130,0
1210.01,9.78,130,0
1210.13,9.77,130,0
1210.25,9.78,130,0
1210.38,9.79,130,0
1210.5,9.78,130,0
1210.62,9.77,130,0
1210.74,9.79,130,0
1210.86,9.78,130,0
1210.99,9.78,130,0
1211.11,9.77,130,0
1211.23,9.78,130,0
1211.35,9.78,130,0
1211.47,9.79,130,0
1211.6,9.78,130,0
1211.72,9.79,130,0
1211.84,9.78,130,0
1211.96,9.77,130,0
1212.09,9.78,130,0
1212.21,9.79,130,0
1212.33,9.79,130,0
1212.45,9.79,130,0
1212.58,9.79,130,0
1212.7,9.76,130,0
1212.82,9.79,130,0
1212.94,9.78,130,0
1213.06,9.78,130,0
1213.19,9.78,130,0
1213.31,9.79,130,0
1213.43,9.78,130,0
1213.55,9.79,130,0
1213.68,9.79,130,0
1213.8,9.78,130,0
1213.92,9.78,130,0
1214.04,9.79,130,0
1214.17,9.78,130,0
1214.29,9.78,130,0
1214.41,9.79,130,0
1214.53,9.79,130,0
1214.65,9.79,130,0
1214.78,9.78,130,0
1214.9,9.78,130,0
1215.02,9.79,130,0
1215.14,9.78,130,0
1215.27,9.79,130,0
1215.39,9.79,130,0
1215.51,9.79,130,0
1215.63,9.78,130,0
1215.76,9.79,130,0
1215.88,9.78,130,0
1216.0,9.79,130,0
1216.12,9.78,130,0
1216.24,9.79,130,0
1216.37,9.78,130,0
1216.49,9.79,130,0
1216.61,9.79,130,0
1216.73,9.79,130,0
1216.85,9.79,130,0
1216.98,9.79,130,0
1217.1,9.8,130,0
1217.22,9.77,130,0
1217.34,9.79,130,0
1217.47,9.79,130,0
1217.59,9.79,130,0
1217.71,9.8,130,0
1217.83,9.79,130,0
1217.95,9.78,130,0
1218.08,9.78,130,0
1218.2,9.79,130,0
1218.32,9.77,130,0
1218.44,9.78,130,0
1218.57,9.79,130,0
1218.69,9.78,130,0
1218.81,9.78,130,0
1218.93,9.78,130,0
1219.06,9.79,130,0
1219.18,9.78,130,0
1219.3,9.78,130,0
1219.42,9.78,130,0
1219.54,9.78,130,0
1219.67,9.79,130,0
1219.79,9.78,130,0
1219.91,9.79,130,0
1220.03,9.78,130,0
1220.16,9.77,130,0
1220.28,9.78,130,0
1220.4,9.78,130,0
1220.52,9.79,130,0
1220.64,9.78,130,0
1220.77,9.78,130,0
1220.89,9.78,130,0
1221.01,9.76,130,0
1221.13,9.78,130,0
1221.26,9.78,130,0
1221.38,9.77,130,0
1221.5,9.78,130,0
1221.62,9.77,130,0
1221.74,9.78,130,0
1221.87,9.78,130,0
1221.99,9.78,130,0
1222.11,9.78,130,0
1222.23,9.78,130,0
1222.35,9.78,130,0
1222.48,9.79,130,0
1222.6,9.78,130,0
1222.72,9.79,130,0
1222.84,9.78,130,0
1222.97,9.78,130,0
1223.09,9.78,130,0
1223.21,9.78,130,0
1223.33,9.78,130,0
1223.46,9.78,130,0
1223.58,9.78,130,0
1223.7,9.76,130,0
1223.82,9.77,130,0
1223.94,9.76,130,0
1224.07,9.78,130,0
1224.19,9.77,130,0
1224.31,9.77,130,0
1224.43,9.78,130,0
1224.56,9.77,130,0
1224.68,9.78,130,0
1224.8,9.78,130,0
1224.92,9.78,130,0
1225.05,9.76,130,0
1225.17,9.77,130,0
1225.29,9.77,130,0
1225.41,9.77,130,0
1225.53,9.77,130,0
1225.66,9.78,130,0
1225.78,9.78,130,0
1225.9,9.79,130,0
1226.02,9.79,130,0
1226.15,9.77,130,0
1226.27,9.77,130,0
1226.39,9.77,130,0
1226.51,9.77,130,0
1226.64,9.77,130,0
1226.76,9.77,130,0
1226.88,9.78,130,0
1227.0,9.77,130,0
1227.12,9.77,130,0
1227.25,9.78,130,0
1227.37,9.77,130,0
1227.49,9.77,130,0
1227.61,9.77,130,0
1227.73,9.78,130,0
1227.86,9.78,130,0
1227.98,9.77,130,0
1228.1,9.78,130,0
1228.22,9.76,130,0
1228.35,9.78,130,0
1228.47,9.78,130,0
1228.59,9.77,130,0
1228.71,9.77,130,0
1228.83,9.77,130,0
1228.96,9.79,130,0
1229.08,9.77,130,0
1229.2,9.77,130,0
1229.32,9.77,130,0
1229.45,9.77,130,0
1229.57,9.77,130,0
1229.69,9.77,130,0
1229.81,9.77,130,0
1229.94,9.76,130,0
1230.06,9.76,130,0
1230.18,9.78,130,0
1230.3,9.75,130,0
1230.43,9.77,130,0
1230.55,9.77,130,0
1230.67,9.76,130,0
1230.79,9.77,130,0
1230.91,9.77,130,0
1231.04,9.77,130,0
1231.16,9.76,130,0
1231.28,9.76,130,0
1231.4,9.76,130,0
1231.52,9.77,130,0
1231.65,9.77,130,0
1231.77,9.77,130,0
1231.89,9.76,130,0
1232.01,9.78,130,0
1232.14,9.76,130,0
1232.26,9.76,130,0
1232.38,9.76,130,0
1232.5,9.77,130,0
1232.63,9.76,130,0
1232.75,9.76,130,0
1232.87,9.75,130,0
1232.99,9.77,130,0
1233.11,9.77,130,0
1233.24,9.76,130,0
1233.36,9.76,130,0
1233.48,9.76,130,0
1233.6,9.76,130,0
1233.72,9.77,130,0
1233.85,9.77,130,0
1233.97,9.76,130,0
1234.09,9.77,130,0
1234.21,9.75,130,0
1234.34,9.77,130,0
1234.46,9.76,130,0
1234.58,9.76,130,0
1234.7,9.76,130,0
1234.83,9.78,130,0
1234.95,9.76,130,0
1235.07,9.76,130,0
1235.19,9.76,130,0
1235.31,9.75,130,0
1235.44,9.76,130,0
1235.56,9.76,130,0
1235.68,9.76,130,0
1235.8,9.76,130,0
1235.93,9.77,130,0
1236.05,9.76,130,0
1236.17,9.76,130,0
1236.29,9.75,130,0
1236.42,9.75,130,0
1236.54,9.76,130,0
1236.66,9.76,130,0
1236.78,9.76,130,0
1236.9,9.76,130,0
1237.03,9.76,130,0
1237.15,9.76,130,0
1237.27,9.76,130,0
1237.39,9.75,130,0
1237.52,9.76,130,0
1237.64,9.75,130,0
1237.76,9.76,130,0
1237.88,9.75,130,0
1238.0,9.77,130,0
1238.13,9.74,130,0
1238.25,9.75,130,0
1238.37,9.75,130,0
1238.49,9.75,130,0
1238.62,9.76,130,0
1238.74,9.75,130,0
1238.86,9.75,130,0
1238.98,9.74,130,0
1239.1,9.74,130,0
1239.23,9.76,130,0
1239.35,9.76,130,0
1239.47,9.75,130,0
1239.59,9.75,130,0
1239.72,9.75,130,0
1239.84,9.75,130,0
1239.96,9.75,130,0
1240.08,9.75,130,0
1240.2,9.75,130,0
1240.33,9.76,130,0
1240.45,9.74,130,0
1240.57,9.75,130,0
1240.69,9.74,130,0
1240.82,9.75,130,0
1240.94,9.75,130,0
1241.06,9.76,130,0
1241.18,9.74,130,0
1241.31,9.75,130,0
1241.43,9.75,130,0
1241.55,9.75,130,0
1241.67,9.74,130,0
1241.8,9.75,130,0
1241.92,9.75,130,0
1242.04,9.73,130,0
1242.16,9.74,130,0
1242.28,9.75,130,0
1242.41,9.73,130,0
1242.53,9.75,130,0
1242.65,9.75,130,0
1242.77,9.74,130,0
1242.9,9.75,130,0
1243.02,9.75,130,0
1243.14,9.75,130,0
1243.26,9.75,130,0
1243.38,9.75,130,0
1243.51,9.74,130,0
1243.63,9.75,130,0
1243.75,9.76,130,0
1243.87,9.76,130,0
1244.0,9.76,130,0
1244.12,9.77,130,0
1244.24,9.75,130,0
1244.36,9.75,130,0
1244.48,9.75,130,0
1244.61,9.77,130,0
1244.73,9.75,130,0
1244.85,9.76,130,0
1244.97,9.76,130,0
1245.09,9.76,130,0
1245.22,9.76,130,0
1245.34,9.76,130,0
1245.46,9.75,130,0
1245.58,9.76,130,0
1245.71,9.76,130,0
1245.83,9.76,130,0
1245.95,9.77,130,0
1246.07,9.78,130,0
1246.2,9.76,130,0
1246.32,9.78,130,0
1246.44,9.77,130,0
1246.56,9.77,130,0
1246.69,9.77,130,0
1246.81,9.77,130,0
1246.93,9.77,130,0
1247.05,9.78,130,0
1247.17,9.78,130,0
1247.3,9.77,130,0
1247.42,9.77,130,0
1247.54,9.77,130,0
1247.66,9.77,130,0
1247.79,9.78,130,0
1247.91,9.76,130,0
1248.03,9.78,130,0
1248.15,9.79,130,0
1248.27,9.78,130,0
1248.4,9.79,130,0
1248.52,9.77,130,0
1248.64,9.78,130,0
1248.76,9.76,130,0
1248.89,9.78,130,0
1249.01,9.78,130,0
1249.13,9.79,130,0
1249.25,9.78,130,0
1249.38,9.79,130,0
1249.5,9.78,130,0
1249.62,9.8,130,0
1249.74,9.79,130,0
1249.86,9.78,130,0
1249.99,9.79,130,0
1250.11,9.78,130,0
1250.23,9.78,130,0
1250.35,9.78,130,0
1250.47,9.79,130,0
1250.6,9.78,130,0
1250.72,9.8,130,0
1250.84,9.77,130,0
1250.96,9.79,130,0
1251.09,9.79,130,0
1251.21,9.8,130,0
1251.33,9.8,130,0
1251.45,9.79,130,0
1251.57,9.8,130,0
1251.7,9.79,130,0
1251.82,9.8,130,0
1251.94,9.8,130,0
1252.06,9.79,130,0
1252.19,9.8,130,0
1252.31,9.79,130,0
1252.43,9.79,130,0
1252.55,9.8,130,0
1252.68,9.8,130,0
1252.8,9.81,130,0
1252.92,9.8,130,0
1253.04,9.81,130,0
1253.16,9.79,130,0
1253.29,9.8,130,0
1253.41,9.8,130,0
1253.53,9.79,130,0
1253.65,9.8,130,0
1253.78,9.81,130,0
1253.9,9.8,130,0
1254.02,9.8,130,0
1254.14,9.81,130,0
1254.26,9.81,130,0
1254.39,9.81,130,0
1254.51,9.82,130,0
1254.63,9.8,130,0
1254.75,9.8,130,0
1254.88,9.81,130,0
1255.0,9.82,130,0
1255.12,9.81,130,0
1255.24,9.81,130,0
1255.36,9.81,130,0
1255.49,9.81,130,0
1255.61,9.81,130,0
1255.73,9.82,130,0
1255.85,9.82,130,0
1255.97,9.8,130,0
1256.1,9.81,130,0
1256.22,9.81,130,0
1256.34,9.81,130,0
1256.46,9.81,130,0
1256.59,9.81,130,0
1256.71,9.8,130,0
1256.83,9.79,130,0
1256.95,9.81,130,0
1257.08,9.81,130,0
1257.2,9.81,130,0
1257.32,9.81,130,0
1257.44,9.81,130,0
1257.56,9.81,130,0
1257.69,9.81,130,0
1257.81,9.81,130,0
1257.93,9.81,130,0
1258.05,9.81,130,0
1258.18,9.81,130,0
1258.3,9.81,130,0
1258.42,9.81,130,0
1258.54,9.81,130,0
1258.67,9.81,130,0
1258.79,9.82,130,0
1258.91,9.81,130,0
1259.03,9.81,130,0
1259.15,9.8,130,0
1259.28,9.81,130,0
1259.4,9.81,130,0
1259.52,9.8,130,0
1259.64,9.81,130,0
1259.77,9.81,130,0
1259.89,9.81,130,0
1260.01,9.81,130,0
1260.13,9.8,130,0
1260.26,9.82,130,0
1260.38,9.8,130,0
1260.5,9.8,130,0
1260.62,9.81,130,0
1260.74,9.79,130,0
1260.87,9.81,130,0
1260.99,9.81,130,0
1261.11,9.8,130,0
1261.23,9.81,130,0
1261.35,9.81,130,0
1261.48,9.8,130,0
1261.6,9.81,130,0
1261.72,9.81,130,0
1261.84,9.8,130,0
1261.97,9.82,130,0
1262.09,9.8,130,0
1262.21,9.8,130,0
1262.33,9.8,130,0
1262.45,9.8,130,0
1262.58,9.81,130,0
1262.7,9.81,130,0
1262.82,9.81,130,0
1262.94,9.8,130,0
1263.07,9.79,130,0
1263.19,9.81,130,0
1263.31,9.8,130,0
1263.43,9.8,130,0
1263.56,9.81,130,0
1263.68,9.8,130,0
1263.8,9.8,130,0
1263.92,9.81,130,0
1264.05,9.81,130,0
1264.17,9.81,130,0
1264.29,9.79,130,0
1264.41,9.8,130,0
1264.53,9.8,130,0
1264.66,9.82,130,0
1264.78,9.81,130,0
1264.9,9.82,130,0
1265.02,9.8,130,0
1265.14,9.8,130,0
1265.27,9.81,130,0
1265.39,9.81,130,0
1265.51,9.81,130,0
1265.63,9.81,130,0
1265.76,9.81,130,0
1265.88,9.81,130,0
1266.0,9.8,130,0
1266.12,9.8,130,0
1266.25,9.82,130,0
1266.37,9.82,130,0
1266.49,9.81,130,0
1266.61,9.81,130,0
1266.73,9.81,130,0
1266.86,9.82,130,0
1266.98,9.82,130,0
1267.1,9.81,130,0
1267.22,9.82,130,0
1267.34,9.81,130,0
1267.47,9.82,130,0
1267.59,9.82,130,0
1267.71,9.82,130,0
1267.83,9.82,130,0
1267.96,9.81,130,0
1268.08,9.82,130,0
1268.2,9.82,130,0
1268.32,9.82,130,0
1268.45,9.82,130,0
1268.57,9.82,130,0
1268.69,9.82,130,0
1268.81,9.81,130,0
1268.93,9.81,130,0
1269.06,9.82,130,0
1269.18,9.81,130,0
1269.3,9.83,130,0
1269.42,9.82,130,0
1269.55,9.82,130,0
1269.67,9.82,130,0
1269.79,9.82,130,0
1269.91,9.83,130,0
1270.04,9.83,130,0
1270.16,9.82,130,0
1270.28,9.83,130,0
1270.4,9.83,130,0
1270.52,9.82,130,0
1270.65,9.83,130,0
1270.77,9.83,130,0
1270.89,9.83,130,0
1271.01,9.84,130,0
1271.14,9.83,130,0
1271.26,9.83,130,0
1271.38,9.82,130,0
1271.5,9.83,130,0
1271.62,9.83,130,0
1271.75,9.82,130,0
1271.87,9.83,130,0
1271.99,9.82,130,0
1272.11,9.83,130,0
1272.24,9.83,130,0
1272.36,9.83,130,0
1272.48,9.83,130,0
1272.6,9.84,130,0
1272.72,9.82,130,0
1272.85,9.84,130,0
1272.97,9.84,130,0
1273.09,9.83,130,0
1273.21,9.82,130,0
1273.34,9.83,130,0
1273.46,9.83,130,0
1273.58,9.82,130,0
1273.7,9.84,130,0
1273.82,9.84,130,0
1273.95,9.83,130,0
1274.07,9.83,130,0
1274.19,9.83,130,0
1274.31,9.83,130,0
1274.44,9.83,130,0
1274.56,9.83,130,0
1274.68,9.82,130,0
1274.8,9.82,130,0
1274.93,9.81,130,0
1275.05,9.82,130,0
1275.17,9.83,130,0
1275.29,9.83,130,0
1275.41,9.81,130,0
1275.54,9.82,130,0
1275.66,9.82,130,0
1275.78,9.83,130,0
1275.9,9.82,130,0
1276.03,9.83,130,0
1276.15,9.83,130,0
1276.27,9.82,130,0
1276.39,9.82,130,0
1276.52,9.82,130,0
1276.64,9.83,130,0
1276.76,9.83,130,0
1276.88,9.83,130,0
1277.0,9.82,130,0
1277.13,9.84,130,0
1277.25,9.82,130,0
1277.37,9.81,130,0
1277.49,9.83,130,0
1277.62,9.82,130,0
1277.74,9.83,130,0
1277.86,9.82,130,0
1277.98,9.81,130,0
1278.1,9.82,130,0
1278.23,9.82,130,0
1278.35,9.82,130,0
1278.47,9.81,130,0
1278.59,9.82,130,0
1278.71,9.81,130,0
1278.84,9.81,130,0
1278.96,9.81,130,0
1279.08,9.82,130,0
1279.2,9.82,130,0
1279.33,9.82,130,0
1279.45,9.81,130,0
1279.57,9.82,130,0
1279.69,9.81,130,0
1279.82,9.82,130,0
1279.94,9.81,130,0
1280.06,9.81,130,0
1280.18,9.82,130,0
1280.31,9.82,130,0
1280.43,9.81,130,0
1280.55,9.81,130,0
1280.67,9.81,130,0
1280.79,9.81,130,0
1280.92,9.83,130,0
1281.04,9.82,130,0
1281.16,9.79,130,0
1281.28,9.82,130,0
1281.41,9.81,130,0
1281.53,9.82,130,0
1281.65,9.82,130,0
1281.77,9.81,130,0
1281.89,9.81,130,0
1282.02,9.81,130,0
1282.14,9.82,130,0
1282.26,9.81,130,0
1282.38,9.81,130,0
1282.51,9.81,130,0
1282.63,9.81,130,0
1282.75,9.81,130,0
1282.87,9.81,130,0
1283.0,9.81,130,0
1283.12,9.81,130,0
1283.24,9.8,130,0
1283.36,9.8,130,0
1283.48,9.81,130,0
1283.61,9.81,130,0
1283.73,9.8,130,0
1283.85,9.81,130,0
1283.97,9.81,130,0
1284.09,9.79,130,0
1284.22,9.83,130,0
1284.34,9.8,130,0
1284.46,9.8,130,0
1284.58,9.81,130,0
1284.71,9.8,130,0
1284.83,9.79,130,0
1284.95,9.81,130,0
1285.07,9.81,130,0
1285.19,9.81,130,0
1285.32,9.8,130,0
1285.44,9.8,130,0
1285.56,9.81,130,0
1285.68,9.8,130,0
1285.81,9.81,130,0
1285.93,9.81,130,0
1286.05,9.8,130,0
1286.17,9.79,130,0
1286.3,9.8,130,0
1286.42,9.8,130,0
1286.54,9.8,130,0
1286.66,9.8,130,0
1286.79,9.81,130,0
1286.91,9.8,130,0
1287.03,9.79,130,0
1287.15,9.81,130,0
1287.27,9.8,130,0
1287.4,9.8,130,0
1287.52,9.81,130,0
1287.64,9.8,130,0
1287.76,9.79,130,0
1287.88,9.8,130,0
1288.01,9.81,130,0
1288.13,9.8,130,0
1288.25,9.8,130,0
1288.37,9.81,130,0
1288.5,9.79,130,0
1288.62,9.8,130,0
1288.74,9.81,130,0
1288.86,9.81,130,0
1288.98,9.79,130,0
1289.11,9.79,130,0
1289.23,9.8,130,0
1289.35,9.8,130,0
1289.47,9.79,130,0
1289.59,9.81,130,0
1289.72,9.8,130,0
1289.84,9.8,130,0
1289.96,9.79,130,0
1290.08,9.8,130,0
1290.21,9.79,130,0
1290.33,9.8,130,0
1290.45,9.8,130,0
1290.57,9.79,130,0
1290.69,9.8,130,0
1290.82,9.78,130,0
1290.94,9.78,130,0
1291.06,9.8,130,0
1291.19,9.8,130,0
1291.31,9.8,130,0
1291.43,9.79,130,0
1291.55,9.78,130,0
1291.67,9.8,130,0
1291.8,9.78,130,0
1291.92,9.78,130,0
1292.04,9.8,130,0
1292.16,9.77,130,0
1292.28,9.8,130,0
1292.41,9.81,130,0
1292.53,9.79,130,0
1292.65,9.8,130,0
1292.77,9.76,130,0
1292.9,9.78,130,0
1293.02,9.8,130,0
1293.14,9.81,130,0
1293.26,9.78,130,0
1293.39,9.78,130,0
1293.51,9.79,130,0
1293.63,9.77,130,0
1293.75,9.79,130,0
1293.87,9.8,130,0
1294.0,9.8,130,0
1294.12,9.8,130,0
1294.24,9.79,130,0
1294.36,9.78,130,0
1294.48,9.78,130,0
1294.61,9.78,130,0
1294.73,9.79,130,0
1294.85,9.78,130,0
1294.97,9.79,130,0
1295.1,9.78,130,0
1295.22,9.79,130,0
1295.34,9.77,130,0
1295.46,9.77,130,0
1295.59,9.77,130,0
1295.71,9.77,130,0
1295.83,9.78,130,0
1295.95,9.78,130,0
1296.07,9.8,130,0
1296.2,9.79,130,0
1296.32,9.78,130,0
1296.44,9.8,130,0
1296.56,9.77,130,0
1296.69,9.77,130,0
1296.81,9.78,130,0
1296.93,9.77,130,0
1297.05,9.78,130,0
1297.18,9.76,130,0
1297.3,9.78,130,0
1297.42,9.79,130,0
1297.54,9.77,130,0
1297.66,9.81,130,0
1297.79,9.77,130,0
1297.91,9.76,130,0
1298.03,9.77,130,0
1298.15,9.78,130,0
1298.28,9.78,130,0
1298.4,9.76,130,0
1298.52,9.78,130,0
1298.64,9.77,130,0
1298.76,9.75,130,0
1298.89,9.77,130,0
1299.01,9.78,130,0
1299.13,9.76,130,0
1299.25,9.77,130,0
1299.38,9.78,130,0
1299.5,9.76,130,0
1299.62,9.76,130,0
1299.74,9.77,130,0
1299.86,9.77,130,0
1299.99,9.77,130,0
1300.11,9.77,130,0
1300.23,9.77,130,0
1300.35,9.77,130,0
1300.47,9.77,130,0
1300.6,9.77,130,0
1300.72,9.78,130,0
1300.84,9.76,130,0
1300.96,9.77,130,0
1301.09,9.77,130,0
1301.21,9.77,130,0
1301.33,9.77,130,0
1301.45,9.76,130,0
1301.57,9.78,130,0
1301.7,9.76,130,0
1301.82,9.75,130,0
1301.94,9.77,130,0
1302.06,9.76,130,0
1302.19,9.77,130,0
1302.31,9.77,130,0
1302.43,9.77,130,0
1302.55,9.75,130,0
1302.68,9.77,130,0
1302.8,9.77,130,0
1302.92,9.77,130,0
1303.04,9.77,130,0
1303.16,9.77,130,0
1303.29,9.77,130,0
1303.41,9.77,130,0
1303.53,9.77,130,0
1303.65,9.77,130,0
1303.78,9.79,130,0
1303.9,9.77,130,0
1304.02,9.77,130,0
1304.14,9.77,130,0
1304.27,9.78,130,0
1304.39,9.76,130,0
1304.51,9.78,130,0
1304.63,9.77,130,0
1304.75,9.77,130,0
1304.88,9.78,130,0
1305.0,9.79,130,0
1305.12,9.78,130,0
1305.24,9.78,130,0
1305.36,9.78,130,0
1305.49,9.76,130,0
1305.61,9.79,130,0
1305.73,9.79,130,0
1305.85,9.8,130,0
1305.98,9.77,130,0
1306.1,9.78,130,0
1306.22,9.78,130,0
1306.34,9.78,130,0
1306.47,9.78,130,0
1306.59,9.78,130,0
1306.71,9.79,130,0
1306.83,9.79,130,0
1306.95,9.78,130,0
1307.08,9.79,130,0
1307.2,9.78,130,0
1307.32,9.79,130,0
1307.44,9.78,130,0
1307.57,9.78,130,0
1307.69,9.78,130,0
1307.81,9.79,130,0
1307.93,9.79,130,0
1308.06,9.79,130,0
1308.18,9.78,130,0
1308.3,9.78,130,0
1308.42,9.79,130,0
1308.54,9.78,130,0
1308.67,9.79,130,0
1308.79,9.8,130,0
1308.91,9.79,130,0
1309.03,9.8,130,0
1309.16,9.79,130,0
1309.28,9.79,130,0
1309.4,9.79,130,0
1309.52,9.79,130,0
1309.64,9.79,130,0
1309.77,9.81,130,0
1309.89,9.79,130,0
1310.01,9.79,130,0
1310.13,9.78,130,0
1310.26,9.8,130,0
1310.38,9.8,130,0
1310.5,9.78,130,0
1310.62,9.79,130,0
1310.74,9.79,130,0
1310.87,9.79,130,0
1310.99,9.79,130,0
1311.11,9.79,130,0
1311.23,9.79,130,0
1311.35,9.8,130,0
1311.48,9.8,130,0
1311.6,9.8,130,0
1311.72,9.79,130,0
1311.84,9.79,130,0
1311.97,9.8,130,0
1312.09,9.79,130,0
1312.21,9.79,130,0
1312.33,9.8,130,0
1312.45,9.79,130,0
1312.58,9.81,130,0
1312.7,9.79,130,0
1312.82,9.79,130,0
1312.94,9.79,130,0
1313.07,9.78,130,0
1313.19,9.81,130,0
1313.31,9.79,130,0
1313.43,9.79,130,0
1313.56,9.79,130,0
1313.68,9.78,130,0
1313.8,9.79,130,0
1313.92,9.78,130,0
1314.04,9.79,130,0
1314.17,9.8,130,0
1314.29,9.78,130,0
1314.41,9.78,130,0
1314.53,9.79,130,0
1314.66,9.8,130,0
1314.78,9.79,130,0
1314.9,9.79,130,0
1315.02,9.79,130,0
1315.15,9.79,130,0
1315.27,9.78,130,0
1315.39,9.79,130,0
1315.51,9.77,130,0
1315.63,9.79,130,0
1315.76,9.78,130,0
1315.88,9.78,130,0
1316.0,9.79,130,0
1316.12,9.79,130,0
1316.25,9.79,130,0
1316.37,9.77,130,0
1316.49,9.78,130,0
1316.61,9.78,130,0
1316.73,9.78,130,0
1316.86,9.78,130,0
1316.98,9.78,130,0
1317.1,9.79,130,0
1317.22,9.78,130,0
1317.35,9.79,130,0
1317.47,9.78,130,0
1317.59,9.79,130,0
1317.71,9.79,130,0
1317.83,9.78,130,0
1317.96,9.79,130,0
1318.08,9.78,130,0
1318.2,9.8,130,0
1318.32,9.79,130,0
1318.45,9.79,130,0
1318.57,9.79,130,0
1318.69,9.79,130,0
1318.81,9.78,130,0
1318.94,9.78,130,0
1319.06,9.78,130,0
1319.18,9.78,130,0
1319.3,9.78,130,0
1319.42,9.78,130,0
1319.55,9.79,130,0
1319.67,9.78,130,0
1319.79,9.78,130,0
1319.91,9.77,130,0
1320.04,9.78,130,0
1320.16,9.78,130,0
1320.28,9.78,130,0
1320.4,9.78,130,0
1320.52,9.78,130,0
1320.65,9.79,130,0
1320.77,9.79,130,0
1320.89,9.78,130,0
1321.01,9.79,130,0
1321.14,9.79,130,0
1321.26,9.78,130,0
1321.38,9.79,130,0
1321.5,9.8,130,0
1321.62,9.78,130,0
1321.75,9.78,130,0
1321.87,9.78,130,0
1321.99,9.78,130,0
1322.11,9.77,130,0
1322.23,9.78,130,0
1322.36,9.78,130,0
1322.48,9.78,130,0
1322.6,9.78,130,0
1322.72,9.77,130,0
1322.85,9.79,130,0
1322.97,9.79,130,0
1323.09,9.79,130,0
1323.21,9.78,130,0
1323.34,9.79,130,0
1323.46,9.78,130,0
1323.58,9.78,130,0
1323.7,9.78,130,0
1323.82,9.79,130,0
1323.95,9.78,130,0
1324.07,9.78,130,0
1324.19,9.79,130,0
1324.31,9.79,130,0
1324.44,9.79,130,0
1324.56,9.78,130,0
1324.68,9.78,130,0
1324.8,9.77,130,0
1324.93,9.77,130,0
1325.05,9.78,130,0
1325.17,9.79,130,0
1325.29,9.78,130,0
1325.41,9.77,130,0
1325.54,9.78,130,0
1325.66,9.78,130,0
1325.78,9.8,130,0
1325.9,9.78,130,0
1326.03,9.79,130,0
1326.15,9.78,130,0
1326.27,9.77,130,0
1326.39,9.78,130,0
1326.52,9.78,130,0
1326.64,9.78,130,0
1326.76,9.79,130,0
1326.88,9.79,130,0
1327.0,9.78,130,0
1327.13,9.79,130,0
1327.25,9.78,130,0
1327.37,9.79,130,0
1327.49,9.79,130,0
1327.61,9.79,130,0
1327.74,9.78,130,0
1327.86,9.78,130,0
1327.98,9.78,130,0
1328.1,9.78,130,0
1328.23,9.79,130,0
1328.35,9.78,130,0
1328.47,9.79,130,0
1328.59,9.79,130,0
1328.71,9.78,130,0
1328.84,9.79,130,0
1328.96,9.79,130,0
1329.08,9.79,130,0
1329.2,9.79,130,0
1329.33,9.8,130,0
1329.45,9.78,130,0
1329.57,9.8,130,0
1329.69,9.8,130,0
1329.81,9.79,130,0
1329.94,9.8,130,0
1330.06,9.82,130,0
1330.18,9.8,130,0
1330.3,9.82,130,0
1330.43,9.8,130,0
1330.55,9.81,130,0
1330.67,9.8,130,0
1330.79,9.8,130,0
1330.92,9.8,130,0
1331.04,9.8,130,0
1331.16,9.81,130,0
1331.28,9.81,130,0
1331.4,9.8,130,0
1331.53,9.8,130,0
1331.65,9.81,130,0
1331.77,9.81,130,0
1331.89,9.81,130,0
1332.02,9.82,130,0
1332.14,9.81,130,0
1332.26,9.8,130,0
1332.38,9.8,130,0
1332.5,9.82,130,0
1332.63,9.82,130,0
1332.75,9.81,130,0
1332.87,9.81,130,0
1332.99,9.81,130,0
1333.11,9.81,130,0
1333.24,9.82,130,0
1333.36,9.82,130,0
1333.48,9.81,130,0
1333.6,9.81,130,0
1333.73,9.8,130,0
1333.85,9.82,130,0
1333.97,9.81,130,0
1334.09,9.81,130,0
1334.21,9.8,130,0
1334.34,9.81,130,0
1334.46,9.81,130,0
1334.58,9.8,130,0
1334.7,9.8,130,0
1334.83,9.81,130,0
1334.95,9.82,130,0
1335.07,9.81,130,0
1335.19,9.8,130,0
1335.32,9.82,130,0
1335.44,9.82,130,0
1335.56,9.82,130,0
1335.68,9.81,130,0
1335.81,9.82,130,0
1335.93,9.8,130,0
1336.05,9.82,130,0
1336.17,9.81,130,0
1336.29,9.81,130,0
1336.42,9.83,130,0
1336.54,9.81,130,0
1336.66,9.81,130,0
1336.78,9.81,130,0
1336.91,9.8,130,0
1337.03,9.8,130,0
1337.15,9.81,130,0
1337.27,9.81,130,0
1337.4,9.8,130,0
1337.52,9.79,130,0
1337.64,9.82,130,0
1337.76,9.8,130,0
1337.88,9.8,130,0
1338.01,9.81,130,0
1338.13,9.81,130,0
1338.25,9.8,130,0
1338.37,9.8,130,0
1338.49,9.81,130,0
1338.62,9.8,130,0
1338.74,9.81,130,0
1338.86,9.8,130,0
1338.98,9.81,130,0
1339.11,9.8,130,0
1339.23,9.8,130,0
1339.35,9.8,130,0
1339.47,9.81,130,0
1339.59,9.8,130,0
1339.72,9.8,130,0
1339.84,9.79,130,0
1339.96,9.8,130,0
1340.08,9.81,130,0
1340.21,9.79,130,0
1340.33,9.79,130,0
1340.45,9.8,130,0
1340.57,9.8,130,0
1340.69,9.79,130,0
1340.82,9.8,130,0
1340.94,9.79,130,0
1341.06,9.8,130,0
1341.18,9.8,130,0
1341.31,9.81,130,0
1341.43,9.81,130,0
1341.55,9.8,130,0
1341.67,9.79,130,0
1341.8,9.79,130,0
1341.92,9.79,130,0
1342.04,9.8,130,0
1342.16,9.8,130,0
1342.28,9.81,130,0
1342.41,9.79,130,0
1342.53,9.8,130,0
1342.65,9.79,130,0
1342.77,9.8,130,0
1342.9,9.78,130,0
1343.02,9.8,130,0
1343.14,9.78,130,0
1343.26,9.79,130,0
1343.38,9.79,130,0
1343.51,9.8,130,0
1343.63,9.79,130,0
1343.75,9.79,130,0
1343.87,9.8,130,0
1344.0,9.78,130,0
1344.12,9.8,130,0
1344.24,9.79,130,0
1344.36,9.8,130,0
1344.48,9.8,130,0
1344.61,9.78,130,0
1344.73,9.79,130,0
1344.85,9.79,130,0
1344.97,9.79,130,0
1345.09,9.81,130,0
1345.22,9.8,130,0
1345.34,9.81,130,0
1345.46,9.79,130,0
1345.58,9.79,130,0
1345.71,9.79,130,0
1345.83,9.78,130,0
1345.95,9.8,130,0
1346.07,9.79,130,0
1346.19,9.79,130,0
1346.32,9.81,130,0
1346.44,9.79,130,0
1346.56,9.79,130,0
1346.68,9.8,130,0
1346.81,9.78,130,0
1346.93,9.79,130,0
1347.05,9.79,130,0
1347.17,9.79,130,0
1347.3,9.79,130,0
1347.42,9.79,130,0
1347.54,9.79,130,0
1347.66,9.79,130,0
1347.78,9.79,130,0
1347.91,9.79,130,0
1348.03,9.8,130,0
1348.15,9.79,130,0
1348.27,9.79,130,0
1348.4,9.79,130,0
1348.52,9.78,130,0
1348.64,9.79,130,0
1348.76,9.78,130,0
1348.89,9.78,130,0
1349.01,9.78,130,0
1349.13,9.78,130,0
1349.25,9.79,130,0
1349.37,9.78,130,0
1349.5,9.78,130,0
1349.62,9.78,130,0
1349.74,9.78,130,0
1349.86,9.78,130,0
1349.98,9.78,130,0
1350.11,9.79,130,0
1350.23,9.78,130,0
1350.35,9.77,130,0
1350.47,9.78,130,0
1350.6,9.79,130,0
1350.72,9.78,130,0
1350.84,9.78,130,0
1350.96,9.79,130,0
1351.09,9.78,130,0
1351.21,9.78,130,0
1351.33,9.78,130,0
1351.45,9.77,130,0
1351.57,9.77,130,0
1351.7,9.78,130,0
1351.82,9.79,130,0
1351.94,9.77,130,0
1352.06,9.76,130,0
1352.19,9.77,130,0
1352.31,9.78,130,0
1352.43,9.77,130,0
1352.55,9.76,130,0
1352.68,9.77,130,0
1352.8,9.77,130,0
1352.92,9.78,130,0
1353.04,9.77,130,0
1353.16,9.77,130,0
1353.29,9.77,130,0
1353.41,9.77,130,0
1353.53,9.77,130,0
1353.65,9.77,130,0
1353.78,9.77,130,0
1353.9,9.77,130,0
1354.02,9.77,130,0
1354.14,9.76,130,0
1354.26,9.77,130,0
1354.39,9.76,130,0
1354.51,9.76,130,0
1354.63,9.76,130,0
1354.75,9.76,130,0
1354.88,9.77,130,0
1355.0,9.77,130,0
1355.12,9.76,130,0
1355.24,9.76,130,0
1355.36,9.77,130,0
1355.49,9.76,130,0
1355.61,9.76,130,0
1355.73,9.77,130,0
1355.85,9.77,130,0
1355.97,9.76,130,0
1356.1,9.76,130,0
1356.22,9.77,130,0
1356.34,9.75,130,0
1356.46,9.76,130,0
1356.59,9.75,130,0
1356.71,9.76,130,0
1356.83,9.77,130,0
1356.95,9.76,130,0
1357.08,9.77,130,0
1357.2,9.78,130,0
1357.32,9.76,130,0
1357.44,9.76,130,0
1357.56,9.76,130,0
1357.69,9.77,130,0
1357.81,9.76,130,0
1357.93,9.76,130,0
1358.05,9.75,130,0
1358.18,9.76,130,0
1358.3,9.77,130,0
1358.42,9.76,130,0
1358.54,9.77,130,0
1358.67,9.77,130,0
1358.79,9.76,130,0
1358.91,9.76,130,0
1359.03,9.77,130,0
1359.15,9.76,130,0
1359.28,9.77,130,0
1359.4,9.77,130,0
1359.52,9.77,130,0
1359.64,9.77,130,0
1359.77,9.78,130,0
1359.89,9.77,130,0
1360.01,9.76,130,0
1360.13,9.76,130,0
1360.25,9.77,130,0
1360.38,9.77,130,0
1360.5,9.78,130,0
1360.62,9.76,130,0
1360.74,9.77,130,0
1360.87,9.77,130,0
1360.99,9.76,130,0
1361.11,9.77,130,0
1361.23,9.77,130,0
1361.35,9.77,130,0
1361.48,9.77,130,0
1361.6,9.77,130,0
1361.72,9.76,130,0
1361.84,9.77,130,0
1361.97,9.76,130,0
1362.09,9.77,130,0
1362.21,9.78,130,0
1362.33,9.75,130,0
1362.45,9.76,130,0
1362.58,9.77,130,0
1362.7,9.77,130,0
1362.82,9.77,130,0
1362.94,9.77,130,0
1363.07,9.78,130,0
1363.19,9.77,130,0
1363.31,9.77,130,0
1363.43,9.77,130,0
1363.56,9.76,130,0
1363.68,9.77,130,0
1363.8,9.77,130,0
1363.92,9.77,130,0
1364.04,9.77,130,0
1364.17,9.75,130,0
1364.29,9.77,130,0
1364.41,9.76,130,0
1364.53,9.76,130,0
1364.66,9.76,130,0
1364.78,9.76,130,0
1364.9,9.77,130,0
1365.02,9.77,130,0
1365.14,9.77,130,0
1365.27,9.77,130,0
1365.39,9.77,130,0
1365.51,9.78,130,0
1365.63,9.77,130,0
1365.76,9.77,130,0
1365.88,9.78,130,0
1366.0,9.77,130,0
1366.12,9.77,130,0
1366.25,9.77,130,0
1366.37,9.77,130,0
1366.49,9.77,130,0
1366.61,9.78,130,0
1366.73,9.77,130,0
1366.86,9.77,130,0
1366.98,9.77,130,0
1367.1,9.78,130,0
1367.22,9.76,130,0
1367.34,9.78,130,0
1367.47,9.78,130,0
1367.59,9.77,130,0
1367.71,9.79,130,0
1367.83,9.77,130,0
1367.96,9.78,130,0
1368.08,9.79,130,0
1368.2,9.79,130,0
1368.32,9.79,130,0
1368.44,9.79,130,0
1368.57,9.79,130,0
1368.69,9.78,130,0
1368.81,9.79,130,0
1368.93,9.79,130,0
1369.06,9.8,130,0
1369.18,9.78,130,0
1369.3,9.78,130,0
1369.42,9.78,130,0
1369.55,9.78,130,0
1369.67,9.79,130,0
1369.79,9.79,130,0
1369.91,9.79,130,0
1370.04,9.78,130,0
1370.16,9.79,130,0
1370.28,9.79,130,0
1370.4,9.79,130,0
1370.52,9.79,130,0
1370.65,9.79,130,0
1370.77,9.79,130,0
1370.89,9.8,130,0
1371.01,9.8,130,0
1371.13,9.79,130,0
1371.26,9.79,130,0
1371.38,9.79,130,0
1371.5,9.8,130,0
1371.62,9.81,130,0
1371.75,9.8,130,0
1371.87,9.79,130,0
1371.99,9.8,130,0
1372.11,9.8,130,0
1372.23,9.78,130,0
1372.36,9.79,130,0
1372.48,9.79,130,0
1372.6,9.79,130,0
1372.72,9.79,130,0
1372.85,9.8,130,0
1372.97,9.78,130,0
1373.09,9.79,130,0
1373.21,9.8,130,0
1373.33,9.78,130,0
1373.46,9.79,130,0
1373.58,9.79,130,0
1373.7,9.78,130,0
1373.82,9.79,130,0
1373.95,9.78,130,0
1374.07,9.79,130,0
1374.19,9.79,130,0
1374.31,9.78,130,0
1374.44,9.78,130,0
1374.56,9.79,130,0
1374.68,9.79,130,0
1374.8,9.79,130,0
1374.92,9.8,130,0
1375.05,9.78,130,0
1375.17,9.81,130,0
1375.29,9.79,130,0
1375.41,9.79,130,0
1375.54,9.79,130,0
1375.66,9.79,130,0
1375.78,9.78,130,0
1375.9,9.76,130,0
1376.02,9.78,130,0
1376.15,9.76,130,0
1376.27,9.79,130,0
1376.39,9.78,130,0
1376.51,9.78,130,0
1376.64,9.79,130,0
1376.76,9.77,130,0
1376.88,9.77,130,0
1377.0,9.77,130,0
1377.13,9.78,130,0
1377.25,9.78,130,0
1377.37,9.77,130,0
1377.49,9.77,130,0
1377.61,9.78,130,0
1377.74,9.78,130,0
1377.86,9.78,130,0
1377.98,9.79,130,0
1378.1,9.77,130,0
1378.22,9.77,130,0
1378.35,9.77,130,0
1378.47,9.77,130,0
1378.59,9.77,130,0
1378.71,9.76,130,0
1378.84,9.77,130,0
1378.96,9.77,130,0
1379.08,9.74,130,0
1379.2,9.76,130,0
1379.32,9.76,130,0
1379.45,9.77,130,0
1379.57,9.77,130,0
1379.69,9.77,130,0
1379.81,9.77,130,0
1379.94,9.76,130,0
1380.06,9.75,130,0
1380.18,9.76,130,0
1380.3,9.76,130,0
1380.43,9.76,130,0
1380.55,9.76,130,0
1380.67,9.75,130,0
1380.79,9.77,130,0
1380.92,9.76,130,0
1381.04,9.77,130,0
1381.16,9.76,130,0
1381.28,9.75,130,0
1381.4,9.76,130,0
1381.53,9.75,130,0
1381.65,9.75,130,0
1381.77,9.76,130,0
1381.89,9.75,130,0
1382.01,9.75,130,0
1382.14,9.77,130,0
1382.26,9.74,130,0
1382.38,9.75,130,0
1382.5,9.76,130,0
1382.63,9.75,130,0
1382.75,9.75,130,0
1382.87,9.75,130,0
1382.99,9.74,130,0
1383.11,9.75,130,0
1383.24,9.75,130,0
1383.36,9.74,130,0
1383.48,9.75,130,0
1383.6,9.75,130,0
1383.73,9.75,130,0
1383.85,9.75,130,0
1383.97,9.74,130,0
1384.09,9.76,130,0
1384.21,9.73,130,0
1384.34,9.74,130,0
1384.46,9.74,130,0
1384.58,9.75,130,0
1384.7,9.74,130,0
1384.83,9.73,130,0
1384.95,9.74,130,0
1385.07,9.74,130,0
1385.19,9.76,130,0
1385.32,9.74,130,0
1385.44,9.75,130,0
1385.56,9.74,130,0
1385.68,9.73,130,0
1385.8,9.73,130,0
1385.93,9.74,130,0
1386.05,9.74,130,0
1386.17,9.73,130,0
1386.29,9.74,130,0
1386.42,9.75,130,0
1386.54,9.74,130,0
1386.66,9.74,130,0
1386.78,9.74,130,0
1386.91,9.75,130,0
1387.03,9.74,130,0
1387.15,9.74,130,0
1387.27,9.74,130,0
1387.39,9.74,130,0
1387.52,9.73,130,0
1387.64,9.75,130,0
1387.76,9.74,130,0
1387.88,9.74,130,0
1388.01,9.73,130,0
1388.13,9.74,130,0
1388.25,9.74,130,0
1388.37,9.74,130,0
1388.49,9.74,130,0
1388.62,9.75,130,0
1388.74,9.73,130,0
1388.86,9.74,130,0
1388.98,9.74,130,0
1389.11,9.73,130,0
1389.23,9.74,130,0
1389.35,9.74,130,0
1389.47,9.74,130,0
1389.59,9.74,130,0
1389.72,9.74,130,0
1389.84,9.75,130,0
1389.96,9.74,130,0
1390.08,9.73,130,0
1390.2,9.73,130,0
1390.33,9.74,130,0
1390.45,9.74,130,0
1390.57,9.73,130,0
1390.69,9.75,130,0
1390.82,9.73,130,0
1390.94,9.74,130,0
1391.06,9.74,130,0
1391.18,9.74,130,0
1391.31,9.73,130,0
1391.43,9.74,130,0
1391.55,9.74,130,0
1391.67,9.74,130,0
1391.8,9.75,130,0
1391.92,9.75,130,0
1392.04,9.74,130,0
1392.16,9.73,130,0
1392.28,9.75,130,0
1392.41,9.75,130,0
1392.53,9.75,130,0
1392.65,9.75,130,0
1392.77,9.74,130,0
1392.9,9.76,130,0
1393.02,9.75,130,0
1393.14,9.77,130,0
1393.26,9.74,130,0
1393.38,9.75,130,0
1393.51,9.75,130,0
1393.63,9.75,130,0
1393.75,9.75,130,0
1393.87,9.73,130,0
1394.0,9.74,130,0
1394.12,9.75,130,0
1394.24,9.75,130,0
1394.36,9.75,130,0
1394.48,9.75,130,0
1394.61,9.75,130,0
1394.73,9.74,130,0
1394.85,9.75,130,0
1394.97,9.75,130,0
1395.1,9.75,130,0
1395.22,9.75,130,0
1395.34,9.75,130,0
1395.46,9.75,130,0
1395.59,9.74,130,0
1395.71,9.75,130,0
1395.83,9.76,130,0
1395.95,9.75,130,0
1396.07,9.75,130,0
1396.2,9.77,130,0
1396.32,9.75,130,0
1396.44,9.75,130,0
1396.56,9.76,130,0
1396.69,9.76,130,0
1396.81,9.75,130,0
1396.93,9.75,130,0
1397.05,9.74,130,0
1397.18,9.76,130,0
1397.3,9.75,130,0
1397.42,9.75,130,0
1397.54,9.75,130,0
1397.66,9.75,130,0
1397.79,9.76,130,0
1397.91,9.76,130,0
1398.03,9.76,130,0
1398.15,9.75,130,0
1398.28,9.75,130,0
1398.4,9.75,130,0
1398.52,9.76,130,0
1398.64,9.76,130,0
1398.76,9.75,130,0
1398.89,9.77,130,0
1399.01,9.76,130,0
1399.13,9.75,130,0
1399.25,9.76,130,0
1399.38,9.76,130,0
1399.5,9.76,130,0
1399.62,9.77,130,0
1399.74,9.76,130,0
1399.86,9.76,130,0
1399.99,9.75,130,0
1400.11,9.76,130,0
1400.23,9.76,130,0
1400.35,9.77,130,0
1400.47,9.76,130,0
1400.6,9.76,130,0
1400.72,9.77,130,0
1400.84,9.76,130,0
1400.96,9.76,130,0
1401.09,9.77,130,0
1401.21,9.75,130,0
1401.33,9.76,130,0
1401.45,9.77,130,0
1401.58,9.77,130,0
1401.7,9.77,130,0
1401.82,9.78,130,0
1401.94,9.77,130,0
1402.06,9.76,130,0
1402.19,9.77,130,0
1402.31,9.77,130,0
1402.43,9.77,130,0
1402.55,9.76,130,0
1402.68,9.77,130,0
1402.8,9.77,130,0
1402.92,9.76,130,0
1403.04,9.76,130,0
1403.17,9.78,130,0
1403.29,9.78,130,0
1403.41,9.78,130,0
1403.53,9.77,130,0
1403.65,9.78,130,0
1403.78,9.77,130,0
1403.9,9.77,130,0
1404.02,9.77,130,0
1404.14,9.77,130,0
1404.27,9.77,130,0
1404.39,9.78,130,0
1404.51,9.77,130,0
1404.63,9.78,130,0
1404.75,9.78,130,0
1404.88,9.77,130,0
1405.0,9.77,130,0
1405.12,9.78,130,0
1405.24,9.77,130,0
1405.37,9.77,130,0
1405.49,9.78,130,0
1405.61,9.77,130,0
1405.73,9.78,130,0
1405.85,9.78,130,0
1405.98,9.78,130,0
1406.1,9.78,130,0
1406.22,9.77,130,0
1406.34,9.78,130,0
1406.47,9.78,130,0
1406.59,9.77,130,0
1406.71,9.78,130,0
1406.83,9.78,130,0
1406.95,9.78,130,0
1407.08,9.79,130,0
1407.2,9.77,130,0
1407.32,9.79,130,0
1407.44,9.78,130,0
1407.57,9.78,130,0
1407.69,9.79,130,0
1407.81,9.78,130,0
1407.93,9.77,130,0
1408.06,9.77,130,0
1408.18,9.77,130,0
1408.3,9.78,130,0
1408.42,9.77,130,0
1408.54,9.77,130,0
1408.67,9.78,130,0
1408.79,9.78,130,0
1408.91,9.78,130,0
1409.03,9.77,130,0
1409.16,9.78,130,0
1409.28,9.77,130,0
1409.4,9.78,130,0
1409.52,9.77,130,0
1409.64,9.78,130,0
1409.77,9.77,130,0
1409.89,9.77,130,0
1410.01,9.78,130,0
1410.13,9.77,130,0
1410.26,9.78,130,0
1410.38,9.77,130,0
1410.5,9.78,130,0
1410.62,9.77,130,0
1410.75,9.77,130,0
1410.87,9.79,130,0
1410.99,9.77,130,0
1411.11,9.79,130,0
1411.23,9.77,130,0
1411.36,9.77,130,0
1411.48,9.77,130,0
1411.6,9.78,130,0
1411.72,9.78,130,0
1411.84,9.77,130,0
1411.97,9.77,130,0
1412.09,9.77,130,0
1412.21,9.78,130,0
1412.33,9.77,130,0
1412.46,9.77,130,0
1412.58,9.77,130,0
1412.7,9.77,130,0
1412.82,9.77,130,0
1412.94,9.77,130,0
1413.07,9.77,130,0
1413.19,9.78,130,0
1413.31,9.77,130,0
1413.43,9.77,130,0
1413.56,9.78,130,0
1413.68,9.77,130,0
1413.8,9.77,130,0
1413.92,9.79,130,0
1414.05,9.77,130,0
1414.17,9.78,130,0
1414.29,9.77,130,0
1414.41,9.77,130,0
1414.54,9.77,130,0
1414.66,9.78,130,0
1414.78,9.77,130,0
1414.9,9.78,130,0
1415.02,9.76,130,0
1415.15,9.79,130,0
1415.27,9.77,130,0
1415.39,9.77,130,0
1415.51,9.77,130,0
1415.63,9.78,130,0
1415.76,9.77,130,0
1415.88,9.77,130,0
1416.0,9.76,130,0
1416.12,9.78,130,0
1416.25,9.78,130,0
1416.37,9.78,130,0
1416.49,9.78,130,0
1416.61,9.77,130,0
1416.73,9.78,130,0
1416.86,9.78,130,0
1416.98,9.77,130,0
1417.1,9.78,130,0
1417.22,9.76,130,0
1417.35,9.77,130,0
1417.47,9.77,130,0
1417.59,9.78,130,0
1417.71,9.77,130,0
1417.83,9.78,130,0
1417.96,9.78,130,0
1418.08,9.77,130,0
1418.2,9.75,130,0
1418.32,9.78,130,0
1418.45,9.76,130,0
1418.57,9.78,130,0
1418.69,9.77,130,0
1418.81,9.77,130,0
1418.94,9.78,130,0
1419.06,9.78,130,0
1419.18,9.77,130,0
1419.3,9.76,130,0
1419.42,9.78,130,0
1419.55,9.77,130,0
1419.67,9.76,130,0
1419.79,9.78,130,0
1419.91,9.77,130,0
1420.04,9.77,130,0
1420.16,9.77,130,0
1420.28,9.76,130,0
1420.4,9.77,130,0
1420.53,9.77,130,0
1420.65,9.77,130,0
1420.77,9.78,130,0
1420.89,9.77,130,0
1421.02,9.76,130,0
1421.14,9.77,130,0
1421.26,9.78,130,0
1421.38,9.77,130,0
1421.5,9.77,130,0
1421.63,9.78,130,0
1421.75,9.75,130,0
1421.87,9.77,130,0
1421.99,9.77,130,0
1422.11,9.77,130,0
1422.24,9.75,130,0
1422.36,9.77,130,0
1422.48,9.76,130,0
1422.6,9.78,130,0
1422.73,9.77,130,0
1422.85,9.76,130,0
1422.97,9.76,130,0
1423.09,9.78,130,0
1423.21,9.77,130,0
1423.34,9.77,130,0
1423.46,9.77,130,0
1423.58,9.75,130,0
1423.7,9.77,130,0
1423.82,9.74,130,0
1423.95,9.78,130,0
1424.07,9.77,130,0
1424.19,9.76,130,0
1424.31,9.77,130,0
1424.44,9.77,130,0
1424.56,9.77,130,0
1424.68,9.77,130,0
1424.8,9.76,130,0
1424.93,9.77,130,0
1425.05,9.78,130,0
1425.17,9.75,130,0
1425.29,9.77,130,0
1425.42,9.78,130,0
1425.54,9.77,130,0
1425.66,9.77,130,0
1425.78,9.77,130,0
1425.9,9.78,130,0
1426.03,9.77,130,0
1426.15,9.79,130,0
1426.27,9.78,130,0
1426.39,9.79,130,0
1426.52,9.76,130,0
1426.64,9.79,130,0
1426.76,9.77,130,0
1426.88,9.77,130,0
1427.0,9.77,130,0
1427.13,9.77,130,0
1427.25,9.78,130,0
1427.37,9.77,130,0
1427.49,9.79,130,0
1427.61,9.77,130,0
1427.74,9.78,130,0
1427.86,9.77,130,0
1427.98,9.8,130,0
1428.1,9.77,130,0
1428.23,9.78,130,0
1428.35,9.76,130,0
1428.47,9.77,130,0
1428.59,9.78,130,0
1428.72,9.79,130,0
1428.84,9.78,130,0
1428.96,9.78,130,0
1429.08,9.79,130,0
1429.2,9.77,130,0
1429.33,9.77,130,0
1429.45,9.79,130,0
1429.57,9.77,130,0
1429.69,9.78,130,0
1429.82,9.78,130,0
1429.94,9.79,130,0
1430.06,9.79,130,0
1430.18,9.79,130,0
1430.31,9.79,130,0
1430.43,9.76,130,0
1430.55,9.78,130,0
1430.67,9.8,130,0
1430.79,9.78,130,0
1430.92,9.8,130,0
1431.04,9.78,130,0
1431.16,9.79,130,0
1431.28,9.79,130,0
1431.41,9.78,130,0
1431.53,9.79,130,0
1431.65,9.8,130,0
1431.77,9.81,130,0
1431.9,9.79,130,0
1432.02,9.8,130,0
1432.14,9.8,130,0
1432.26,9.8,130,0
1432.38,9.8,130,0
1432.51,9.8,130,0
1432.63,9.8,130,0
1432.75,9.78,130,0
1432.87,9.8,130,0
1432.99,9.81,130,0
1433.12,9.8,130,0
1433.24,9.79,130,0
1433.36,9.81,130,0
1433.48,9.8,130,0
1433.61,9.81,130,0
1433.73,9.8,130,0
1433.85,9.8,130,0
1433.97,9.81,130,0
1434.09,9.79,130,0
1434.22,9.81,130,0
1434.34,9.8,130,0
1434.46,9.81,130,0
1434.58,9.8,130,0
1434.7,9.82,130,0
1434.83,9.82,130,0
1434.95,9.81,130,0
1435.07,9.8,130,0
1435.19,9.81,130,0
1435.32,9.82,130,0
1435.44,9.81,130,0
1435.56,9.82,130,0
1435.68,9.82,130,0
1435.81,9.82,130,0
1435.93,9.81,130,0
1436.05,9.82,130,0
1436.17,9.8,130,0
1436.3,9.82,130,0
1436.42,9.82,130,0
1436.54,9.81,130,0
1436.66,9.82,130,0
1436.78,9.82,130,0
1436.91,9.82,130,0
1437.03,9.83,130,0
1437.15,9.82,130,0
1437.27,9.82,130,0
1437.4,9.81,130,0
1437.52,9.82,130,0
1437.64,9.81,130,0
1437.76,9.82,130,0
1437.89,9.83,130,0
1438.01,9.81,130,0
1438.13,9.81,130,0
1438.25,9.82,130,0
1438.37,9.82,130,0
1438.5,9.82,130,0
1438.62,9.83,130,0
1438.74,9.82,130,0
1438.86,9.82,130,0
1438.98,9.82,130,0
1439.11,9.83,130,0
1439.23,9.83,130,0
1439.35,9.83,130,0
1439.47,9.83,130,0
1439.6,9.82,130,0
1439.72,9.81,130,0
1439.84,9.82,130,0
1439.96,9.82,130,0
1440.09,9.83,130,0
1440.21,9.83,130,0
1440.33,9.82,130,0
1440.45,9.82,130,0
1440.57,9.82,130,0
1440.7,9.82,130,0
1440.82,9.82,130,0
1440.94,9.83,130,0
1441.06,9.82,130,0
1441.19,9.82,130,0
1441.31,9.82,130,0
1441.43,9.82,130,0
1441.55,9.83,130,0
1441.68,9.81,130,0
1441.8,9.83,130,0
1441.92,9.81,130,0
1442.04,9.82,130,0
1442.16,9.83,130,0
1442.29,9.82,130,0
1442.41,9.82,130,0
1442.53,9.82,130,0
1442.65,9.82,130,0
1442.78,9.82,130,0
1442.9,9.82,130,0
1443.02,9.83,130,0
1443.14,9.83,130,0
1443.26,9.82,130,0
1443.39,9.82,130,0
1443.51,9.81,130,0
1443.63,9.81,130,0
1443.75,9.83,130,0
1443.88,9.82,130,0
1444.0,9.82,130,0
1444.12,9.82,130,0
1444.24,9.81,130,0
1444.36,9.82,130,0
1444.49,9.81,130,0
1444.61,9.81,130,0
1444.73,9.82,130,0
1444.85,9.82,130,0
1444.98,9.82,130,0
1445.1,9.81,130,0
1445.22,9.79,130,0
1445.34,9.82,130,0
1445.46,9.82,130,0
1445.59,9.82,130,0
1445.71,9.82,130,0
1445.83,9.81,130,0
1445.95,9.81,130,0
1446.08,9.81,130,0
1446.2,9.8,130,0
1446.32,9.82,130,0
1446.44,9.8,130,0
1446.56,9.82,130,0
1446.69,9.8,130,0
1446.81,9.81,130,0
1446.93,9.81,130,0
1447.05,9.81,130,0
1447.18,9.8,130,0
1447.3,9.8,130,0
1447.42,9.8,130,0
1447.54,9.81,130,0
1447.67,9.8,130,0
1447.79,9.8,130,0
1447.91,9.8,130,0
1448.03,9.8,130,0
1448.16,9.81,130,0
1448.28,9.81,130,0
1448.4,9.8,130,0
1448.52,9.79,130,0
1448.64,9.79,130,0
1448.77,9.8,130,0
1448.89,9.79,130,0
1449.01,9.8,130,0
1449.13,9.8,130,0
1449.25,9.81,130,0
1449.38,9.79,130,0
1449.5,9.8,130,0
1449.62,9.8,130,0
1449.74,9.8,130,0
1449.87,9.81,130,0
1449.99,9.79,130,0
1450.11,9.79,130,0
1450.23,9.8,130,0
1450.35,9.79,130,0
1450.48,9.79,130,0
1450.6,9.79,130,0
1450.72,9.77,130,0
1450.84,9.78,130,0
1450.97,9.79,130,0
1451.09,9.81,130,0
1451.21,9.79,130,0
1451.33,9.79,130,0
1451.45,9.79,130,0
1451.58,9.8,130,0
1451.7,9.77,130,0
1451.82,9.79,130,0
1451.94,9.8,130,0
1452.07,9.79,130,0
1452.19,9.8,130,0
1452.31,9.79,130,0
1452.43,9.78,130,0
1452.56,9.78,130,0
1452.68,9.79,130,0
1452.8,9.79,130,0
1452.92,9.79,130,0
1453.04,9.79,130,0
1453.17,9.79,130,0
1453.29,9.79,130,0
1453.41,9.79,130,0
1453.53,9.79,130,0
1453.66,9.79,130,0
1453.78,9.78,130,0
1453.9,9.79,130,0
1454.02,9.79,130,0
1454.14,9.78,130,0
1454.27,9.78,130,0
1454.39,9.79,130,0
1454.51,9.79,130,0
1454.63,9.78,130,0
1454.76,9.79,130,0
1454.88,9.79,130,0
1455.0,9.79,130,0
1455.12,9.8,130,0
1455.25,9.78,130,0
1455.37,9.8,130,0
1455.49,9.79,130,0
1455.61,9.79,130,0
1455.73,9.78,130,0
1455.86,9.79,130,0
1455.98,9.81,130,0
1456.1,9.79,130,0
1456.22,9.79,130,0
1456.34,9.79,130,0
1456.47,9.79,130,0
1456.59,9.79,130,0
1456.71,9.78,130,0
1456.83,9.8,130,0
1456.96,9.77,130,0
1457.08,9.8,130,0
1457.2,9.79,130,0
1457.32,9.8,130,0
1457.44,9.79,130,0
1457.57,9.79,130,0
1457.69,9.78,130,0
1457.81,9.79,130,0
1457.93,9.79,130,0
1458.06,9.77,130,0
1458.18,9.8,130,0
1458.3,9.79,130,0
1458.42,9.78,130,0
1458.55,9.78,130,0
1458.67,9.79,130,0
1458.79,9.78,130,0
1458.91,9.79,130,0
1459.04,9.78,130,0
1459.16,9.78,130,0
1459.28,9.79,130,0
1459.4,9.79,130,0
1459.52,9.77,130,0
1459.65,9.79,130,0
1459.77,9.78,130,0
1459.89,9.78,130,0
1460.01,9.77,130,0
1460.13,9.79,130,0
1460.26,9.78,130,0
1460.38,9.78,130,0
1460.5,9.79,130,0
1460.62,9.78,130,0
1460.75,9.78,130,0
1460.87,9.78,130,0
1460.99,9.77,130,0
1461.11,9.78,130,0
1461.23,9.78,130,0
1461.36,9.78,130,0
1461.48,9.78,130,0
1461.6,9.77,130,0
1461.72,9.78,130,0
1461.85,9.78,130,0
1461.97,9.77,130,0
1462.09,9.77,130,0
1462.21,9.78,130,0
1462.33,9.77,130,0
1462.46,9.77,130,0
1462.58,9.78,130,0
1462.7,9.77,130,0
1462.82,9.77,130,0
1462.95,9.77,130,0
1463.07,9.76,130,0
1463.19,9.77,130,0
1463.31,9.77,130,0
1463.44,9.77,130,0
1463.56,9.77,130,0
1463.68,9.77,130,0
1463.8,9.77,130,0
1463.92,9.77,130,0
1464.05,9.78,130,0
1464.17,9.76,130,0
1464.29,9.77,130,0
1464.41,9.76,130,0
1464.54,9.76,130,0
1464.66,9.77,130,0
1464.78,9.78,130,0
1464.9,9.77,130,0
1465.03,9.78,130,0
1465.15,9.76,130,0
1465.27,9.76,130,0
1465.39,9.76,130,0
1465.51,9.76,130,0
1465.64,9.76,130,0
1465.76,9.76,130,0
1465.88,9.75,130,0
1466.0,9.77,130,0
1466.13,9.76,130,0
1466.25,9.77,130,0
1466.37,9.76,130,0
1466.49,9.76,130,0
1466.61,9.78,130,0
1466.74,9.76,130,0
1466.86,9.77,130,0
1466.98,9.76,130,0
1467.1,9.76,130,0
1467.23,9.76,130,0
1467.35,9.76,130,0
1467.47,9.75,130,0
1467.59,9.76,130,0
1467.71,9.77,130,0
1467.84,9.78,130,0
1467.96,9.76,130,0
1468.08,9.76,130,0
1468.2,9.76,130,0
1468.32,9.76,130,0
1468.45,9.75,130,0
1468.57,9.76,130,0
1468.69,9.76,130,0
1468.81,9.75,130,0
1468.94,9.75,130,0
1469.06,9.78,130,0
1469.18,9.75,130,0
1469.3,9.75,130,0
1469.43,9.77,130,0
1469.55,9.76,130,0
1469.67,9.76,130,0
1469.79,9.77,130,0
1469.92,9.77,130,0
1470.04,9.75,130,0
1470.16,9.74,130,0
1470.28,9.76,130,0
1470.4,9.75,130,0
1470.53,9.76,130,0
1470.65,9.76,130,0
1470.77,9.76,130,0
1470.89,9.78,130,0
1471.02,9.76,130,0
1471.14,9.76,130,0
1471.26,9.75,130,0
1471.38,9.76,130,0
1471.5,9.76,130,0
1471.63,9.77,130,0
1471.75,9.76,130,0
1471.87,9.75,130,0
1471.99,9.76,130,0
1472.11,9.76,130,0
1472.24,9.77,130,0
1472.36,9.76,130,0
1472.48,9.76,130,0
1472.6,9.75,130,0
1472.73,9.76,130,0
1472.85,9.76,130,0
1472.97,9.76,130,0
1473.09,9.77,130,0
1473.22,9.76,130,0
1473.34,9.75,130,0
1473.46,9.75,130,0
1473.58,9.75,130,0
1473.7,9.76,130,0
1473.83,9.75,130,0
1473.95,9.75,130,0
1474.07,9.75,130,0
1474.19,9.76,130,0
1474.32,9.76,130,0
1474.44,9.75,130,0
1474.56,9.75,130,0
1474.68,9.75,130,0
1474.81,9.75,130,0
1474.93,9.75,130,0
1475.05,9.77,130,0
1475.17,9.75,130,0
1475.29,9.75,130,0
1475.42,9.75,130,0
1475.54,9.75,130,0
1475.66,9.75,130,0
1475.78,9.75,130,0
1475.91,9.76,130,0
1476.03,9.76,130,0
1476.15,9.75,130,0
1476.27,9.76,130,0
1476.4,9.75,130,0
1476.52,9.76,130,0
1476.64,9.75,130,0
1476.76,9.75,130,0
1476.88,9.77,130,0
1477.01,9.75,130,0
1477.13,9.75,130,0
1477.25,9.75,130,0
1477.37,9.75,130,0
1477.49,9.75,130,0
1477.62,9.75,130,0
1477.74,9.75,130,0
1477.86,9.73,130,0
1477.98,9.75,130,0
1478.11,9.74,130,0
1478.23,9.75,130,0
1478.35,9.74,130,0
1478.47,9.75,130,0
1478.59,9.75,130,0
1478.72,9.74,130,0
1478.84,9.74,130,0
1478.96,9.75,130,0
1479.08,9.74,130,0
1479.21,9.75,130,0
1479.33,9.75,130,0
1479.45,9.74,130,0
1479.57,9.75,130,0
1479.69,9.76,130,0
1479.82,9.75,130,0
1479.94,9.74,130,0
1480.06,9.75,130,0
1480.18,9.74,130,0
1480.31,9.74,130,0
1480.43,9.75,130,0
1480.55,9.76,130,0
1480.67,9.75,130,0
1480.8,9.75,130,0
1480.92,9.73,130,0
1481.04,9.76,130,0
1481.16,9.74,130,0
1481.28,9.74,130,0
1481.41,9.75,130,0
1481.53,9.74,130,0
1481.65,9.74,130,0
1481.77,9.75,130,0
1481.9,9.75,130,0
1482.02,9.74,130,0
1482.14,9.75,130,0
1482.26,9.74,130,0
1482.39,9.74,130,0
1482.51,9.75,130,0
1482.63,9.74,130,0
1482.75,9.74,130,0
1482.87,9.75,130,0
1483.0,9.74,130,0
1483.12,9.74,130,0
1483.24,9.75,130,0
1483.36,9.75,130,0
1483.48,9.75,130,0
1483.61,9.74,130,0
1483.73,9.74,130,0
1483.85,9.75,130,0
1483.97,9.76,130,0
1484.1,9.75,130,0
1484.22,9.75,130,0
1484.34,9.75,130,0
1484.46,9.76,130,0
1484.58,9.74,130,0
1484.71,9.74,130,0
1484.83,9.75,130,0
1484.95,9.75,130,0
1485.07,9.75,130,0
1485.2,9.75,130,0
1485.32,9.75,130,0
1485.44,9.75,130,0
1485.56,9.75,130,0
1485.69,9.74,130,0
1485.81,9.75,130,0
1485.93,9.75,130,0
1486.05,9.74,130,0
1486.18,9.75,130,0
1486.3,9.75,130,0
1486.42,9.74,130,0
1486.54,9.76,130,0
1486.66,9.74,130,0
1486.79,9.76,130,0
1486.91,9.74,130,0
1487.03,9.76,130,0
1487.15,9.74,130,0
1487.28,9.75,130,0
1487.4,9.74,130,0
1487.52,9.75,130,0
1487.64,9.73,130,0
1487.76,9.75,130,0
0.12,10.2,0,1
0.24,10.27,0,1
0.37,10.33,0,1
0.49,10.4,0,1
0.61,10.47,0,1
0.73,10.53,0,1
0.85,10.6,0,1
0.98,10.67,0,1
1.1,10.75,0,1
1.22,10.82,0,1
1.34,10.89,0,1
1.47,10.96,0,1
1.59,11.04,0,1
1.71,11.11,0,1
1.83,11.19,0,1
1.95,11.26,0,1
2.08,11.34,0,1
2.2,11.41,0,1
2.32,11.48,0,1
2.44,11.55,0,1
2.57,11.62,0,1
2.69,11.69,0,1
2.81,11.76,0,1
2.93,11.82,0,1
3.05,11.9,0,1
3.18,11.97,0,1
3.3,12.03,0,1
3.42,12.1,0,1
3.54,12.17,0,1
3.66,12.24,0,1
3.79,12.31,0,1
3.91,12.37,0,1
4.03,12.44,0,1
4.15,12.51,0,1
4.28,12.57,0,1
4.4,12.63,0,1
4.52,12.7,0,1
4.64,12.76,0,1
4.76,12.83,0,1
4.89,12.88,0,1
5.01,12.95,0,1
5.13,13.01,0,1
5.25,13.07,0,1
5.38,13.13,0,1
5.5,13.19,0,1
5.62,13.25,0,1
5.74,13.31,0,1
5.86,13.37,0,1
5.99,13.43,0,1
6.11,13.48,0,1
6.23,13.55,0,1
6.35,13.6,0,1
6.48,13.66,0,1
6.6,13.71,0,1
6.72,13.77,0,1
6.84,13.83,0,1
6.97,13.88,0,1
7.09,13.94,0,1
7.21,14.0,0,1
7.33,14.05,0,1
7.45,14.1,0,1
7.57,14.15,0,1
7.7,14.2,0,1
7.82,14.26,0,1
7.94,14.31,0,1
8.06,14.36,0,1
8.19,14.41,0,1
8.31,14.46,0,1
8.43,14.51,0,1
8.55,14.56,0,1
8.68,14.61,0,1
8.8,14.67,0,1
8.92,14.72,0,1
9.04,14.76,0,1
9.16,14.81,0,1
9.29,14.86,0,1
9.41,14.91,0,1
9.53,14.96,0,1
9.65,15.01,0,1
9.78,15.06,0,1
9.9,15.11,0,1
10.02,15.15,0,1
10.14,15.19,0,1
10.26,15.25,0,1
10.39,15.29,0,1
10.51,15.34,0,1
10.63,15.38,0,1
10.75,15.43,0,1
10.88,15.47,0,1
11.0,15.52,0,1
11.12,15.56,0,1
11.24,15.6,0,1
11.36,15.65,0,1
11.49,15.69,0,1
11.61,15.74,0,1
11.73,15.78,0,1
11.85,15.83,0,1
11.98,15.87,0,1
12.1,15.91,0,1
12.22,15.95,0,1
12.34,16.0,0,1
12.47,16.04,0,1
12.59,16.08,0,1
12.71,16.13,0,1
12.83,16.17,0,1
12.95,16.21,0,1
13.08,16.26,0,1
13.2,16.3,0,1
13.32,16.34,0,1
13.44,16.38,0,1
13.56,16.42,0,1
13.69,16.46,0,1
13.81,16.5,0,1
13.93,16.54,0,1
14.06,16.58,0,1
14.18,16.62,0,1
14.3,16.66,0,1
14.42,16.69,0,1
14.54,16.73,0,1
14.67,16.78,0,1
14.79,16.82,0,1
14.91,16.85,0,1
15.03,16.89,0,1
15.15,16.93,0,1
15.28,16.97,0,1
15.4,17.01,0,1
15.52,17.05,0,1
15.64,17.09,0,1
15.77,17.13,0,1
15.89,17.17,0,1
16.01,17.21,0,1
16.13,17.25,0,1
16.26,17.28,0,1
16.38,17.32,0,1
16.5,17.36,0,1
16.62,17.4,0,1
16.74,17.44,0,1
16.87,17.48,0,1
16.99,17.51,0,1
17.11,17.55,0,1
17.23,17.59,0,1
17.35,17.62,0,1
17.48,17.66,0,1
17.6,17.7,0,1
17.72,17.73,0,1
17.84,17.77,0,1
17.97,17.8,0,1
18.09,17.84,0,1
18.21,17.88,0,1
18.33,17.91,0,1
18.46,17.95,0,1
18.58,17.98,0,1
18.7,18.02,0,1
18.82,18.06,0,1
18.94,18.09,0,1
19.07,18.12,0,1
19.19,18.16,0,1
19.31,18.2,0,1
19.43,18.23,0,1
19.56,18.26,0,1
19.68,18.3,0,1
19.8,18.33,0,1
19.92,18.37,0,1
20.04,18.4,0,1
20.17,18.44,0,1
20.29,18.48,0,1
20.41,18.51,0,1
20.53,18.54,0,1
20.66,18.58,0,1
20.78,18.61,0,1
20.9,18.65,0,1
21.02,18.68,0,1
21.14,18.71,0,1
21.27,18.75,0,1
21.39,18.78,0,1
21.51,18.82,0,1
21.63,18.85,0,1
21.76,18.88,0,1
21.88,18.91,0,1
22.0,18.95,0,1
22.12,18.98,0,1
22.25,19.01,0,1
22.37,19.05,0,1
22.49,19.08,0,1
22.61,19.11,0,1
22.73,19.14,0,1
22.86,19.18,0,1
22.98,19.21,0,1
23.1,19.24,0,1
23.22,19.27,0,1
23.35,19.3,0,1
23.47,19.34,0,1
23.59,19.37,0,1
23.71,19.4,0,1
23.83,19.43,0,1
23.96,19.47,0,1
24.08,19.49,0,1
24.2,19.53,0,1
24.32,19.56,0,1
24.45,19.59,0,1
24.57,19.63,0,1
24.69,19.66,0,1
24.81,19.69,0,1
24.94,19.72,0,1
25.06,19.75,0,1
25.18,19.79,0,1
25.3,19.81,0,1
25.42,19.85,0,1
25.55,19.88,0,1
25.67,19.91,0,1
25.79,19.94,0,1
25.91,19.97,0,1
26.04,20.0,0,1
26.16,20.04,0,1
26.28,20.07,0,1
26.4,20.09,0,1
26.52,20.12,0,1
26.65,20.16,0,1
26.77,20.19,0,1
26.89,20.22,0,1
27.01,20.25,0,1
27.14,20.28,0,1
27.26,20.31,0,1
27.38,20.33,0,1
27.5,20.37,0,1
27.62,20.39,0,1
27.75,20.43,0,1
27.87,20.46,0,1
27.99,20.49,0,1
28.11,20.51,0,1
28.24,20.55,0,1
28.36,20.58,0,1
28.48,20.61,0,1
28.6,20.63,0,1
28.73,20.67,0,1
28.85,20.69,0,1
28.97,20.72,0,1
29.09,20.75,0,1
29.21,20.78,0,1
29.34,20.81,0,1
29.46,20.84,0,1
29.58,20.87,0,1
29.7,20.9,0,1
29.83,20.93,0,1
29.95,20.96,0,1
30.07,20.98,0,1
30.19,21.02,0,1
30.31,21.04,0,1
30.44,21.07,0,1
30.56,21.1,0,1
30.68,21.13,0,1
30.8,21.15,0,1
30.93,21.18,0,1
31.05,21.21,0,1
31.17,21.24,0,1
31.29,21.27,0,1
31.42,21.3,0,1
31.54,21.32,0,1
31.66,21.35,0,1
31.78,21.38,0,1
31.9,21.4,0,1
32.03,21.43,0,1
32.15,21.46,0,1
32.27,21.49,0,1
32.39,21.51,0,1
32.52,21.54,0,1
32.64,21.57,0,1
32.76,21.6,0,1
32.88,21.63,0,1
33.01,21.65,0,1
33.13,21.68,0,1
33.25,21.7,0,1
33.37,21.73,0,1
33.5,21.76,0,1
33.62,21.79,0,1
33.74,21.81,0,1
33.86,21.84,0,1
33.98,21.87,0,1
34.11,21.89,0,1
34.23,21.92,0,1
34.35,21.95,0,1
34.47,21.97,0,1
34.6,21.99,0,1
34.72,22.03,0,1
34.84,22.05,0,1
34.96,22.08,0,1
35.08,22.1,0,1
35.21,22.13,0,1
35.33,22.16,0,1
35.45,22.19,0,1
35.57,22.21,0,1
35.7,22.24,0,1
35.82,22.26,0,1
35.94,22.29,0,1
36.06,22.32,0,1
36.19,22.34,0,1
36.31,22.37,0,1
36.43,22.39,0,1
36.55,22.42,0,1
36.67,22.44,0,1
36.8,22.47,0,1
36.92,22.49,0,1
37.04,22.52,0,1
37.16,22.54,0,1
37.29,22.57,0,1
37.41,22.59,0,1
37.53,22.61,0,1
37.65,22.64,0,1
37.77,22.66,0,1
37.9,22.69,0,1
38.02,22.71,0,1
38.14,22.74,0,1
38.26,22.76,0,1
38.38,22.79,0,1
38.51,22.81,0,1
38.63,22.83,0,1
38.75,22.86,0,1
38.88,22.88,0,1
39.0,22.91,0,1
39.12,22.93,0,1
39.24,22.95,0,1
39.36,22.98,0,1
39.49,23.0,0,1
39.61,23.02,0,1
39.73,23.05,0,1
39.85,23.08,0,1
39.97,23.1,0,1
40.1,23.12,0,1
40.22,23.15,0,1
40.34,23.17,0,1
40.46,23.19,0,1
40.59,23.21,0,1
40.71,23.24,0,1
40.83,23.26,0,1
40.95,23.28,0,1
41.08,23.31,0,1
41.2,23.33,0,1
41.32,23.36,0,1
41.44,23.38,0,1
41.56,23.4,0,1
41.69,23.43,0,1
41.81,23.45,0,1
41.93,23.47,0,1
42.05,23.49,0,1
42.18,23.51,0,1
42.3,23.54,0,1
42.42,23.56,0,1
42.54,23.59,0,1
42.67,23.61,0,1
42.79,23.63,0,1
42.91,23.65,0,1
43.03,23.67,0,1
43.15,23.7,0,1
43.28,23.72,0,1
43.4,23.74,0,1
43.52,23.76,0,1
43.64,23.79,0,1
43.77,23.81,0,1
43.89,23.82,0,1
44.01,23.85,0,1
44.13,23.87,0,1
44.26,23.89,0,1
44.38,23.91,0,1
44.5,23.94,0,1
44.62,23.96,0,1
44.74,23.98,0,1
44.87,24.0,0,1
44.99,24.03,0,1
45.11,24.05,0,1
45.23,24.07,0,1
45.36,24.09,0,1
45.48,24.11,0,1
45.6,24.13,0,1
45.72,24.15,0,1
45.84,24.17,0,1
45.97,24.2,0,1
46.09,24.22,0,1
46.21,24.24,0,1
46.33,24.26,0,1
46.46,24.28,0,1
46.58,24.3,0,1
46.7,24.32,0,1
46.82,24.35,0,1
46.95,24.37,0,1
47.07,24.39,0,1
47.19,24.41,0,1
47.31,24.43,0,1
47.43,24.45,0,1
47.56,24.47,0,1
47.68,24.49,0,1
47.8,24.52,0,1
47.92,24.54,0,1
48.05,24.56,0,1
48.17,24.57,0,1
48.29,24.6,0,1
48.41,24.62,0,1
48.53,24.64,0,1
48.66,24.66,0,1
48.78,24.68,0,1
48.9,24.7,0,1
49.02,24.72,0,1
49.15,24.74,0,1
49.27,24.76,0,1
49.39,24.78,0,1
49.51,24.8,0,1
49.63,24.82,0,1
49.76,24.85,0,1
49.88,24.87,0,1
50.0,24.88,0,1
50.12,24.9,0,1
50.25,24.92,0,1
50.37,24.95,0,1
50.49,24.97,0,1
50.61,24.98,0,1
50.74,25.01,0,1
50.86,25.02,0,1
50.98,25.04,0,1
51.1,25.07,0,1
51.22,25.08,0,1
51.35,25.1,0,1
51.47,25.12,0,1
51.59,25.15,0,1
51.71,25.16,0,1
51.84,25.18,0,1
51.96,25.2,0,1
52.08,25.22,0,1
52.2,25.24,0,1
52.33,25.26,0,1
52.45,25.28,0,1
52.57,25.3,0,1
52.69,25.32,0,1
52.81,25.34,0,1
52.94,25.36,0,1
53.06,25.37,0,1
53.18,25.4,0,1
53.3,25.42,0,1
53.43,25.43,0,1
53.55,25.45,0,1
53.67,25.47,0,1
53.79,25.49,0,1
53.92,25.51,0,1
54.04,25.53,0,1
54.16,25.55,0,1
54.28,25.57,0,1
54.4,25.59,0,1
54.53,25.61,0,1
54.65,25.63,0,1
54.77,25.64,0,1
54.89,25.66,0,1
55.02,25.68,0,1
55.14,25.69,0,1
55.26,25.71,0,1
55.38,25.73,0,1
55.5,25.75,0,1
55.63,25.77,0,1
55.75,25.79,0,1
55.87,25.81,0,1
55.99,25.82,0,1
56.12,25.84,0,1
56.24,25.86,0,1
56.36,25.88,0,1
56.48,25.9,0,1
56.61,25.91,0,1
56.73,25.94,0,1
56.85,25.95,0,1
56.97,25.97,0,1
57.09,25.99,0,1
57.22,26.01,0,1
57.34,26.02,0,1
57.46,26.04,0,1
57.58,26.06,0,1
57.71,26.08,0,1
57.83,26.09,0,1
57.95,26.11,0,1
58.07,26.13,0,1
58.19,26.15,0,1
58.32,26.17,0,1
58.44,26.18,0,1
58.56,26.2,0,1
58.68,26.22,0,1
58.81,26.23,0,1
58.93,26.25,0,1
59.05,26.27,0,1
59.17,26.28,0,1
59.29,26.3,0,1
59.42,26.32,0,1
59.54,26.33,0,1
59.66,26.35,0,1
59.78,26.37,0,1
59.91,26.38,0,1
60.03,26.4,0,1
60.15,26.42,0,1
60.27,26.43,0,1
60.4,26.45,0,1
60.52,26.47,0,1
60.64,26.49,0,1
60.76,26.5,0,1
60.88,26.52,0,1
61.01,26.53,0,1
61.13,26.55,0,1
61.25,26.57,0,1
61.37,26.58,0,1
61.5,26.6,0,1
61.62,26.62,0,1
61.74,26.64,0,1
61.86,26.65,0,1
61.99,26.67,0,1
62.11,26.69,0,1
62.23,26.7,0,1
62.35,26.72,0,1
62.47,26.73,0,1
62.6,26.75,0,1
62.72,26.77,0,1
62.84,26.78,0,1
62.96,26.8,0,1
63.09,26.82,0,1
63.21,26.83,0,1
63.33,26.84,0,1
63.45,26.86,0,1
63.58,26.88,0,1
63.7,26.89,0,1
63.82,26.91,0,1
63.94,26.93,0,1
64.06,26.94,0,1
64.19,26.96,0,1
64.31,26.97,0,1
64.43,26.99,0,1
64.55,27.01,0,1
64.68,27.02,0,1
64.8,27.04,0,1
64.92,27.06,0,1
65.04,27.07,0,1
65.16,27.08,0,1
65.29,27.1,0,1
65.41,27.11,0,1
65.53,27.13,0,1
65.65,27.15,0,1
65.77,27.16,0,1
65.9,27.18,0,1
66.02,27.19,0,1
66.14,27.21,0,1
66.26,27.22,0,1
66.39,27.24,0,1
66.51,27.25,0,1
66.63,27.27,0,1
66.75,27.29,0,1
66.88,27.3,0,1
67.0,27.31,0,1
67.12,27.33,0,1
67.24,27.35,0,1
67.36,27.36,0,1
67.49,27.37,0,1
67.61,27.4,0,1
67.73,27.4,0,1
67.85,27.42,0,1
67.98,27.43,0,1
68.1,27.45,0,1
68.22,27.46,0,1
68.34,27.47,0,1
68.46,27.49,0,1
68.59,27.51,0,1
68.71,27.52,0,1
68.83,27.53,0,1
68.95,27.55,0,1
69.08,27.55,0,1
69.2,27.57,0,1
69.32,27.59,0,1
69.44,27.6,0,1
69.57,27.62,0,1
69.69,27.63,0,1
69.81,27.65,0,1
69.93,27.66,0,1
70.05,27.68,0,1
70.18,27.69,0,1
70.3,27.7,0,1
70.42,27.72,0,1
70.54,27.73,0,1
70.67,27.74,0,1
70.79,27.75,0,1
70.91,27.77,0,1
71.03,27.79,0,1
71.15,27.8,0,1
71.28,27.82,0,1
71.4,27.83,0,1
71.52,27.84,0,1
71.64,27.85,0,1
71.77,27.87,0,1
71.89,27.88,0,1
72.01,27.9,0,1
72.13,27.92,0,1
72.26,27.93,0,1
72.38,27.94,0,1
72.5,27.96,0,1
72.62,27.96,0,1
72.75,27.99,0,1
72.87,28.0,0,1
72.99,28.01,0,1
73.11,28.01,0,1
73.23,28.03,0,1
73.36,28.05,0,1
73.48,28.06,0,1
73.6,28.07,0,1
73.72,28.09,0,1
73.85,28.1,0,1
73.97,28.11,0,1
74.09,28.12,0,1
74.21,28.14,0,1
74.33,28.16,0,1
74.46,28.17,0,1
74.58,28.18,0,1
74.7,28.2,0,1
74.82,28.2,0,1
74.95,28.23,0,1
75.07,28.23,0,1
75.19,28.25,0,1
75.31,28.26,0,1
75.44,28.27,0,1
75.56,28.28,0,1
75.68,28.3,0,1
75.8,28.31,0,1
75.93,28.32,0,1
76.05,28.34,0,1
76.17,28.35,0,1
76.29,28.36,0,1
76.41,28.38,0,1
76.54,28.4,0,1
76.66,28.41,0,1
76.78,28.41,0,1
76.9,28.44,0,1
77.02,28.44,0,1
77.15,28.47,0,1
77.27,28.49,0,1
77.39,28.47,0,1
77.51,28.5,0,1
77.64,28.51,0,1
77.76,28.49,0,1
77.88,28.54,0,1
78.0,28.55,0,1
78.13,28.56,0,1
78.25,28.58,0,1
78.37,28.58,0,1
78.49,28.59,0,1
78.61,28.6,0,1
78.74,28.62,0,1
78.86,28.63,0,1
78.98,28.64,0,1
79.1,28.65,0,1
79.23,28.67,0,1
79.35,28.68,0,1
79.47,28.69,0,1
79.59,28.7,0,1
79.71,28.71,0,1
79.84,28.73,0,1
79.96,28.74,0,1
80.08,28.75,0,1
80.2,28.76,0,1
80.33,28.77,0,1
80.45,28.79,0,1
80.57,28.8,0,1
80.69,28.81,0,1
80.82,28.82,0,1
80.94,28.83,0,1
81.06,28.85,0,1
81.18,28.86,0,1
81.3,28.87,0,1
81.43,28.88,0,1
81.55,28.9,0,1
81.67,28.9,0,1
81.79,28.91,0,1
81.92,28.93,0,1
82.04,28.94,0,1
82.16,28.95,0,1
82.28,28.96,0,1
82.4,28.98,0,1
82.53,28.99,0,1
82.65,29.0,0,1
82.77,29.01,0,1
82.89,29.03,0,1
83.02,29.03,0,1
83.14,29.05,0,1
83.26,29.06,0,1
83.38,29.07,0,1
83.51,29.08,0,1
83.63,29.09,0,1
83.75,29.1,0,1
83.87,29.12,0,1
84.0,29.13,0,1
84.12,29.14,0,1
84.24,29.14,0,1
84.36,29.17,0,1
84.48,29.17,0,1
84.61,29.19,0,1
84.73,29.19,0,1
84.85,29.21,0,1
84.97,29.22,0,1
85.09,29.23,0,1
85.22,29.24,0,1
85.34,29.25,0,1
85.46,29.27,0,1
85.58,29.28,0,1
85.71,29.29,0,1
85.83,29.3,0,1
85.95,29.31,0,1
86.07,29.32,0,1
86.2,29.33,0,1
86.32,29.35,0,1
86.44,29.35,0,1
86.56,29.36,0,1
86.68,29.37,0,1
86.81,29.38,0,1
86.93,29.4,0,1
87.05,29.4,0,1
87.17,29.41,0,1
87.3,29.44,0,1
87.42,29.44,0,1
87.54,29.45,0,1
87.66,29.46,0,1
87.79,29.47,0,1
87.91,29.48,0,1
88.03,29.5,0,1
88.15,29.51,0,1
88.27,29.52,0,1
88.4,29.53,0,1
88.52,29.54,0,1
88.64,29.55,0,1
88.76,29.56,0,1
88.89,29.57,0,1
89.01,29.59,0,1
89.13,29.6,0,1
89.25,29.6,0,1
89.37,29.61,0,1
89.5,29.62,0,1
89.62,29.63,0,1
89.74,29.65,0,1
89.86,29.66,0,1
89.99,29.67,0,1
90.11,29.68,0,1
90.23,29.68,0,1
90.35,29.7,0,1
90.47,29.71,0,1
90.6,29.72,0,1
90.72,29.73,0,1
90.84,29.74,0,1
90.96,29.75,0,1
91.09,29.76,0,1
91.21,29.77,0,1
91.33,29.78,0,1
91.45,29.79,0,1
91.58,29.8,0,1
91.7,29.81,0,1
91.82,29.82,0,1
91.94,29.83,0,1
92.06,29.84,0,1
92.19,29.85,0,1
92.31,29.86,0,1
92.43,29.87,0,1
92.55,29.88,0,1
92.68,29.89,0,1
92.8,29.91,0,1
92.92,29.91,0,1
93.04,29.92,0,1
93.17,29.93,0,1
93.29,29.94,0,1
93.41,29.95,0,1
93.53,29.96,0,1
93.65,29.97,0,1
93.78,29.98,0,1
93.9,29.99,0,1
94.02,30.0,0,1
94.14,30.0,0,1
94.27,30.02,0,1
94.39,30.03,0,1
94.51,30.04,0,1
94.63,30.05,0,1
94.75,30.05,0,1
94.88,30.07,0,1
95.0,30.07,0,1
95.12,30.09,0,1
95.24,30.09,0,1
95.37,30.1,0,1
95.49,30.11,0,1
95.61,30.12,0,1
95.73,30.13,0,1
95.86,30.13,0,1
95.98,30.15,0,1
96.1,30.16,0,1
96.22,30.17,0,1
96.34,30.17,0,1
96.47,30.18,0,1
96.59,30.19,0,1
96.71,30.21,0,1
96.83,30.21,0,1
96.96,30.22,0,1
97.08,30.23,0,1
97.2,30.25,0,1
97.32,30.25,0,1
97.44,30.26,0,1
97.57,30.27,0,1
97.69,30.28,0,1
97.81,30.29,0,1
97.93,30.3,0,1
98.06,30.3,0,1
98.18,30.31,0,1
98.3,30.33,0,1
98.42,30.34,0,1
98.55,30.35,0,1
98.67,30.35,0,1
98.79,30.36,0,1
98.91,30.37,0,1
99.04,30.38,0,1
99.16,30.39,0,1
99.28,30.39,0,1
99.4,30.41,0,1
99.52,30.41,0,1
99.65,30.42,0,1
99.77,30.43,0,1
99.89,30.44,0,1
100.01,30.45,0,1
100.13,30.46,0,1
100.26,30.47,0,1
100.38,30.48,0,1
100.5,30.48,0,1
100.62,30.49,0,1
100.75,30.5,0,1
100.87,30.51,0,1
100.99,30.52,0,1
101.11,30.53,0,1
101.24,30.54,0,1
101.36,30.55,0,1
101.48,30.56,0,1
101.6,30.56,0,1
101.73,30.57,0,1
101.85,30.58,0,1
101.97,30.59,0,1
102.09,30.6,0,1
102.21,30.61,0,1
102.34,30.62,0,1
102.46,30.62,0,1
102.58,30.63,0,1
102.7,30.65,0,1
102.82,30.65,0,1
102.95,30.66,0,1
103.07,30.66,0,1
103.19,30.67,0,1
103.31,30.68,0,1
103.44,30.69,0,1
103.56,30.7,0,1
103.68,30.7,0,1
103.8,30.72,0,1
103.93,30.72,0,1
104.05,30.73,0,1
104.17,30.74,0,1
104.29,30.75,0,1
104.42,30.76,0,1
104.54,30.76,0,1
104.66,30.77,0,1
104.78,30.78,0,1
104.9,30.79,0,1
105.03,30.8,0,1
105.15,30.81,0,1
105.27,30.81,0,1
105.39,30.83,0,1
105.52,30.83,0,1
105.64,30.84,0,1
105.76,30.85,0,1
105.88,30.86,0,1
106.01,30.86,0,1
106.13,30.88,0,1
106.25,30.88,0,1
106.37,30.89,0,1
106.49,30.89,0,1
106.62,30.9,0,1
106.74,30.91,0,1
106.86,30.92,0,1
106.98,30.93,0,1
107.11,30.94,0,1
107.23,30.95,0,1
107.35,30.95,0,1
107.47,30.96,0,1
107.59,30.97,0,1
107.72,30.97,0,1
107.84,30.99,0,1
107.96,30.99,0,1
108.08,31.0,0,1
108.21,31.01,0,1
108.33,31.02,0,1
108.45,31.02,0,1
108.57,31.03,0,1
108.7,31.04,0,1
108.82,31.05,0,1
108.94,31.06,0,1
109.06,31.06,0,1
109.18,31.07,0,1
109.31,31.08,0,1
109.43,31.09,0,1
109.55,31.09,0,1
109.67,31.1,0,1
109.8,31.11,0,1
109.92,31.12,0,1
110.04,31.12,0,1
110.16,31.13,0,1
110.29,31.14,0,1
110.41,31.15,0,1
110.53,31.16,0,1
110.65,31.16,0,1
110.77,31.17,0,1
110.9,31.18,0,1
111.02,31.19,0,1
111.14,31.19,0,1
111.26,31.2,0,1
111.39,31.21,0,1
111.51,31.21,0,1
111.63,31.22,0,1
111.75,31.23,0,1
111.88,31.23,0,1
112.0,31.24,0,1
112.12,31.25,0,1
112.24,31.26,0,1
112.36,31.27,0,1
112.49,31.28,0,1
112.61,31.28,0,1
112.73,31.29,0,1
112.85,31.29,0,1
112.98,31.3,0,1
113.1,31.31,0,1
113.22,31.31,0,1
113.34,31.33,0,1
113.47,31.33,0,1
113.59,31.34,0,1
113.71,31.35,0,1
113.83,31.35,0,1
113.95,31.36,0,1
114.08,31.37,0,1
114.2,31.37,0,1
114.32,31.38,0,1
114.44,31.39,0,1
114.57,31.39,0,1
114.69,31.4,0,1
114.81,31.41,0,1
114.93,31.41,0,1
115.05,31.42,0,1
115.18,31.43,0,1
115.3,31.44,0,1
115.42,31.45,0,1
115.54,31.45,0,1
115.67,31.46,0,1
115.79,31.47,0,1
115.91,31.47,0,1
116.03,31.48,0,1
116.16,31.49,0,1
116.28,31.5,0,1
116.4,31.5,0,1
116.52,31.51,0,1
116.64,31.52,0,1
116.77,31.52,0,1
116.89,31.53,0,1
117.01,31.53,0,1
117.13,31.54,0,1
117.26,31.55,0,1
117.38,31.56,0,1
117.5,31.56,0,1
117.62,31.57,0,1
117.75,31.57,0,1
117.87,31.58,0,1
117.99,31.59,0,1
118.11,31.6,0,1
118.23,31.6,0,1
118.36,31.61,0,1
118.48,31.62,0,1
118.6,31.63,0,1
118.72,31.63,0,1
118.85,31.63,0,1
118.97,31.64,0,1
119.09,31.65,0,1
119.21,31.66,0,1
119.33,31.67,0,1
119.46,31.67,0,1
119.58,31.68,0,1
119.7,31.68,0,1
119.82,31.69,0,1
119.95,31.7,0,1
120.07,31.7,0,1
120.19,31.71,0,1
120.31,31.72,0,1
120.44,31.72,0,1
120.56,31.73,0,1
120.68,31.73,0,1
120.8,31.74,0,1
120.93,31.75,0,1
121.05,31.75,0,1
121.17,31.77,0,1
121.29,31.77,0,1
121.41,31.78,0,1
121.54,31.78,0,1
121.66,31.79,0,1
121.78,31.79,0,1
121.9,31.8,0,1
122.02,31.81,0,1
122.15,31.82,0,1
122.27,31.82,0,1
122.39,31.82,0,1
122.51,31.83,0,1
122.64,31.84,0,1
122.76,31.84,0,1
122.88,31.85,0,1
123.0,31.86,0,1
123.13,31.86,0,1
123.25,31.87,0,1
123.37,31.88,0,1
123.49,31.88,0,1
123.62,31.89,0,1
123.74,31.89,0,1
123.86,31.9,0,1
123.98,31.91,0,1
124.11,31.91,0,1
124.23,31.92,0,1
124.35,31.93,0,1
124.47,31.93,0,1
124.59,31.94,0,1
124.72,31.95,0,1
124.84,31.95,0,1
124.96,31.95,0,1
125.08,31.96,0,1
125.2,31.97,0,1
125.33,31.97,0,1
125.45,31.98,0,1
125.57,31.98,0,1
125.69,31.99,0,1
125.82,32.0,0,1
125.94,32.01,0,1
126.06,32.01,0,1
126.18,32.01,0,1
126.31,32.02,0,1
126.43,32.03,0,1
126.55,32.03,0,1
126.67,32.04,0,1
126.79,32.05,0,1
126.92,32.05,0,1
127.04,32.06,0,1
127.16,32.07,0,1
127.28,32.07,0,1
127.41,32.08,0,1
127.53,32.08,0,1
127.65,32.09,0,1
127.77,32.09,0,1
127.9,32.1,0,1
128.02,32.11,0,1
128.14,32.11,0,1
128.26,32.12,0,1
128.38,32.12,0,1
128.51,32.12,0,1
128.63,32.13,0,1
128.75,32.14,0,1
128.87,32.15,0,1
129.0,32.15,0,1
129.12,32.16,0,1
129.24,32.17,0,1
129.36,32.17,0,1
129.49,32.17,0,1
129.61,32.18,0,1
129.73,32.19,0,1
129.85,32.19,0,1
129.98,32.2,0,1
130.1,32.2,0,1
130.22,32.21,0,1
130.34,32.21,0,1
130.46,32.22,0,1
130.59,32.23,0,1
130.71,32.23,0,1
130.83,32.23,0,1
130.95,32.25,0,1
131.08,32.25,0,1
131.2,32.26,0,1
131.32,32.26,0,1
131.44,32.27,0,1
131.57,32.27,0,1
131.69,32.28,0,1
131.81,32.28,0,1
131.93,32.29,0,1
132.05,32.29,0,1
132.18,32.3,0,1
132.3,32.31,0,1
132.42,32.31,0,1
132.54,32.32,0,1
132.67,32.32,0,1
132.79,32.33,0,1
132.91,32.33,0,1
133.03,32.34,0,1
133.15,32.35,0,1
133.28,32.35,0,1
133.4,32.36,0,1
133.52,32.36,0,1
133.64,32.36,0,1
133.77,32.37,0,1
133.89,32.38,0,1
134.01,32.38,0,1
134.13,32.39,0,1
134.26,32.4,0,1
134.38,32.4,0,1
134.5,32.4,0,1
134.62,32.41,0,1
134.75,32.42,0,1
134.87,32.42,0,1
134.99,32.43,0,1
135.11,32.44,0,1
135.23,32.44,0,1
135.36,32.44,0,1
135.48,32.45,0,1
135.6,32.45,0,1
135.72,32.46,0,1
135.85,32.46,0,1
135.97,32.47,0,1
136.09,32.48,0,1
136.21,32.48,0,1
136.33,32.48,0,1
136.46,32.49,0,1
136.58,32.49,0,1
136.7,32.5,0,1
136.82,32.51,0,1
136.95,32.51,0,1
137.07,32.52,0,1
137.19,32.52,0,1
137.31,32.52,0,1
137.44,32.53,0,1
137.56,32.53,0,1
137.68,32.54,0,1
137.8,32.55,0,1
137.92,32.55,0,1
138.05,32.56,0,1
138.17,32.56,0,1
138.29,32.57,0,1
138.41,32.57,0,1
138.54,32.58,0,1
138.66,32.58,0,1
138.78,32.59,0,1
138.9,32.59,0,1
139.02,32.6,0,1
139.15,32.6,0,1
139.27,32.6,0,1
139.39,32.61,0,1
139.51,32.62,0,1
139.64,32.62,0,1
139.76,32.63,0,1
139.88,32.63,0,1
140.0,32.63,0,1
140.13,32.64,0,1
140.25,32.64,0,1
140.37,32.65,0,1
140.49,32.65,0,1
140.61,32.66,0,1
140.74,32.66,0,1
140.86,32.67,0,1
140.98,32.67,0,1
141.1,32.68,0,1
141.23,32.68,0,1
141.35,32.69,0,1
141.47,32.69,0,1
141.59,32.7,0,1
141.72,32.7,0,1
141.84,32.71,0,1
141.96,32.71,0,1
142.08,32.72,0,1
142.2,32.72,0,1
142.33,32.72,0,1
142.45,32.73,0,1
142.57,32.74,0,1
142.69,32.74,0,1
142.82,32.74,0,1
142.94,32.75,0,1
143.06,32.75,0,1
143.18,32.76,0,1
143.3,32.77,0,1
143.43,32.77,0,1
143.55,32.78,0,1
143.67,32.78,0,1
143.79,32.78,0,1
143.92,32.79,0,1
144.04,32.79,0,1
144.16,32.8,0,1
144.28,32.8,0,1
144.41,32.81,0,1
144.53,32.81,0,1
144.65,32.81,0,1
144.77,32.82,0,1
144.89,32.83,0,1
145.02,32.83,0,1
145.14,32.83,0,1
145.26,32.84,0,1
145.38,32.85,0,1
145.51,32.85,0,1
145.63,32.85,0,1
145.75,32.86,0,1
145.87,32.86,0,1
146.0,32.87,0,1
146.12,32.87,0,1
146.24,32.88,0,1
146.36,32.88,0,1
146.49,32.89,0,1
146.61,32.89,0,1
146.73,32.9,0,1
146.85,32.9,0,1
146.97,32.91,0,1
147.1,32.91,0,1
147.22,32.91,0,1
147.34,32.91,0,1
147.46,32.93,0,1
147.59,32.93,0,1
147.71,32.93,0,1
147.83,32.93,0,1
147.95,32.94,0,1
148.08,32.94,0,1
148.2,32.95,0,1
148.32,32.95,0,1
148.44,32.96,0,1
148.56,32.96,0,1
148.69,32.97,0,1
148.81,32.97,0,1
148.93,32.97,0,1
149.05,32.98,0,1
149.18,32.98,0,1
149.3,32.99,0,1
149.42,33.0,0,1
149.54,33.0,0,1
149.66,33.0,0,1
149.79,33.01,0,1
149.91,33.01,0,1
150.03,33.01,0,1
150.15,33.02,0,1
150.28,33.02,0,1
150.4,33.03,0,1
150.52,33.03,0,1
150.64,33.04,0,1
150.77,33.04,0,1
150.89,33.05,0,1
151.01,33.05,0,1
151.13,33.05,0,1
151.26,33.06,0,1
151.38,33.06,0,1
151.5,33.06,0,1
151.62,33.07,0,1
151.74,33.07,0,1
151.87,33.08,0,1
151.99,33.08,0,1
152.11,33.09,0,1
152.23,33.09,0,1
152.35,33.09,0,1
152.48,33.1,0,1
152.6,33.11,0,1
152.72,33.11,0,1
152.84,33.11,0,1
152.97,33.11,0,1
153.09,33.12,0,1
153.21,33.12,0,1
153.33,33.13,0,1
153.46,33.13,0,1
153.58,33.13,0,1
153.7,33.14,0,1
153.82,33.14,0,1
153.95,33.14,0,1
154.07,33.15,0,1
154.19,33.16,0,1
154.31,33.16,0,1
154.43,33.16,0,1
154.56,33.17,0,1
154.68,33.17,0,1
154.8,33.17,0,1
154.92,33.18,0,1
155.05,33.19,0,1
155.17,33.19,0,1
155.29,33.19,0,1
155.41,33.2,0,1
155.54,33.2,0,1
155.66,33.21,0,1
155.78,33.21,0,1
155.9,33.21,0,1
156.02,33.22,0,1
156.15,33.22,0,1
156.27,33.22,0,1
156.39,33.23,0,1
156.51,33.23,0,1
156.64,33.24,0,1
156.76,33.24,0,1
156.88,33.25,0,1
157.0,33.25,0,1
157.13,33.25,0,1
157.25,33.26,0,1
157.37,33.26,0,1
157.49,33.26,0,1
157.61,33.27,0,1
157.74,33.28,0,1
157.86,33.28,0,1
157.98,33.28,0,1
158.1,33.28,0,1
158.23,33.29,0,1
158.35,33.29,0,1
158.47,33.3,0,1
158.59,33.3,0,1
158.71,33.3,0,1
158.84,33.31,0,1
158.96,33.31,0,1
159.08,33.32,0,1
159.2,33.32,0,1
159.33,33.32,0,1
159.45,33.33,0,1
159.57,33.33,0,1
159.69,33.33,0,1
159.82,33.34,0,1
159.94,33.34,0,1
160.06,33.34,0,1
160.18,33.35,0,1
160.3,33.35,0,1
160.43,33.36,0,1
160.55,33.36,0,1
160.67,33.36,0,1
160.79,33.37,0,1
160.92,33.37,0,1
161.04,33.38,0,1
161.16,33.38,0,1
161.28,33.38,0,1
161.41,33.39,0,1
161.53,33.39,0,1
161.65,33.4,0,1
161.77,33.4,0,1
161.9,33.4,0,1
162.02,33.4,0,1
162.14,33.41,0,1
162.26,33.41,0,1
162.38,33.41,0,1
162.51,33.42,0,1
0.12,34.51,0,1
0.24,34.51,0,1
0.36,34.52,0,1
0.49,34.52,0,1
0.61,34.52,0,1
0.73,34.52,0,1
0.85,34.52,0,1
0.98,34.52,0,1
1.1,34.52,0,1
1.22,34.53,0,1
1.34,34.52,0,1
1.47,34.53,0,1
1.59,34.53,0,1
1.71,34.53,0,1
1.83,34.53,0,1
1.95,34.54,0,1
2.08,34.54,0,1
2.2,34.54,0,1
2.32,34.54,0,1
2.44,34.54,0,1
2.57,34.54,0,1
2.69,34.54,0,1
2.81,34.54,0,1
2.93,34.55,0,1
3.05,34.55,0,1
3.18,34.55,0,1
3.3,34.55,0,1
3.42,34.55,0,1
3.54,34.55,0,1
3.66,34.56,0,1
3.79,34.55,0,1
3.91,34.56,0,1
4.03,34.56,0,1
4.15,34.56,0,1
4.28,34.56,0,1
4.4,34.56,0,1
4.52,34.56,0,1
4.64,34.56,0,1
4.76,34.57,0,1
4.89,34.56,0,1
5.01,34.57,0,1
5.13,34.57,0,1
5.25,34.57,0,1
5.38,34.58,0,1
5.5,34.58,0,1
5.62,34.58,0,1
5.74,34.58,0,1
5.86,34.58,0,1
5.99,34.58,0,1
6.11,34.58,0,1
6.23,34.59,0,1
6.35,34.59,0,1
6.48,34.59,0,1
6.6,34.59,0,1
6.72,34.59,0,1
6.84,34.6,0,1
6.97,34.6,0,1
7.09,34.59,0,1
7.21,34.6,0,1
7.33,34.6,0,1
7.45,34.6,0,1
7.57,34.6,0,1
7.7,34.6,0,1
7.82,34.6,0,1
7.94,34.61,0,1
8.06,34.61,0,1
8.19,34.61,0,1
8.31,34.61,0,1
8.43,34.61,0,1
8.55,34.62,0,1
8.68,34.61,0,1
8.8,34.61,0,1
8.92,34.62,0,1
9.04,34.62,0,1
9.16,34.62,0,1
9.29,34.62,0,1
9.41,34.62,0,1
9.53,34.62,0,1
9.65,34.63,0,1
9.78,34.63,0,1
9.9,34.63,0,1
10.02,34.63,0,1
10.14,34.63,0,1
10.26,34.63,0,1
10.39,34.63,0,1
10.51,34.64,0,1
10.63,34.64,0,1
10.75,34.64,0,1
10.88,34.65,0,1
11.0,34.64,0,1
11.12,34.65,0,1
11.24,34.65,0,1
11.36,34.65,0,1
11.49,34.65,0,0
11.61,34.65,0,0
11.73,34.65,0,0
11.85,34.65,0,0
11.98,34.65,0,0
12.1,34.65,62,0
12.22,34.65,154,0
12.35,34.66,172,0
12.47,34.65,172,0
12.59,34.65,172,0
12.71,34.64,172,0
12.83,34.62,172,0
12.96,34.58,172,0
13.08,34.54,172,0
13.2,34.5,172,0
13.32,34.44,172,0
13.45,34.38,172,0
13.57,34.32,172,0
13.69,34.25,172,0
13.81,34.17,172,0
13.93,34.09,172,0
14.06,34.02,172,0
14.18,33.92,172,0
14.3,33.86,172,0
14.42,33.77,172,0
14.55,33.69,172,0
14.67,33.59,172,0
14.79,33.52,172,0
14.91,33.42,172,0
15.03,33.33,172,0
15.16,33.24,172,0
15.28,33.14,172,0
15.4,33.05,172,0
15.52,32.96,172,0
15.65,32.87,172,0
15.77,32.77,172,0
15.89,32.69,172,0
16.01,32.59,172,0
16.13,32.5,172,0
16.26,32.41,172,0
16.38,32.33,172,0
16.5,32.23,172,0
16.62,32.14,172,0
16.75,32.04,172,0
16.87,31.98,172,0
16.99,31.89,172,0
17.11,31.81,172,0
17.23,31.69,172,0
17.35,31.61,172,0
17.48,31.51,172,0
17.6,31.43,172,0
17.72,31.34,172,0
17.84,31.26,172,0
17.97,31.17,172,0
18.09,31.1,172,0
18.21,31.01,172,0
18.33,30.93,172,0
18.45,30.86,172,0
18.58,30.77,172,0
18.7,30.68,172,0
18.82,30.6,172,0
18.94,30.52,172,0
19.07,30.44,172,0
19.19,30.36,172,0
19.31,30.29,172,0
19.43,30.21,172,0
19.55,30.12,172,0
19.68,30.05,172,0
19.8,29.97,172,0
19.92,29.9,172,0
20.04,29.82,172,0
20.17,29.75,172,0
20.29,29.67,172,0
20.41,29.61,172,0
20.53,29.52,172,0
20.65,29.46,172,0
20.78,29.38,172,0
20.9,29.31,172,0
21.02,29.25,172,0
21.14,29.17,172,0
21.27,29.1,172,0
21.39,29.04,172,0
21.51,28.96,172,0
21.63,28.89,172,0
21.75,28.82,172,0
21.88,28.76,172,0
22.0,28.68,172,0
22.12,28.62,172,0
22.24,28.55,172,0
22.37,28.5,172,0
22.49,28.42,172,0
22.61,28.36,172,0
22.73,28.3,172,0
22.85,28.24,172,0
22.98,28.17,172,0
23.1,28.11,172,0
23.22,28.05,85,0
23.35,27.98,0,0
23.47,27.92,0,0
23.59,27.86,0,0
23.71,27.81,0,0
23.83,27.77,0,0
23.96,27.74,0,0
24.08,27.71,0,0
24.2,27.7,0,1
24.32,27.69,0,1
24.44,27.69,0,1
24.57,27.7,0,1
24.69,27.71,0,1
24.81,27.72,0,1
24.93,27.74,0,1
25.05,27.77,0,1
25.18,27.79,0,1
25.3,27.82,0,1
25.42,27.85,0,1
25.54,27.88,0,1
25.67,27.91,0,1
25.79,27.94,0,1
25.91,27.98,0,1
26.03,28.02,0,1
26.15,28.05,0,1
26.28,28.1,0,1
26.4,28.13,0,1
26.52,28.17,0,1
26.64,28.21,0,1
26.76,28.25,0,1
26.89,28.29,0,1
27.01,28.33,0,1
27.13,28.37,0,1
27.25,28.41,0,1
27.37,28.45,0,1
27.5,28.49,0,1
27.62,28.53,0,1
27.74,28.57,0,1
27.86,28.61,0,1
27.98,28.65,0,1
28.11,28.68,0,1
28.23,28.72,0,1
28.35,28.76,0,1
28.47,28.8,0,1
28.6,28.83,0,1
28.72,28.87,0,1
28.84,28.9,0,1
28.96,28.94,0,1
29.08,28.97,0,1
29.21,29.0,0,1
29.33,29.04,0,1
29.45,29.08,0,1
29.57,29.11,0,1
29.69,29.14,0,1
29.82,29.18,0,1
29.94,29.21,0,1
30.06,29.24,0,1
30.18,29.27,0,1
30.31,29.3,0,1
30.43,29.33,0,1
30.55,29.36,0,1
30.67,29.4,0,1
30.79,29.43,0,1
30.92,29.45,0,1
31.04,29.48,0,1
31.16,29.51,0,1
31.28,29.54,0,1
31.4,29.57,0,1
31.53,29.6,0,1
31.65,29.62,0,1
31.77,29.64,0,1
31.89,29.67,0,1
32.02,29.7,0,1
32.14,29.72,0,1
32.26,29.75,0,1
32.38,29.77,0,1
32.5,29.8,0,1
32.63,29.82,0,1
32.75,29.85,0,1
32.87,29.88,0,1
32.99,29.9,0,1
33.11,29.92,0,1
33.24,29.94,0,1
33.36,29.96,0,1
33.48,29.98,0,1
33.6,30.01,0,1
33.72,30.03,0,1
33.85,30.05,0,1
33.97,30.07,0,1
34.09,30.09,0,1
34.21,30.11,0,1
34.33,30.13,0,1
34.46,30.15,0,1
34.58,30.17,0,1
34.7,30.18,0,1
34.82,30.21,0,1
34.95,30.22,0,1
35.07,30.25,0,1
35.19,30.26,0,1
35.31,30.28,0,1
35.43,30.31,0,1
35.56,30.32,0,1
35.68,30.33,0,1
35.8,30.35,0,1
35.92,30.37,0,1
36.04,30.39,0,1
36.17,30.41,0,1
36.29,30.42,0,1
36.41,30.44,0,1
36.53,30.46,0,1
36.65,30.47,0,1
36.78,30.49,0,1
36.9,30.5,0,1
37.02,30.52,0,1
37.14,30.54,0,1
37.27,30.55,0,1
37.39,30.57,0,1
37.51,30.58,0,1
37.63,30.6,0,1
37.75,30.61,0,1
37.88,30.62,0,1
38.0,30.64,0,1
38.12,30.66,0,1
38.24,30.67,0,1
38.36,30.68,0,1
38.49,30.7,0,1
38.61,30.71,0,1
38.73,30.73,0,1
38.85,30.74,0,1
38.97,30.75,0,1
39.1,30.77,0,1
39.22,30.78,0,1
39.34,30.79,0,1
39.46,30.81,0,1
39.58,30.82,0,1
39.71,30.84,0,1
39.83,30.85,0,1
39.95,30.86,0,1
40.07,30.87,0,1
40.2,30.89,0,1
40.32,30.9,0,1
40.44,30.91,0,1
40.56,30.93,0,1
40.68,30.94,0,1
40.81,30.95,0,1
40.93,30.96,0,1
41.05,30.97,0,1
41.17,30.99,0,1
41.29,31.0,0,1
41.42,31.01,0,1
41.54,31.02,0,1
41.66,31.03,0,1
41.78,31.05,0,1
41.9,31.06,0,1
42.03,31.07,0,1
42.15,31.08,0,1
42.27,31.09,0,1
42.39,31.1,0,1
42.52,31.11,0,1
42.64,31.12,0,1
42.76,31.14,0,1
42.88,31.15,0,1
43.0,31.16,0,1
43.13,31.17,0,1
43.25,31.18,0,1
43.37,31.19,0,1
43.49,31.2,0,1
43.61,31.21,0,1
43.74,31.22,0,1
43.86,31.23,0,1
43.98,31.24,0,1
44.1,31.25,0,1
44.22,31.26,0,1
44.35,31.28,0,1
44.47,31.29,0,1
44.59,31.29,0,1
44.71,31.3,0,1
44.84,31.31,0,1
44.96,31.32,0,1
45.08,31.33,0,1
45.2,31.34,0,1
45.32,31.35,0,1
45.45,31.36,0,1
45.57,31.37,0,1
45.69,31.38,0,1
45.81,31.38,0,1
45.93,31.39,0,1
46.06,31.41,0,1
46.18,31.42,0,1
46.3,31.42,0,1
46.42,31.44,0,1
46.54,31.45,0,1
46.67,31.45,0,1
46.79,31.46,0,1
46.91,31.47,0,1
47.03,31.48,0,1
47.15,31.49,0,1
47.28,31.5,0,1
47.4,31.51,0,1
47.52,31.52,0,1
47.64,31.53,0,1
47.77,31.53,0,1
47.89,31.55,0,1
48.01,31.56,0,1
48.13,31.57,0,1
48.25,31.57,0,1
48.38,31.58,0,1
48.5,31.59,0,1
48.62,31.6,0,1
48.74,31.61,0,1
48.86,31.62,0,1
48.99,31.63,0,1
49.11,31.63,0,1
49.23,31.64,0,1
49.35,31.65,0,1
49.47,31.66,0,1
49.6,31.67,0,1
49.72,31.67,0,1
49.84,31.68,0,1
49.96,31.69,0,1
50.09,31.7,0,1
50.21,31.71,0,1
50.33,31.72,0,1
50.45,31.73,0,1
50.57,31.73,0,1
50.7,31.74,0,1
50.82,31.75,0,1
50.94,31.76,0,1
51.06,31.77,0,1
51.18,31.78,0,1
51.31,31.78,0,1
51.43,31.8,0,1
51.55,31.8,0,1
51.67,31.81,0,1
51.79,31.82,0,1
51.92,31.83,0,1
52.04,31.83,0,1
52.16,31.85,0,1
52.28,31.85,0,1
52.4,31.86,0,1
52.53,31.87,0,1
52.65,31.87,0,1
52.77,31.88,0,1
52.89,31.89,0,1
53.02,31.89,0,1
53.14,31.91,0,1
53.26,31.91,0,1
53.38,31.92,0,1
53.5,31.92,0,1
53.63,31.94,0,1
53.75,31.94,0,1
53.87,31.95,0,1
53.99,31.96,0,1
54.11,31.97,0,1
54.24,31.97,0,1
54.36,31.98,0,1
54.48,31.99,0,1
54.6,32.0,0,1
54.72,32.0,0,1
54.85,32.01,0,1
54.97,32.02,0,1
55.09,32.03,0,1
55.21,32.03,0,1
55.34,32.04,0,1
55.46,32.05,0,1
55.58,32.05,0,1
55.7,32.06,0,1
55.82,32.08,0,1
55.95,32.08,0,1
56.07,32.09,0,1
56.19,32.09,0,1
56.31,32.1,0,1
56.43,32.11,0,1
56.56,32.11,0,1
56.68,32.12,0,1
56.8,32.13,0,1
56.92,32.13,0,1
57.04,32.14,0,1
57.17,32.15,0,1
57.29,32.16,0,1
57.41,32.16,0,1
57.53,32.17,0,1
57.65,32.17,0,1
57.78,32.19,0,1
57.9,32.19,0,1
58.02,32.19,0,1
58.14,32.2,0,1
58.27,32.21,0,1
58.39,32.22,0,1
58.51,32.23,0,1
58.63,32.23,0,1
58.75,32.24,0,1
58.88,32.25,0,1
59.0,32.25,0,1
59.12,32.26,0,1
59.24,32.27,0,1
59.37,32.27,0,1
59.49,32.28,0,1
59.61,32.29,0,1
59.73,32.29,0,1
59.85,32.3,0,1
59.97,32.31,0,1
60.1,32.31,0,1
60.22,32.32,0,1
60.34,32.33,0,1
60.46,32.34,0,1
60.59,32.34,0,1
60.71,32.35,0,1
60.83,32.36,0,1
60.95,32.37,0,1
61.07,32.37,0,1
61.2,32.37,0,1
61.32,32.38,0,1
61.44,32.39,0,1
61.56,32.4,0,1
61.68,32.4,0,1
61.81,32.41,0,1
61.93,32.42,0,1
62.05,32.42,0,1
62.17,32.43,0,1
62.29,32.43,0,1
62.42,32.44,0,1
62.54,32.45,0,1
62.66,32.46,0,1
62.78,32.46,0,1
62.9,32.47,0,1
63.03,32.47,0,1
63.15,32.48,0,1
63.27,32.49,0,1
63.39,32.49,0,1
63.52,32.5,0,1
63.64,32.5,0,1
63.76,32.51,0,1
63.88,32.52,0,1
64.0,32.53,0,1
64.13,32.52,0,1
64.25,32.54,0,1
64.37,32.54,0,1
64.49,32.55,0,1
64.61,32.56,0,1
64.74,32.56,0,1
64.86,32.57,0,1
64.98,32.57,0,1
65.1,32.58,0,1
65.22,32.58,0,1
65.35,32.59,0,1
65.47,32.59,0,1
65.59,32.6,0,1
65.71,32.61,0,1
65.84,32.62,0,1
65.96,32.62,0,1
66.08,32.63,0,1
66.2,32.63,0,1
66.32,32.64,0,1
66.45,32.65,0,1
66.57,32.65,0,1
66.69,32.66,0,1
66.81,32.66,0,1
66.93,32.66,0,1
67.06,32.67,0,1
67.18,32.68,0,1
67.3,32.69,0,1
67.42,32.69,0,1
67.54,32.69,0,1
67.67,32.71,0,1
67.79,32.71,0,1
67.91,32.71,0,1
68.03,32.72,0,1
68.15,32.73,0,1
68.28,32.73,0,1
68.4,32.74,0,1
68.52,32.74,0,1
68.64,32.75,0,1
68.77,32.75,0,1
68.89,32.76,0,1
69.01,32.77,0,1
69.13,32.77,0,1
69.25,32.78,0,1
69.38,32.78,0,1
69.5,32.78,0,1
69.62,32.79,0,1
69.74,32.8,0,1
69.86,32.81,0,1
69.99,32.81,0,1
70.11,32.81,0,1
70.23,32.82,0,1
70.35,32.82,0,1
70.47,32.83,0,1
70.6,32.84,0,1
70.72,32.84,0,1
70.84,32.84,0,1
70.96,32.85,0,1
71.09,32.86,0,1
71.21,32.86,0,1
71.33,32.87,0,1
71.45,32.87,0,1
71.57,32.88,0,1
71.7,32.89,0,1
71.82,32.89,0,1
71.94,32.9,0,1
72.06,32.9,0,1
72.18,32.9,0,1
72.31,32.91,0,1
72.43,32.91,0,1
72.55,32.92,0,1
72.67,32.93,0,1
72.79,32.94,0,1
72.92,32.93,0,1
73.04,32.94,0,1
73.16,32.95,0,1
73.28,32.95,0,1
73.41,32.96,0,1
73.53,32.96,0,1
73.65,32.97,0,1
73.77,32.97,0,1
73.89,32.98,0,1
74.02,32.98,0,1
74.14,32.99,0,1
74.26,33.0,0,1
74.38,33.01,0,1
74.5,33.0,0,1
74.63,33.01,0,1
74.75,33.01,0,1
74.87,33.02,0,1
74.99,33.02,0,1
75.11,33.03,0,1
75.24,33.03,0,1
75.36,33.04,0,1
75.48,33.04,0,1
75.6,33.06,0,1
75.72,33.06,0,1
75.85,33.07,0,1
75.97,33.07,0,1
76.09,33.08,0,1
76.21,33.08,0,1
76.34,33.08,0,1
76.46,33.09,0,1
76.58,33.08,0,1
76.7,33.09,0,1
76.82,33.1,0,1
76.95,33.1,0,1
77.07,33.12,0,1
77.19,33.1,0,1
77.31,33.12,0,1
77.43,33.12,0,1
77.56,33.14,0,1
77.68,33.14,0,1
77.8,33.15,0,1
77.92,33.15,0,1
78.05,33.15,0,1
78.17,33.16,0,1
78.29,33.16,0,1
78.41,33.15,0,1
78.53,33.17,0,1
78.66,33.17,0,1
78.78,33.17,0,1
78.9,33.17,0,1
79.02,33.19,0,1
79.14,33.19,0,1
79.27,33.19,0,1
79.39,33.2,0,1
79.51,33.21,0,1
79.63,33.21,0,1
79.75,33.22,0,1
79.88,33.22,0,1
80.0,33.22,0,1
80.12,33.23,0,1
80.24,33.23,0,1
80.36,33.23,0,1
80.49,33.24,0,1
80.61,33.24,0,1
80.73,33.25,0,1
80.85,33.26,0,1
80.97,33.26,0,1
81.1,33.27,0,1
81.22,33.27,0,1
81.34,33.28,0,1
81.46,33.28,0,1
81.59,33.28,0,1
81.71,33.29,0,1
81.83,33.29,0,1
81.95,33.29,0,1
82.07,33.3,0,1
82.2,33.31,0,1
82.32,33.3,0,1
82.44,33.32,0,1
82.56,33.32,0,1
82.68,33.32,0,1
82.81,33.33,0,1
82.93,33.33,0,1
83.05,33.34,0,1
83.17,33.34,0,1
83.3,33.34,0,1
83.42,33.35,0,1
83.54,33.35,0,1
83.66,33.36,0,1
83.78,33.36,0,1
83.91,33.36,0,1
84.03,33.37,0,1
84.15,33.37,0,1
84.27,33.38,0,1
84.39,33.38,0,1
84.52,33.38,0,1
84.64,33.39,0,1
84.76,33.4,0,1
84.88,33.4,0,1
85.0,33.4,0,1
85.13,33.41,0,1
85.25,33.41,0,1
85.37,33.41,0,1
85.49,33.42,0,1
85.61,33.43,0,1
85.74,33.43,0,1
85.86,33.43,0,1
85.98,33.44,0,1
86.1,33.44,0,1
86.22,33.44,0,1
86.35,33.45,0,1
86.47,33.46,0,1
86.59,33.45,0,1
86.71,33.46,0,1
86.84,33.47,0,1
86.96,33.47,0,1
87.08,33.47,0,1
87.2,33.48,0,1
87.32,33.48,0,1
87.45,33.49,0,1
87.57,33.49,0,1
87.69,33.49,0,1
87.81,33.49,0,1
87.94,33.5,0,1
88.06,33.51,0,1
88.18,33.52,0,1
88.3,33.51,0,1
88.42,33.52,0,1
88.55,33.53,0,1
88.67,33.53,0,1
88.79,33.53,0,1
88.91,33.54,0,1
89.03,33.54,0,1
89.16,33.54,0,1
89.28,33.54,0,1
89.4,33.55,0,1
89.52,33.55,0,1
89.64,33.56,0,1
89.77,33.57,0,1
89.89,33.57,0,1
90.01,33.57,0,1
90.13,33.58,0,1
90.25,33.58,0,1
90.38,33.58,0,1
90.5,33.59,0,1
90.62,33.59,0,1
90.74,33.59,0,1
90.86,33.6,0,1
90.99,33.6,0,1
91.11,33.61,0,1
91.23,33.61,0,1
91.35,33.62,0,1
91.47,33.62,0,1
91.6,33.62,0,1
91.72,33.63,0,1
91.84,33.64,0,1
91.96,33.64,0,1
92.09,33.64,0,1
92.21,33.64,0,1
92.33,33.65,0,1
92.45,33.65,0,1
92.57,33.66,0,1
92.7,33.66,0,1
92.82,33.66,0,1
92.94,33.66,0,1
93.06,33.67,0,1
93.19,33.67,0,1
93.31,33.67,0,1
93.43,33.68,0,1
93.55,33.69,0,1
93.67,33.69,0,1
93.8,33.7,0,1
93.92,33.7,0,1
94.04,33.7,0,1
94.16,33.71,0,1
94.28,33.71,0,1
94.41,33.71,0,1
94.53,33.71,0,1
94.65,33.72,0,1
94.77,33.72,0,1
94.89,33.73,0,1
95.02,33.73,0,1
95.14,33.73,0,1
95.26,33.73,0,1
95.38,33.74,0,1
95.51,33.74,0,1
95.63,33.75,0,1
95.75,33.76,0,1
95.87,33.76,0,1
95.99,33.76,0,1
96.12,33.76,0,1
96.24,33.77,0,1
96.36,33.77,0,1
96.48,33.77,0,1
96.61,33.78,0,1
96.73,33.78,0,1
96.85,33.78,0,1
96.97,33.79,0,1
97.09,33.79,0,1
97.21,33.79,0,1
97.34,33.8,0,1
97.46,33.8,0,1
97.58,33.81,0,1
97.7,33.81,0,1
97.82,33.81,0,1
97.95,33.82,0,1
98.07,33.82,0,1
98.19,33.82,0,1
98.31,33.83,0,1
98.44,33.83,0,1
98.56,33.84,0,1
98.68,33.84,0,1
98.8,33.84,0,1
98.92,33.84,0,1
99.05,33.84,0,1
99.17,33.85,0,1
99.29,33.85,0,1
99.41,33.85,0,1
99.53,33.86,0,1
99.66,33.86,0,1
99.78,33.86,0,1
99.9,33.87,0,1
100.02,33.87,0,1
100.15,33.88,0,1
100.27,33.88,0,1
100.39,33.88,0,1
100.51,33.89,0,1
100.63,33.88,0,1
100.76,33.89,0,1
100.88,33.89,0,1
101.0,33.9,0,1
101.12,33.9,0,1
101.24,33.9,0,1
101.37,33.9,0,1
101.49,33.91,0,1
101.61,33.91,0,1
101.73,33.91,0,1
101.86,33.92,0,1
101.98,33.92,0,1
102.1,33.93,0,1
102.22,33.93,0,1
102.34,33.93,0,1
102.47,33.93,0,1
102.59,33.94,0,1
102.71,33.94,0,1
102.83,33.94,0,1
102.95,33.94,0,1
103.08,33.95,0,1
103.2,33.95,0,1
103.32,33.96,0,1
103.44,33.96,0,1
103.57,33.96,0,1
103.69,33.96,0,1
103.81,33.97,0,1
103.93,33.97,0,1
104.05,33.97,0,1
104.18,33.98,0,1
104.3,33.98,0,1
104.42,33.98,0,1
104.54,33.98,0,1
104.66,33.99,0,1
104.79,33.99,0,1
104.91,33.99,0,1
105.03,33.99,0,1
105.15,34.0,0,1
105.28,34.0,0,1
105.4,34.0,0,1
105.52,34.0,0,1
105.64,34.01,0,1
105.76,34.01,0,1
105.89,34.01,0,1
106.01,34.02,0,1
106.13,34.02,0,1
106.25,34.03,0,1
106.38,34.03,0,1
106.5,34.03,0,1
106.62,34.03,0,1
106.74,34.03,0,1
106.86,34.04,0,1
106.99,34.04,0,1
107.11,34.05,0,1
107.23,34.03,0,1
107.35,34.05,0,1
107.47,34.06,0,1
107.6,34.05,0,1
107.72,34.06,0,1
107.84,34.06,0,1
107.96,34.06,0,1
108.09,34.07,0,1
108.21,34.07,0,1
108.33,34.08,0,1
108.45,34.07,0,1
108.57,34.08,0,1
108.7,34.08,0,1
108.82,34.08,0,1
108.94,34.09,0,1
109.06,34.09,0,1
109.18,34.08,0,1
109.31,34.1,0,1
109.43,34.11,0,1
109.55,34.1,0,1
109.67,34.11,0,1
109.8,34.1,0,1
109.92,34.11,0,1
110.04,34.12,0,1
110.16,34.13,0,1
110.28,34.12,0,1
110.41,34.12,0,1
110.53,34.13,0,1
110.65,34.13,0,1
110.77,34.13,0,1
110.89,34.13,0,1
111.02,34.14,0,1
111.14,34.14,0,1
111.26,34.14,0,1
111.38,34.14,0,1
111.51,34.15,0,1
111.63,34.14,0,1
111.75,34.15,0,1
111.87,34.15,0,1
111.99,34.16,0,1
112.12,34.16,0,1
112.24,34.16,0,1
112.36,34.16,0,1
112.48,34.17,0,1
112.61,34.16,0,1
112.73,34.17,0,1
112.85,34.17,0,1
112.97,34.18,0,1
113.09,34.18,0,1
113.22,34.18,0,1
113.34,34.18,0,1
113.46,34.19,0,1
113.58,34.19,0,1
113.7,34.19,0,1
113.83,34.19,0,1
113.95,34.19,0,1
114.07,34.2,0,1
114.19,34.2,0,1
114.32,34.2,0,1
114.44,34.21,0,1
114.56,34.21,0,1
114.68,34.21,0,1
114.8,34.22,0,1
114.93,34.22,0,1
115.05,34.22,0,1
115.17,34.22,0,1
115.29,34.22,0,1
115.41,34.23,0,1
115.54,34.23,0,1
115.66,34.23,0,1
115.78,34.23,0,1
115.9,34.24,0,1
116.03,34.24,0,1
116.15,34.24,0,1
116.27,34.24,0,1
116.39,34.25,0,1
116.51,34.25,0,1
116.64,34.25,0,1
116.76,34.25,0,1
116.88,34.26,0,1
117.0,34.26,0,1
117.12,34.26,0,1
117.25,34.26,0,1
117.37,34.26,0,1
117.49,34.27,0,1
117.61,34.27,0,1
117.74,34.27,0,1
117.86,34.27,0,1
117.98,34.28,0,1
118.1,34.28,0,1
118.22,34.28,0,1
118.35,34.28,0,1
118.47,34.28,0,1
118.59,34.29,0,1
118.71,34.29,0,1
118.84,34.29,0,1
118.96,34.29,0,1
119.08,34.3,0,1
119.2,34.3,0,1
119.32,34.3,0,1
119.45,34.3,0,1
119.57,34.31,0,1
119.69,34.3,0,1
119.81,34.31,0,1
119.93,34.31,0,1
120.06,34.31,0,1
120.18,34.32,0,1
120.3,34.32,0,1
120.42,34.32,0,1
120.55,34.32,0,1
120.67,34.33,0,1
120.79,34.33,0,1
120.91,34.33,0,1
121.03,34.33,0,1
121.16,34.33,0,1
121.28,34.33,0,1
121.4,34.34,0,1
121.52,34.34,0,1
121.64,34.34,0,1
121.77,34.34,0,1
121.89,34.35,0,1
122.01,34.35,0,1
122.13,34.34,0,1
122.26,34.35,0,1
122.38,34.35,0,1
122.5,34.35,0,1
122.62,34.35,0,1
122.74,34.36,0,1
122.87,34.36,0,1
122.99,34.37,0,1
123.11,34.38,0,1
123.23,34.36,0,1
123.36,34.37,0,1
123.48,34.37,0,1
123.6,34.36,0,1
123.72,34.38,0,1
123.84,34.39,0,1
123.97,34.37,0,1
124.09,34.37,0,1
124.21,34.37,0,1
124.33,34.38,0,1
124.45,34.39,0,1
124.58,34.38,0,1
124.7,34.39,0,1
124.82,34.4,0,1
124.94,34.39,0,1
125.07,34.39,0,1
125.19,34.4,0,1
125.31,34.41,0,1
125.43,34.42,0,1
125.55,34.4,0,1
125.68,34.41,0,1
125.8,34.41,0,1
125.92,34.41,0,1
126.04,34.39,0,1
126.16,34.42,0,1
126.29,34.41,0,1
126.41,34.41,0,1
126.53,34.42,0,1
126.65,34.43,0,1
126.78,34.43,0,1
126.9,34.42,0,1
127.02,34.44,0,1
127.14,34.44,0,1
127.26,34.43,0,1
127.39,34.43,0,1
127.51,34.44,0,1
127.63,34.44,0,1
127.75,34.44,0,1
127.87,34.44,0,1
128.0,34.44,0,1
128.12,34.45,0,1
128.24,34.45,0,1
128.36,34.45,0,1
128.49,34.45,0,1
128.61,34.46,0,1
128.73,34.46,0,1
128.85,34.46,0,1
128.97,34.46,0,1
129.1,34.46,0,1
129.22,34.47,0,1
129.34,34.47,0,1
129.46,34.48,0,1
129.59,34.47,0,1
129.71,34.47,0,1
129.83,34.47,0,1
129.95,34.48,0,1
130.07,34.48,0,1
130.2,34.48,0,1
130.32,34.48,0,1
130.44,34.49,0,1
130.56,34.49,0,1
130.68,34.49,0,1
130.81,34.49,0,1
130.93,34.49,0,1
131.05,34.49,0,1
131.17,34.49,0,1
131.3,34.5,0,1
131.42,34.5,0,1
131.54,34.5,0,1
131.66,34.5,0,1
131.78,34.51,0,1
131.91,34.5,0,1
132.03,34.52,0,1
132.15,34.52,0,1
132.27,34.52,0,1
132.4,34.51,0,1
132.52,34.52,0,1
132.64,34.51,0,1
132.76,34.52,0,1
132.88,34.53,0,1
133.01,34.52,0,1
133.13,34.52,0,1
133.25,34.53,0,1
133.37,34.53,0,1
133.49,34.53,0,1
133.62,34.54,0,1
133.74,34.53,0,1
133.86,34.53,0,1
133.98,34.54,0,1
134.11,34.54,0,1
134.23,34.54,0,1
134.35,34.54,0,1
134.47,34.53,0,1
134.59,34.55,0,1
134.72,34.55,0,1
134.84,34.55,0,1
134.96,34.55,0,1
135.08,34.56,0,1
135.2,34.55,0,1
135.33,34.55,0,1
135.45,34.56,0,1
135.57,34.56,0,1
135.69,34.56,0,1
135.82,34.56,0,1
135.94,34.57,0,1
136.06,34.57,0,1
136.18,34.57,0,1
136.3,34.58,0,1
136.43,34.57,0,1
136.55,34.56,0,1
136.67,34.58,0,1
136.79,34.58,0,1
136.91,34.58,0,1
137.04,34.58,0,1
137.16,34.59,0,1
137.28,34.58,0,1
137.4,34.59,0,1
137.53,34.58,0,1
137.65,34.59,0,1
137.77,34.59,0,1
137.89,34.59,0,1
138.01,34.59,0,1
138.14,34.6,0,1
138.26,34.6,0,1
138.38,34.6,0,1
138.5,34.61,0,1
138.63,34.6,0,1
138.75,34.6,0,1
138.87,34.61,0,1
138.99,34.61,0,1
139.11,34.61,0,1
139.24,34.61,0,1
139.36,34.62,0,1
139.48,34.62,0,1
139.6,34.62,0,1
139.72,34.62,0,1
139.85,34.62,0,1
139.97,34.62,0,1
140.09,34.62,0,1
140.21,34.63,0,1
140.34,34.63,0,1
140.46,34.63,0,1
140.58,34.63,0,1
140.7,34.63,0,1
140.82,34.64,0,1
140.95,34.64,0,1
141.07,34.64,0,1
141.19,34.64,0,1
141.31,34.64,0,1
141.43,34.65,0,1
141.56,34.64,0,1
141.68,34.65,0,1
141.8,34.65,0,1
141.92,34.65,0,1
142.05,34.65,0,1
142.17,34.65,0,1
142.29,34.66,0,1
142.41,34.66,0,1
142.53,34.66,0,1
142.66,34.66,0,1
142.78,34.66,0,1
142.9,34.66,0,1
143.02,34.67,0,1
143.14,34.67,0,1
143.27,34.67,0,1
143.39,34.67,0,1
143.51,34.67,0,1
143.63,34.67,0,1
143.76,34.68,0,1
143.88,34.68,0,1
144.0,34.68,0,1
144.12,34.68,0,1
144.24,34.68,0,1
144.37,34.68,0,1
144.49,34.69,0,1
144.61,34.69,0,1
144.73,34.68,0,1
144.86,34.69,0,1
144.98,34.69,0,1
145.1,34.69,0,1
145.22,34.69,0,1
145.34,34.69,0,1
145.47,34.7,0,1
145.59,34.7,0,1
145.71,34.7,0,1
145.83,34.7,0,1
145.95,34.7,0,1
146.08,34.71,0,1
146.2,34.7,0,1
146.32,34.7,0,1
146.44,34.71,0,1
146.57,34.72,0,1
146.69,34.71,0,1
146.81,34.71,0,1
146.93,34.72,0,1
147.05,34.71,0,1
147.18,34.72,0,1
147.3,34.72,0,1
147.42,34.72,0,1
0.12,34.77,0,1
0.24,34.77,0,1
0.36,34.77,0,1
0.49,34.78,0,1
0.61,34.78,0,1
0.73,34.78,0,1
0.85,34.78,0,1
0.98,34.78,0,1
1.1,34.79,0,1
1.22,34.79,0,1
1.34,34.79,0,1
1.47,34.79,0,1
1.59,34.79,0,1
1.71,34.8,0,1
1.83,34.79,0,1
1.95,34.8,0,1
2.08,34.8,0,1
2.2,34.79,0,1
2.32,34.8,0,1
2.44,34.8,0,1
2.57,34.8,0,1
2.69,34.8,0,1
2.81,34.8,0,1
2.93,34.8,0,1
3.05,34.81,0,1
3.18,34.81,0,1
3.3,34.81,0,1
3.42,34.81,0,1
3.54,34.81,0,1
3.66,34.81,0,1
3.79,34.81,0,1
3.91,34.82,0,1
4.03,34.82,0,1
4.15,34.82,0,1
4.28,34.82,0,1
4.4,34.82,0,1
4.52,34.82,0,1
4.64,34.82,0,1
4.76,34.83,0,1
4.89,34.82,0,1
5.01,34.83,0,1
5.13,34.83,0,1
5.25,34.83,8,1
5.38,34.82,8,1
5.5,34.83,8,1
5.62,34.82,8,1
5.74,34.84,8,1
5.86,34.83,8,1
5.99,34.84,8,1
6.11,34.85,8,1
6.23,34.85,8,1
6.35,34.86,8,1
6.47,34.86,8,1
6.6,34.86,8,1
6.72,34.89,8,1
6.84,34.88,8,1
6.96,34.89,8,1
7.08,34.89,8,1
7.21,34.92,8,1
7.33,34.93,8,1
7.45,34.95,8,1
7.57,34.95,8,1
7.69,34.97,8,1
7.82,34.97,8,1
7.94,34.97,8,1
8.06,34.99,8,1
8.18,35.0,8,1
8.3,35.03,8,1
8.43,35.04,8,1
8.55,35.04,8,1
8.67,35.06,8,1
8.79,35.08,8,1
8.91,35.09,8,1
9.04,35.09,8,1
9.16,35.09,8,1
9.28,35.11,8,1
9.4,35.12,8,1
9.52,35.13,8,1
9.65,35.14,8,1
9.77,35.14,8,1
9.89,35.17,8,1
10.01,35.18,8,1
10.14,35.2,8,1
10.26,35.2,8,1
10.38,35.23,8,1
10.5,35.24,8,1
10.62,35.25,8,1
10.75,35.25,8,1
10.87,35.27,8,1
10.99,35.28,8,1
11.11,35.3,8,1
11.23,35.32,8,1
11.36,35.3,8,1
11.48,35.33,8,1
11.6,35.34,8,1
11.72,35.35,8,1
11.84,35.37,8,1
11.97,35.37,8,1
12.09,35.38,8,1
12.21,35.4,8,1
12.33,35.4,8,1
12.45,35.42,8,1
12.58,35.42,8,1
12.7,35.45,8,1
12.82,35.44,8,1
12.94,35.46,8,1
13.07,35.46,8,1
13.19,35.48,8,1
13.31,35.49,8,1
13.43,35.5,8,1
13.55,35.53,8,1
13.68,35.52,8,1
13.8,35.53,8,1
13.92,35.53,8,1
14.04,35.55,8,1
14.16,35.56,8,1
14.29,35.57,8,1
14.41,35.58,8,1
14.53,35.59,8,1
14.65,35.6,8,1
14.77,35.61,8,1
14.9,35.61,8,1
15.02,35.63,8,1
15.14,35.63,8,1
15.26,35.66,8,1
15.39,35.65,8,1
15.51,35.67,8,1
15.63,35.67,8,1
15.75,35.69,8,1
15.87,35.7,8,1
16.0,35.7,8,1
16.12,35.71,8,1
16.24,35.72,8,1
16.36,35.75,8,1
16.48,35.74,8,1
16.61,35.75,8,1
16.73,35.77,8,1
16.85,35.77,8,1
16.97,35.77,8,1
17.09,35.79,8,1
17.22,35.79,8,1
17.34,35.8,8,1
17.46,35.8,8,1
17.58,35.83,8,1
17.7,35.82,8,1
17.83,35.84,8,1
17.95,35.84,8,1
18.07,35.85,8,1
18.19,35.86,8,1
18.32,35.87,8,1
18.44,35.87,8,1
18.56,35.88,8,1
18.68,35.89,8,1
18.8,35.91,8,1
18.93,35.91,8,1
19.05,35.91,8,1
19.17,35.93,8,1
19.29,35.93,8,1
19.42,35.95,8,1
19.54,35.95,8,1
19.66,35.96,8,1
19.78,35.95,8,1
19.9,35.98,8,1
20.02,35.97,8,1
20.15,35.99,8,1
20.27,35.98,8,1
20.39,36.01,8,1
20.51,36.01,8,1
20.63,36.01,8,1
20.76,36.03,8,1
20.88,36.03,8,1
21.0,36.04,8,1
21.12,36.05,8,1
21.25,36.06,8,1
21.37,36.07,8,1
21.49,36.07,8,1
21.61,36.07,8,1
21.73,36.08,8,1
21.86,36.09,8,1
21.98,36.1,8,1
22.1,36.09,8,1
22.22,36.12,8,1
22.34,36.12,8,1
22.47,36.13,8,1
22.59,36.13,8,1
22.71,36.14,8,1
22.83,36.15,8,1
22.96,36.16,8,1
23.08,36.17,8,1
23.2,36.15,8,1
23.32,36.18,8,1
23.44,36.19,8,1
23.57,36.21,8,1
23.69,36.18,8,1
23.81,36.2,8,1
23.93,36.21,8,1
24.05,36.22,8,1
24.18,36.24,8,1
24.3,36.24,8,1
24.42,36.24,8,1
24.54,36.25,8,1
24.67,36.26,8,1
24.79,36.26,8,1
24.91,36.26,8,1
25.03,36.28,8,1
25.15,36.28,8,1
25.27,36.28,8,1
25.4,36.29,8,1
25.52,36.29,8,1
25.64,36.3,8,1
25.76,36.32,8,1
25.88,36.31,8,1
26.01,36.33,8,1
26.13,36.33,8,1
26.25,36.35,8,1
26.37,36.34,8,1
26.5,36.35,8,1
26.62,36.36,8,1
26.74,36.39,8,1
26.86,36.38,8,1
26.98,36.38,8,1
27.11,36.39,8,1
27.23,36.38,8,1
27.35,36.4,8,1
27.47,36.41,8,1
27.59,36.41,8,1
27.72,36.41,8,1
27.84,36.42,8,1
27.96,36.43,8,1
28.08,36.43,8,1
28.21,36.44,8,1
28.33,36.45,8,1
28.45,36.45,8,1
28.57,36.48,8,1
28.69,36.47,8,1
28.82,36.47,8,1
28.94,36.47,8,1
29.06,36.48,8,1
29.18,36.46,8,1
29.3,36.48,8,1
29.43,36.51,8,1
29.55,36.54,8,1
29.67,36.53,8,1
29.79,36.52,8,1
29.92,36.52,8,1
30.04,36.55,8,1
30.16,36.55,8,1
30.28,36.55,8,1
30.4,36.53,8,1
30.52,36.56,8,1
30.65,36.55,8,1
30.77,36.58,8,1
30.89,36.57,8,1
31.01,36.57,8,1
31.13,36.59,8,1
31.26,36.59,8,1
31.38,36.6,8,1
31.5,36.63,8,1
31.62,36.58,8,1
31.75,36.59,8,1
31.87,36.61,8,1
31.99,36.61,8,1
32.11,36.63,8,1
32.24,36.63,8,1
32.36,36.67,8,1
32.48,36.66,8,1
32.6,36.66,8,1
32.72,36.67,8,1
32.85,36.67,8,1
32.97,36.7,8,1
33.09,36.69,8,1
33.21,36.69,8,1
33.33,36.69,8,1
33.46,36.7,8,1
33.58,36.71,8,1
33.7,36.71,8,1
33.82,36.74,8,1
33.94,36.72,8,1
34.07,36.73,8,1
34.19,36.73,8,1
34.31,36.75,8,1
34.43,36.74,8,1
34.55,36.77,8,1
34.68,36.76,8,1
34.8,36.78,8,1
34.92,36.78,8,1
35.04,36.78,8,1
35.17,36.8,8,1
35.29,36.77,8,1
35.41,36.8,8,1
35.53,36.78,8,1
35.65,36.81,8,1
35.78,36.81,8,1
35.9,36.81,8,1
36.02,36.82,8,1
36.14,36.83,8,1
36.26,36.84,8,1
36.39,36.85,8,1
36.51,36.84,8,1
36.63,36.85,8,1
36.75,36.85,8,1
36.87,36.87,8,1
37.0,36.87,8,1
37.12,36.87,8,1
37.24,36.88,8,1
37.36,36.87,8,1
37.49,36.9,8,1
37.61,36.9,8,1
37.73,36.91,8,1
37.85,36.9,8,1
37.97,36.92,8,1
38.1,36.92,8,1
38.22,36.93,8,1
38.34,36.93,8,1
38.46,36.93,8,1
38.58,36.92,8,1
38.71,36.95,8,1
38.83,36.95,8,1
38.95,36.96,8,1
39.07,36.96,8,1
39.19,36.98,8,1
39.32,36.96,8,1
39.44,36.98,8,1
39.56,36.98,8,1
39.68,36.98,8,1
39.8,36.99,8,1
39.93,36.98,8,1
40.05,37.01,8,1
40.17,37.02,8,1
40.29,37.03,8,1
40.42,37.02,8,1
40.54,37.01,8,1
40.66,37.02,8,1
40.78,37.03,8,1
40.9,37.04,8,1
41.03,37.04,8,1
41.15,37.04,8,1
41.27,37.05,8,1
41.39,37.05,8,1
41.51,37.07,8,1
41.64,37.05,8,1
41.76,37.07,8,1
41.88,37.08,8,1
42.0,37.09,8,1
42.13,37.09,8,1
42.25,37.08,8,1
42.37,37.1,8,1
42.49,37.1,8,1
42.61,37.11,8,1
42.74,37.09,8,1
42.86,37.12,8,1
42.98,37.11,8,1
43.1,37.12,8,1
43.22,37.13,8,1
43.35,37.13,8,1
43.47,37.13,8,1
43.59,37.16,8,1
43.71,37.14,8,1
43.83,37.16,8,1
43.96,37.15,8,1
44.08,37.16,8,1
44.2,37.15,8,1
44.32,37.18,8,1
44.44,37.17,8,1
44.57,37.18,8,1
44.69,37.19,8,1
44.81,37.18,8,1
44.93,37.2,8,1
45.05,37.2,8,1
45.18,37.2,8,1
45.3,37.19,8,1
45.42,37.22,8,1
45.54,37.22,8,1
45.67,37.23,8,1
45.79,37.23,8,1
45.91,37.24,8,1
46.03,37.23,8,1
46.15,37.25,8,1
46.28,37.25,8,1
46.4,37.27,8,1
46.52,37.25,8,1
46.64,37.26,8,1
46.77,37.26,8,1
46.89,37.27,8,1
47.01,37.26,8,1
47.13,37.28,8,1
47.25,37.29,8,1
47.38,37.28,8,1
47.5,37.3,8,1
47.62,37.29,8,1
47.74,37.3,8,1
47.86,37.31,8,1
47.99,37.31,8,1
48.11,37.31,8,1
48.23,37.33,8,1
48.35,37.32,8,1
48.47,37.33,8,1
48.6,37.33,8,1
48.72,37.35,8,1
48.84,37.34,8,1
48.96,37.35,8,1
49.08,37.34,8,1
49.21,37.36,8,1
49.33,37.36,8,1
49.45,37.37,8,1
49.57,37.37,8,1
49.69,37.36,8,1
49.82,37.38,8,1
49.94,37.37,8,1
50.06,37.4,8,1
50.18,37.4,8,1
50.31,37.39,8,1
50.43,37.38,8,1
50.55,37.41,8,1
50.67,37.41,8,1
50.79,37.42,8,1
50.92,37.41,8,1
51.04,37.43,8,1
51.16,37.43,8,1
51.28,37.44,8,1
51.4,37.43,8,1
51.53,37.44,8,1
51.65,37.44,8,1
51.77,37.46,8,1
51.89,37.47,8,1
52.02,37.45,8,1
52.14,37.47,8,1
52.26,37.47,8,1
52.38,37.48,8,1
52.5,37.46,8,1
52.63,37.48,8,1
52.75,37.49,8,1
52.87,37.49,8,1
52.99,37.5,8,1
53.11,37.51,8,1
53.24,37.5,8,1
53.36,37.52,8,1
53.48,37.51,8,1
53.6,37.51,8,1
53.72,37.51,8,1
53.85,37.53,8,1
53.97,37.53,8,1
54.09,37.54,8,1
54.21,37.55,8,1
54.33,37.54,8,1
54.46,37.55,8,1
54.58,37.55,8,1
54.7,37.56,8,1
54.82,37.55,8,1
54.94,37.56,8,1
55.07,37.57,8,1
55.19,37.56,8,1
55.31,37.57,8,1
55.43,37.58,8,1
55.56,37.58,8,1
55.68,37.59,8,1
55.8,37.59,8,1
55.92,37.6,8,1
56.04,37.6,8,1
56.17,37.6,8,1
56.29,37.6,8,1
56.41,37.61,8,1
56.53,37.61,8,1
56.65,37.62,8,1
56.78,37.62,8,1
56.9,37.62,8,1
57.02,37.63,8,1
57.14,37.62,8,1
57.27,37.63,8,1
57.39,37.62,8,1
57.51,37.64,8,1
57.63,37.65,8,1
57.75,37.66,8,1
57.88,37.66,8,1
58.0,37.66,8,1
58.12,37.67,8,1
58.24,37.68,8,1
58.36,37.67,8,1
58.49,37.68,8,1
58.61,37.68,8,1
58.73,37.69,8,1
58.85,37.68,8,1
58.97,37.69,8,1
59.1,37.7,8,1
59.22,37.69,8,1
59.34,37.71,8,1
59.46,37.69,8,1
59.58,37.72,8,1
59.71,37.72,8,1
59.83,37.72,8,1
59.95,37.7,8,1
60.07,37.73,8,1
60.19,37.72,8,1
60.32,37.74,8,1
60.44,37.74,8,1
60.56,37.75,8,1
60.68,37.75,8,1
60.81,37.76,8,1
60.93,37.75,8,1
61.05,37.76,8,1
61.17,37.75,8,1
61.29,37.76,8,1
61.42,37.77,8,1
61.54,37.76,8,1
61.66,37.79,8,1
61.78,37.76,8,1
61.9,37.8,8,1
62.03,37.77,8,1
62.15,37.78,8,1
62.27,37.78,8,1
62.39,37.79,8,1
62.52,37.8,8,1
62.64,37.8,8,1
62.76,37.8,8,1
62.88,37.81,8,1
63.0,37.82,8,1
63.13,37.82,8,1
63.25,37.82,8,1
63.37,37.82,8,1
63.49,37.82,8,1
63.61,37.83,8,1
63.74,37.83,8,1
63.86,37.84,8,1
63.98,37.85,8,1
64.1,37.85,8,1
64.22,37.86,8,1
64.35,37.84,8,1
64.47,37.85,8,1
64.59,37.86,8,1
64.71,37.86,8,1
64.83,37.87,8,1
64.96,37.87,8,1
65.08,37.87,8,1
65.2,37.87,8,1
65.32,37.88,8,1
65.44,37.9,8,1
65.57,37.88,8,1
65.69,37.89,8,1
65.81,37.89,8,1
65.93,37.91,8,1
66.06,37.89,8,1
66.18,37.91,8,1
66.3,37.91,8,1
66.42,37.9,8,1
66.54,37.92,8,1
66.67,37.9,8,1
66.79,37.93,8,1
66.91,37.91,8,1
67.03,37.94,8,1
67.15,37.93,8,1
67.28,37.93,8,1
67.4,37.93,8,1
67.52,37.95,8,1
67.64,37.94,8,1
67.76,37.95,8,1
67.89,37.95,8,1
68.01,37.97,8,1
68.13,37.94,8,1
68.25,37.97,8,1
68.37,37.96,8,1
68.5,37.97,8,1
68.62,37.98,8,1
68.74,37.98,8,1
68.86,37.98,8,1
68.98,37.98,8,1
69.11,38.0,8,1
69.23,37.97,8,1
69.35,37.98,8,1
69.47,37.99,8,1
69.6,38.0,8,1
69.72,38.0,8,1
69.84,38.01,8,1
69.96,38.0,8,1
70.08,38.01,8,1
70.21,38.01,8,1
70.33,38.02,8,1
70.45,38.01,8,1
70.57,38.02,8,1
70.69,38.03,8,1
70.82,38.03,8,1
70.94,38.03,8,1
71.06,38.03,8,1
71.18,38.04,8,1
71.31,38.05,8,1
71.43,38.05,8,1
71.55,38.04,8,1
71.67,38.05,8,1
71.79,38.06,8,1
71.92,38.07,8,1
72.04,38.06,8,1
72.16,38.07,8,1
72.28,38.07,8,1
72.4,38.07,8,1
72.53,38.06,8,1
72.65,38.09,8,1
72.77,38.07,8,1
72.89,38.09,8,1
73.01,38.08,8,1
73.14,38.1,8,1
73.26,38.09,8,1
73.38,38.1,8,1
73.5,38.1,8,1
73.62,38.09,8,1
73.75,38.11,8,1
73.87,38.12,8,1
73.99,38.13,8,1
74.11,38.1,8,1
74.23,38.12,8,1
74.36,38.12,8,1
74.48,38.12,8,1
74.6,38.13,8,1
74.72,38.13,8,1
74.85,38.12,8,1
74.97,38.14,8,1
75.09,38.13,8,1
75.21,38.16,8,1
75.33,38.14,8,1
75.46,38.16,8,1
75.58,38.14,8,1
75.7,38.16,8,1
75.82,38.16,8,1
75.94,38.15,8,1
76.07,38.17,8,1
76.19,38.15,8,1
76.31,38.19,8,1
76.43,38.17,8,1
76.56,38.19,8,1
76.68,38.18,8,1
76.8,38.18,8,1
76.92,38.19,8,1
77.04,38.19,8,1
77.17,38.19,8,1
77.29,38.2,8,1
77.41,38.2,8,1
77.53,38.21,8,1
77.65,38.2,8,1
77.78,38.2,8,1
77.9,38.2,8,1
78.02,38.21,8,1
78.14,38.22,8,1
78.26,38.22,8,1
78.39,38.22,8,1
78.51,38.23,8,1
78.63,38.22,8,1
78.75,38.21,8,1
78.87,38.24,8,1
79.0,38.21,8,1
79.12,38.24,8,1
79.24,38.24,8,1
79.36,38.24,8,1
79.49,38.24,8,1
79.61,38.25,8,1
79.73,38.25,8,1
79.85,38.26,8,1
79.97,38.25,8,1
80.1,38.25,8,1
80.22,38.26,8,1
80.34,38.26,8,1
80.46,38.26,8,1
80.58,38.27,8,1
80.71,38.26,8,1
80.83,38.27,8,1
80.95,38.29,8,1
81.07,38.27,8,1
81.2,38.28,8,1
81.32,38.28,8,1
81.44,38.28,8,1
81.56,38.29,8,1
81.68,38.29,8,1
81.81,38.29,8,1
81.93,38.3,8,1
82.05,38.29,8,1
82.17,38.31,8,1
82.29,38.3,8,1
82.42,38.31,8,1
82.54,38.3,8,1
82.66,38.31,8,1
82.78,38.31,8,1
82.9,38.32,8,1
83.03,38.32,8,1
83.15,38.32,8,1
83.27,38.33,8,1
83.39,38.33,8,1
83.51,38.34,8,1
83.64,38.33,8,1
83.76,38.35,8,1
83.88,38.31,8,1
84.0,38.35,8,1
84.13,38.34,8,1
84.25,38.34,8,1
84.37,38.35,8,1
84.49,38.36,8,1
84.61,38.36,8,1
84.74,38.36,8,1
84.86,38.36,8,1
84.98,38.36,8,1
85.1,38.36,8,1
85.22,38.37,8,1
85.35,38.36,8,1
85.47,38.37,8,1
85.59,38.38,8,1
85.71,38.38,8,1
85.83,38.37,8,1
85.96,38.36,8,1
86.08,38.38,8,1
86.2,38.39,8,1
86.32,38.41,8,1
86.45,38.4,8,1
86.57,38.39,8,1
86.69,38.39,8,1
86.81,38.4,8,1
86.93,38.4,8,1
87.06,38.41,8,1
87.18,38.41,8,1
87.3,38.42,8,1
87.42,38.41,8,1
87.54,38.42,8,1
87.67,38.41,8,1
87.79,38.43,8,1
87.91,38.42,8,1
88.03,38.43,8,1
88.15,38.44,8,1
88.28,38.43,8,1
88.4,38.44,8,1
88.52,38.42,8,1
88.64,38.44,8,1
88.76,38.44,8,1
88.89,38.45,8,1
89.01,38.44,8,1
89.13,38.45,8,1
89.25,38.45,8,1
89.38,38.45,8,1
89.5,38.46,8,1
89.62,38.47,8,1
89.74,38.45,8,1
89.86,38.47,8,1
89.99,38.46,8,1
90.11,38.47,8,1
90.23,38.46,8,1
90.35,38.48,8,1
90.47,38.48,8,1
90.6,38.48,8,1
90.72,38.5,8,1
90.84,38.47,8,1
90.96,38.49,8,1
91.08,38.47,8,1
91.21,38.5,8,1
91.33,38.49,8,1
91.45,38.49,8,1
91.57,38.48,8,1
91.7,38.5,8,1
91.82,38.5,8,1
91.94,38.51,8,1
92.06,38.5,8,1
92.18,38.51,8,1
92.31,38.5,8,1
92.43,38.52,8,1
92.55,38.51,8,1
92.67,38.52,8,1
92.79,38.52,8,1
92.92,38.52,8,1
93.04,38.52,8,1
93.16,38.53,8,1
93.28,38.52,8,1
93.4,38.53,8,1
93.53,38.53,8,1
93.65,38.53,8,1
93.77,38.54,8,1
93.89,38.53,8,1
94.02,38.53,8,1
94.14,38.54,8,1
94.26,38.55,8,1
94.38,38.54,8,1
94.5,38.55,8,1
94.63,38.55,8,1
94.75,38.56,8,1
94.87,38.55,8,1
94.99,38.56,8,1
95.11,38.56,8,1
95.24,38.56,8,1
95.36,38.57,8,1
95.48,38.58,8,1
95.6,38.55,8,1
95.72,38.58,8,1
95.85,38.57,8,1
95.97,38.57,8,1
96.09,38.57,8,1
96.21,38.58,8,1
96.33,38.58,8,1
96.46,38.57,8,1
96.58,38.59,8,1
96.7,38.58,8,1
96.82,38.59,8,1
96.95,38.59,8,1
97.07,38.59,8,1
97.19,38.59,8,1
97.31,38.6,8,1
97.43,38.59,8,1
97.56,38.6,8,1
97.68,38.6,8,1
97.8,38.59,8,1
97.92,38.61,8,1
98.04,38.59,8,1
98.17,38.62,8,1
98.29,38.59,8,1
98.41,38.62,8,1
98.53,38.62,8,1
98.66,38.63,8,1
98.78,38.62,8,1
98.9,38.63,8,1
99.02,38.62,8,1
99.14,38.64,8,1
99.27,38.62,8,1
99.39,38.64,8,1
99.51,38.63,8,1
99.63,38.65,8,1
99.75,38.63,8,1
99.88,38.64,8,1
100.0,38.64,8,1
100.12,38.65,8,1
100.24,38.64,8,1
100.36,38.65,8,1
100.49,38.66,8,1
100.61,38.65,8,1
100.73,38.64,8,1
100.85,38.66,8,1
100.98,38.66,8,1
101.1,38.66,8,1
101.22,38.67,8,1
101.34,38.67,8,1
101.46,38.67,8,1
101.59,38.67,8,1
101.71,38.66,8,1
101.83,38.66,8,1
101.95,38.68,8,1
102.07,38.67,8,1
102.2,38.67,8,1
102.32,38.66,8,1
102.44,38.66,8,1
102.56,38.68,8,1
102.69,38.68,8,1
102.81,38.69,8,1
102.93,38.7,8,1
103.05,38.69,8,1
103.18,38.69,8,1
103.3,38.69,8,1
103.42,38.69,8,1
103.54,38.69,8,1
103.66,38.69,8,1
103.79,38.69,8,1
103.91,38.7,8,1
104.03,38.7,8,1
104.15,38.71,8,1
104.27,38.71,8,1
104.4,38.71,8,1
104.52,38.71,8,1
104.64,38.71,8,1
104.76,38.71,8,1
104.88,38.73,8,1
105.01,38.72,8,1
105.13,38.71,8,1
105.25,38.73,8,1
105.37,38.72,8,1
105.5,38.72,8,1
105.62,38.73,8,1
105.74,38.72,8,1
105.86,38.72,8,1
105.98,38.74,8,1
106.11,38.75,8,1
106.23,38.75,8,1
106.35,38.74,8,1
106.47,38.75,8,1
106.59,38.75,8,1
106.72,38.75,8,1
106.84,38.74,8,1
106.96,38.75,8,1
107.08,38.74,8,1
107.21,38.75,8,1
107.33,38.76,8,1
107.45,38.76,8,1
107.57,38.75,8,1
107.69,38.76,8,1
107.82,38.75,8,1
107.94,38.76,8,1
108.06,38.77,8,1
108.18,38.77,8,1
108.3,38.77,8,1
108.43,38.78,8,1
108.55,38.77,8,1
108.67,38.77,8,1
108.79,38.77,8,1
108.92,38.77,8,1
109.04,38.78,8,1
109.16,38.78,8,1
109.28,38.78,8,1
109.4,38.77,8,1
109.53,38.79,8,1
109.65,38.79,8,1
109.77,38.79,8,1
109.89,38.8,8,1
110.01,38.8,8,1
110.14,38.81,8,1
110.26,38.81,8,1
110.38,38.8,8,1
110.5,38.81,8,1
110.63,38.81,8,1
110.75,38.82,8,1
110.87,38.8,8,1
110.99,38.8,8,1
111.11,38.81,8,1
111.24,38.81,8,1
111.36,38.82,8,1
111.48,38.82,8,1
111.6,38.83,8,1
111.72,38.83,8,1
111.85,38.84,8,1
111.97,38.84,8,1
112.09,38.83,8,1
112.21,38.83,8,1
112.34,38.83,8,1
112.46,38.84,8,1
112.58,38.84,8,1
112.7,38.82,8,1
112.82,38.83,8,1
112.95,38.82,8,1
113.07,38.83,8,1
113.19,38.84,8,1
113.31,38.84,8,1
113.44,38.85,8,1
113.56,38.85,8,1
113.68,38.85,8,1
113.8,38.85,8,1
113.93,38.85,8,1
114.05,38.85,8,1
114.17,38.85,8,1
114.29,38.85,8,1
114.41,38.86,8,1
114.54,38.86,8,1
114.66,38.86,8,1
114.78,38.86,8,1
114.9,38.87,8,1
115.02,38.87,8,1
115.15,38.88,8,1
115.27,38.87,8,1
115.39,38.88,8,1
115.51,38.88,8,1
115.63,38.89,8,1
115.76,38.88,8,1
115.88,38.88,8,1
116.0,38.87,8,1
116.12,38.88,8,1
116.25,38.88,8,1
116.37,38.88,8,1
116.49,38.9,8,1
116.61,38.9,8,1
116.73,38.9,8,1
116.86,38.9,8,1
116.98,38.91,8,1
117.1,38.91,8,1
117.22,38.9,8,1
117.34,38.9,8,1
117.47,38.89,8,1
117.59,38.9,8,1
117.71,38.9,8,1
117.83,38.9,8,1
117.95,38.9,8,1
118.08,38.91,8,1
118.2,38.91,8,1
118.32,38.91,8,1
118.44,38.9,8,1
118.57,38.92,8,1
118.69,38.91,8,1
118.81,38.92,8,1
118.93,38.92,8,1
119.05,38.91,8,1
119.18,38.91,8,1
119.3,38.91,8,1
119.42,38.93,8,1
119.54,38.92,8,1
119.67,38.93,8,1
119.79,38.93,8,1
119.91,38.93,8,1
120.03,38.93,8,1
120.15,38.93,8,1
120.28,38.95,8,1
120.4,38.94,8,1
120.52,38.96,8,1
120.64,38.95,8,1
120.76,38.94,8,1
120.89,38.95,8,1
121.01,38.95,8,1
121.13,38.95,8,1
121.25,38.94,8,1
121.38,38.95,8,1
121.5,38.95,8,1
121.62,38.96,8,1
121.74,38.96,8,1
121.86,38.95,8,1
121.99,38.96,8,1
122.11,38.97,8,1
122.23,38.98,8,1
122.35,38.97,8,1
122.47,38.97,8,1
122.6,38.97,8,1
122.72,38.97,8,1
122.84,38.97,8,1
122.96,38.97,8,1
123.09,38.96,8,1
123.21,38.96,8,1
123.33,38.96,8,1
123.45,38.97,8,1
123.57,38.98,8,1
123.7,38.99,8,1
123.82,38.98,8,1
123.94,38.99,8,1
124.06,38.98,8,1
124.18,38.99,8,1
124.31,38.98,8,1
124.43,38.98,8,1
124.55,38.98,8,1
124.68,38.98,8,1
124.8,38.98,8,1
124.92,38.99,8,1
125.04,39.0,8,1
125.16,39.0,8,1
125.29,39.0,8,1
125.41,39.01,8,1
125.53,39.01,8,1
125.65,39.0,8,1
125.77,38.99,8,1
125.9,39.0,8,1
126.02,39.01,8,1
126.14,39.01,8,1
126.26,39.0,8,1
126.38,39.0,8,1
126.51,39.0,8,1
126.63,39.0,8,1
126.75,39.0,8,1
126.87,39.02,8,1
127.0,39.02,8,1
127.12,39.01,8,1
127.24,39.02,8,1
127.36,39.02,8,1
127.48,39.03,8,1
127.61,39.02,8,1
127.73,39.02,8,1
127.85,39.02,8,1
127.97,39.02,8,1
128.1,39.02,8,1
128.22,39.02,8,1
128.34,39.02,8,1
128.46,39.01,8,1
128.58,39.03,8,1
128.71,39.03,8,1
128.83,39.02,8,1
128.95,39.04,8,1
129.07,39.03,8,1
129.2,39.04,8,1
129.32,39.03,8,1
129.44,39.03,8,1
129.56,39.03,8,1
129.68,39.03,8,1
129.8,39.04,8,1
129.93,39.03,8,1
130.05,39.05,8,1
130.17,39.04,8,1
130.29,39.04,8,1
130.41,39.04,8,1
130.54,39.05,8,1
130.66,39.06,8,1
130.78,39.05,8,1
130.91,39.05,8,1
131.03,39.05,8,1
131.15,39.05,8,1
131.27,39.06,8,1
131.39,39.06,8,1
131.52,39.06,8,1
131.64,39.06,8,1
131.76,39.05,8,1
131.88,39.06,8,1
132.0,39.07,8,1
132.13,39.08,8,1
132.25,39.07,8,1
132.37,39.07,8,1
132.49,39.07,8,1
132.62,39.08,8,1
132.74,39.07,8,1
132.86,39.08,8,1
132.98,39.08,8,1
133.1,39.07,8,1
133.23,39.08,8,1
133.35,39.08,8,1
133.47,39.08,8,1
133.59,39.08,8,1
133.71,39.08,8,1
133.84,39.08,8,1
133.96,39.08,8,1
134.08,39.1,8,1
134.2,39.08,8,1
134.33,39.08,8,1
134.45,39.09,8,1
134.57,39.08,8,1
134.69,39.09,8,1
134.81,39.09,8,1
134.94,39.09,8,1
135.06,39.09,8,1
135.18,39.1,8,1
135.3,39.1,8,1
135.43,39.12,8,1
135.55,39.1,8,1
135.67,39.11,8,1
135.79,39.1,8,1
135.91,39.1,8,1
136.04,39.1,8,1
136.16,39.09,8,1
136.28,39.09,8,1
136.4,39.11,8,1
136.52,39.11,8,1
136.65,39.11,8,1
136.77,39.11,8,1
136.89,39.11,8,1
137.01,39.11,8,1
137.13,39.12,8,1
137.26,39.12,8,1
137.38,39.12,8,1
137.5,39.11,8,1
137.62,39.12,8,1
137.75,39.13,8,1
137.87,39.12,8,1
137.99,39.12,8,1
138.11,39.12,8,1
138.23,39.12,8,1
138.36,39.12,8,1
138.48,39.12,8,1
138.6,39.13,8,1
138.72,39.13,8,1
138.85,39.13,8,1
138.97,39.13,8,1
139.09,39.12,8,1
139.21,39.13,8,1
139.33,39.13,8,1
139.46,39.12,8,1
139.58,39.12,8,1
139.7,39.13,8,1
139.82,39.13,8,1
139.94,39.14,8,1
140.07,39.15,8,1
140.19,39.14,8,1
140.31,39.13,8,1
140.43,39.14,8,1
140.55,39.14,8,1
140.68,39.15,8,1
140.8,39.14,8,1
140.92,39.14,8,1
141.04,39.14,8,1
141.16,39.15,8,1
141.29,39.15,8,1
141.41,39.14,8,1
141.53,39.15,8,1
141.66,39.16,8,1
141.78,39.16,8,1
141.9,39.15,8,1
142.02,39.16,8,1
142.14,39.16,8,1
142.27,39.15,8,1
142.39,39.17,8,1
142.51,39.18,8,1
142.63,39.17,8,1
142.75,39.17,8,1
142.88,39.17,8,1
143.0,39.17,8,1
143.12,39.17,8,1
143.24,39.17,8,1
143.37,39.17,8,1
143.49,39.16,8,1
143.61,39.17,8,1
143.73,39.18,8,1
143.85,39.17,8,1
143.98,39.18,8,1
144.1,39.18,8,1
144.22,39.18,8,1
144.34,39.18,8,1
144.46,39.18,8,1
144.59,39.17,8,1
144.71,39.17,8,1
144.83,39.18,8,1
144.95,39.18,8,1
145.08,39.17,8,1
145.2,39.18,8,1
145.32,39.19,8,1
145.44,39.18,8,1
145.56,39.19,8,1
145.69,39.19,8,1
145.81,39.2,8,1
145.93,39.2,8,1
146.05,39.2,8,1
146.17,39.21,8,1
146.3,39.2,8,1
146.42,39.2,8,1
146.54,39.2,8,0
146.66,39.2,8,0
146.79,39.2,8,0
146.91,39.21,8,0
147.03,39.21,8,0
147.15,39.21,8,0
147.27,39.21,18,0
147.4,39.2,75,0
147.52,39.19,122,0
147.65,39.18,141,0
147.77,39.17,141,0
147.89,39.16,141,0
148.01,39.14,141,0
148.13,39.12,141,0
148.26,39.08,141,0
148.38,39.04,141,0
148.5,38.98,141,0
148.62,38.93,141,0
148.75,38.86,141,0
148.87,38.8,141,0
148.99,38.74,141,0
149.11,38.67,141,0
149.23,38.59,141,0
149.36,38.52,141,0
149.48,38.44,141,0
149.6,38.36,141,0
149.72,38.28,141,0
149.85,38.21,141,0
149.97,38.12,143,0
150.09,38.04,143,0
150.21,37.95,153,0
150.34,37.87,162,0
150.46,37.79,162,0
150.58,37.71,162,0
150.7,37.61,162,0
150.83,37.54,162,0
150.95,37.43,162,0
151.07,37.34,162,0
151.19,37.26,162,0
151.32,37.17,162,0
151.44,37.07,162,0
151.56,36.98,162,0
151.68,36.88,162,0
151.8,36.8,162,0
151.93,36.69,162,0
152.05,36.61,162,0
152.17,36.52,162,0
152.29,36.42,162,0
152.41,36.32,162,0
152.54,36.23,162,0
152.66,36.14,162,0
152.78,36.05,162,0
152.9,35.96,162,0
153.03,35.86,162,0
153.15,35.78,162,0
153.27,35.68,162,0
153.39,35.6,162,0
153.52,35.51,162,0
153.64,35.42,162,0
153.76,35.34,162,0
153.88,35.24,162,0
154.0,35.16,162,0
154.13,35.07,162,0
154.25,34.99,162,0
154.37,34.89,162,0
154.49,34.82,162,0
154.62,34.73,162,0
154.74,34.65,162,0
154.86,34.54,162,0
154.98,34.47,162,0
155.1,34.38,162,0
155.23,34.31,162,0
155.35,34.23,162,0
155.47,34.15,162,0
155.59,34.07,162,0
155.72,34.0,162,0
155.84,33.92,162,0
155.96,33.85,162,0
156.08,33.76,162,0
156.2,33.69,162,0
156.33,33.63,162,0
156.45,33.55,162,0
156.57,33.46,162,0
156.69,33.39,162,0
156.82,33.3,162,0
156.94,33.23,162,0
157.06,33.18,162,0
157.18,33.09,162,0
157.3,33.03,162,0
157.43,32.94,162,0
157.55,32.88,162,0
157.67,32.8,162,0
157.79,32.75,162,0
157.91,32.67,162,0
158.04,32.6,162,0
158.16,32.54,162,0
158.28,32.47,162,0
158.4,32.4,162,0
158.53,32.33,162,0
158.65,32.27,162,0
158.77,32.21,162,0
158.89,32.13,162,0
159.01,32.07,162,0
159.14,32.0,162,0
159.26,31.94,162,0
159.38,31.87,162,0
159.5,31.81,162,0
159.63,31.74,162,0
159.75,31.68,162,0
159.87,31.62,162,0
159.99,31.54,162,0
160.12,31.49,162,0
160.24,31.42,162,0
160.36,31.37,162,0
160.48,31.31,162,0
160.61,31.25,168,0
160.73,31.17,174,0
160.85,31.12,193,0
160.97,31.05,193,0
161.1,30.99,193,0
161.22,30.93,193,0
161.34,30.87,193,0
161.46,30.8,193,0
161.59,30.74,193,0
161.71,30.67,193,0
161.83,30.6,193,0
161.95,30.53,193,0
162.07,30.46,193,0
162.2,30.39,193,0
162.32,30.31,193,0
162.44,30.25,193,0
162.56,30.16,193,0
162.68,30.1,193,0
162.81,30.03,193,0
162.93,29.96,193,0
163.05,29.88,193,0
163.17,29.81,193,0
163.3,29.74,193,0
163.42,29.66,193,0
163.54,29.59,193,0
163.66,29.51,193,0
163.78,29.44,193,0
163.91,29.37,193,0
164.03,29.3,193,0
164.15,29.23,193,0
164.27,29.15,193,0
164.4,29.08,193,0
164.52,29.0,193,0
164.64,28.94,193,0
164.76,28.86,193,0
164.88,28.79,193,0
165.01,28.73,193,0
165.13,28.66,193,0
165.25,28.6,193,0
165.37,28.52,193,0
165.5,28.46,193,0
165.62,28.38,193,0
165.74,28.31,193,0
165.86,28.25,193,0
165.99,28.17,193,0
166.11,28.11,193,0
166.23,28.05,193,0
166.35,27.97,193,0
166.47,27.9,193,0
166.6,27.84,193,0
166.72,27.77,193,0
166.84,27.72,193,0
166.96,27.64,193,0
167.09,27.59,193,0
167.21,27.52,193,0
167.33,27.45,193,0
167.45,27.38,193,0
167.57,27.33,193,0
167.7,27.26,193,0
167.82,27.2,193,0
167.94,27.14,193,0
168.06,27.08,193,0
168.18,27.01,193,0
168.31,26.94,193,0
168.43,26.88,193,0
168.55,26.82,193,0
168.67,26.76,193,0
168.8,26.7,193,0
168.92,26.63,193,0
169.04,26.58,193,0
169.16,26.51,193,0
169.28,26.45,193,0
169.41,26.39,193,0
169.53,26.33,193,0
169.65,26.28,193,0
169.77,26.21,193,0
169.9,26.15,193,0
170.02,26.09,193,0
170.14,26.03,193,0
170.26,25.97,193,0
170.38,25.92,193,0
170.51,25.85,193,0
170.63,25.8,193,0
170.75,25.75,193,0
170.87,25.69,193,0
171.0,25.62,193,0
171.12,25.57,193,0
171.24,25.5,193,0
171.36,25.45,193,0
171.49,25.39,193,0
171.61,25.33,193,0
171.73,25.27,193,0
171.85,25.21,193,0
171.97,25.16,193,0
172.1,25.12,193,0
172.22,25.04,193,0
172.34,25.0,193,0
172.46,24.93,193,0
172.58,24.89,193,0
172.71,24.83,193,0
172.83,24.77,193,0
172.95,24.7,193,0
173.07,24.66,193,0
173.2,24.59,193,0
173.32,24.55,193,0
173.44,24.49,193,0
173.56,24.45,193,0
173.68,24.37,193,0
173.81,24.33,193,0
173.93,24.26,193,0
174.05,24.23,193,0
174.17,24.17,193,0
174.3,24.12,193,0
174.42,24.06,193,0
174.54,24.0,193,0
174.66,23.95,193,0
174.78,23.9,193,0
174.91,23.85,193,0
175.03,23.79,193,0
175.15,23.75,193,0
175.27,23.7,193,0
175.4,23.64,193,0
175.52,23.58,193,0
0.12,21.81,0,1
0.24,21.86,0,1
0.36,21.91,0,1
0.49,21.96,0,1
0.61,22.02,0,1
0.73,22.08,0,1
0.85,22.13,0,1
0.98,22.19,0,1
1.1,22.27,0,1
1.22,22.32,0,1
1.34,22.39,0,1
1.47,22.45,0,1
1.59,22.52,0,1
1.71,22.57,0,1
1.83,22.63,0,1
1.95,22.69,0,1
2.08,22.76,0,1
2.2,22.82,0,1
2.32,22.88,0,1
2.44,22.94,0,1
2.57,23.0,0,1
2.69,23.07,0,1
2.81,23.12,15,1
2.93,23.18,15,1
3.05,23.25,15,1
3.18,23.3,15,1
3.3,23.37,15,1
3.42,23.43,15,1
3.54,23.49,15,1
3.66,23.56,15,1
3.79,23.62,15,1
3.91,23.69,15,1
4.03,23.75,15,1
4.15,23.82,15,1
4.28,23.89,15,1
4.4,23.95,15,1
4.52,24.02,15,1
4.64,24.09,15,1
4.76,24.16,15,1
4.89,24.23,15,1
5.01,24.3,15,1
5.13,24.36,15,1
5.25,24.44,15,1
5.37,24.5,15,1
5.5,24.57,15,1
5.62,24.64,15,1
5.74,24.71,15,1
5.86,24.77,15,1
5.98,24.85,15,1
6.11,24.92,15,1
6.23,24.97,15,1
6.35,25.04,15,1
6.47,25.1,15,1
6.59,25.17,15,1
6.72,25.23,15,1
6.84,25.3,15,1
6.96,25.36,15,1
7.08,25.43,15,1
7.2,25.49,15,1
7.33,25.55,15,1
7.45,25.61,15,1
7.57,25.66,15,1
7.69,25.73,15,1
7.82,25.78,15,1
7.94,25.84,15,1
8.06,25.9,15,1
8.18,25.97,15,1
8.3,26.02,15,1
8.43,26.08,15,1
8.55,26.12,15,1
8.67,26.19,15,1
8.79,26.23,15,1
8.91,26.29,15,1
9.04,26.35,15,1
9.16,26.4,15,1
9.28,26.45,15,1
9.4,26.51,15,1
9.52,26.56,15,1
9.65,26.61,15,1
9.77,26.66,15,1
9.89,26.71,15,1
10.01,26.76,15,1
10.14,26.82,15,1
10.26,26.86,15,1
10.38,26.91,15,1
10.5,26.96,15,1
10.62,27.01,15,1
10.75,27.06,15,1
10.87,27.11,15,1
10.99,27.16,15,1
11.11,27.2,15,1
11.23,27.25,15,1
11.36,27.29,15,1
11.48,27.34,15,1
11.6,27.39,15,1
11.72,27.42,15,1
11.85,27.48,15,1
11.97,27.52,15,1
12.09,27.56,15,1
12.21,27.6,15,1
12.33,27.65,15,1
12.46,27.69,15,1
12.58,27.73,15,1
12.7,27.78,15,1
12.82,27.82,15,1
12.94,27.86,15,1
13.07,27.9,15,1
13.19,27.95,15,1
13.31,27.98,15,1
13.43,28.02,15,1
13.56,28.06,15,1
13.68,28.1,15,1
13.8,28.15,15,1
13.92,28.19,15,1
14.04,28.23,15,1
14.17,28.26,15,1
14.29,28.3,15,1
14.41,28.34,15,1
14.53,28.38,15,1
14.65,28.41,15,1
14.78,28.46,15,1
14.9,28.5,15,1
15.02,28.53,15,1
15.14,28.57,15,1
15.27,28.61,15,1
15.39,28.64,15,1
15.51,28.68,15,1
15.63,28.72,15,1
15.75,28.75,15,1
15.88,28.79,15,1
16.0,28.82,15,1
16.12,28.86,15,1
16.24,28.9,15,1
16.36,28.93,15,1
16.49,28.96,15,1
16.61,29.0,15,1
16.73,29.03,15,1
16.85,29.07,15,1
16.97,29.11,15,1
17.1,29.14,15,1
17.22,29.17,15,1
17.34,29.2,15,1
17.46,29.24,15,1
17.59,29.28,15,1
17.71,29.32,15,1
17.83,29.34,15,1
17.95,29.38,15,1
18.07,29.41,15,1
18.2,29.44,15,1
18.32,29.48,15,1
18.44,29.51,15,1
18.56,29.54,15,1
18.69,29.58,15,1
18.81,29.6,15,1
18.93,29.64,15,1
19.05,29.67,15,1
19.17,29.7,15,1
19.3,29.74,15,1
19.42,29.77,15,1
19.54,29.8,15,1
19.66,29.83,15,1
19.78,29.87,15,1
19.91,29.9,15,1
20.03,29.93,15,1
20.15,29.95,15,1
20.27,29.99,15,1
20.4,30.02,15,1
20.52,30.05,15,1
20.64,30.07,15,1
20.76,30.1,15,1
20.88,30.14,15,1
21.01,30.16,15,1
21.13,30.19,15,1
21.25,30.23,15,1
21.37,30.25,15,1
21.5,30.28,15,1
21.62,30.31,15,1
21.74,30.34,15,1
21.86,30.37,15,1
21.98,30.41,15,1
22.11,30.43,15,1
22.23,30.46,15,1
22.35,30.49,15,1
22.47,30.52,15,1
22.59,30.55,15,1
22.72,30.57,15,1
22.84,30.61,15,1
22.96,30.63,15,1
23.08,30.66,15,1
23.21,30.69,15,1
23.33,30.71,15,1
23.45,30.74,15,1
23.57,30.77,15,1
23.69,30.8,15,1
23.82,30.83,15,1
23.94,30.85,15,1
24.06,30.88,15,1
24.18,30.91,15,1
24.3,30.94,15,1
24.43,30.97,15,1
24.55,30.99,15,1
24.67,31.02,15,1
24.79,31.05,15,1
24.92,31.08,15,1
25.04,31.1,15,1
25.16,31.13,15,1
25.28,31.16,15,1
25.4,31.18,15,1
25.53,31.21,15,1
25.65,31.24,15,1
25.77,31.26,15,1
25.89,31.29,15,1
26.02,31.31,15,1
26.14,31.34,15,1
26.26,31.36,15,1
26.38,31.39,15,1
26.5,31.42,15,1
26.63,31.44,15,1
26.75,31.47,15,1
26.87,31.5,15,1
26.99,31.52,15,1
27.11,31.54,15,1
27.24,31.57,15,1
27.36,31.6,15,1
27.48,31.61,15,1
27.6,31.65,15,1
27.73,31.67,15,1
27.85,31.7,15,1
27.97,31.72,15,1
28.09,31.74,15,1
28.21,31.78,15,1
28.34,31.79,15,1
28.46,31.82,15,1
28.58,31.84,15,1
28.7,31.86,15,1
28.82,31.9,15,1
28.95,31.92,15,1
29.07,31.94,15,1
29.19,31.97,15,1
29.31,32.0,15,1
29.44,32.02,15,1
29.56,32.04,15,1
29.68,32.07,15,1
29.8,32.09,15,1
29.92,32.11,15,1
30.05,32.14,15,1
30.17,32.17,15,1
30.29,32.19,15,1
30.41,32.21,15,1
30.53,32.23,15,1
30.66,32.25,15,1
30.78,32.28,15,1
30.9,32.31,15,1
31.02,32.33,15,1
31.15,32.35,15,1
31.27,32.38,15,1
31.39,32.41,15,1
31.51,32.42,15,1
31.63,32.45,15,1
31.76,32.47,15,1
31.88,32.5,15,1
32.0,32.52,15,1
32.12,32.54,15,1
32.25,32.56,15,1
32.37,32.59,15,1
32.49,32.6,15,1
32.61,32.63,15,1
32.74,32.65,15,1
32.86,32.67,15,1
32.98,32.69,15,1
33.1,32.71,15,1
33.22,32.74,15,1
33.35,32.76,15,1
33.47,32.79,15,1
33.59,32.81,15,1
33.71,32.83,15,1
33.83,32.86,15,1
33.96,32.87,15,1
34.08,32.9,15,1
34.2,32.93,15,1
34.32,32.94,15,1
34.45,32.97,15,1
34.57,32.99,15,1
34.69,33.01,15,1
34.81,33.03,15,1
34.93,33.05,15,1
35.06,33.07,15,1
35.18,33.1,15,1
35.3,33.12,15,1
35.42,33.14,15,1
35.54,33.16,15,1
35.67,33.18,15,1
35.79,33.21,15,1
35.91,33.23,15,1
36.03,33.25,15,1
36.15,33.27,15,1
36.28,33.29,15,1
36.4,33.31,15,1
36.52,33.33,15,1
36.64,33.35,15,1
36.77,33.37,15,1
36.89,33.39,15,1
37.01,33.41,15,1
37.13,33.44,15,1
37.26,33.46,15,1
37.38,33.48,15,1
37.5,33.5,15,1
37.62,33.52,15,1
37.74,33.54,15,1
37.87,33.56,15,1
37.99,33.58,15,1
38.11,33.6,15,1
38.23,33.62,15,1
38.35,33.64,15,1
38.47,33.66,15,1
38.6,33.69,15,1
38.72,33.71,15,1
38.84,33.73,15,1
38.97,33.74,15,1
39.09,33.77,15,1
39.21,33.79,15,1
39.33,33.81,15,1
39.45,33.83,15,1
39.58,33.84,15,1
39.7,33.86,15,1
39.82,33.89,15,1
39.94,33.91,15,1
40.06,33.92,15,1
40.19,33.94,15,1
40.31,33.96,15,1
40.43,33.99,15,1
40.55,34.01,15,1
40.68,34.02,15,1
40.8,34.04,15,1
40.92,34.06,15,1
41.04,34.09,15,1
41.16,34.11,15,1
41.29,34.11,15,1
41.41,34.14,15,1
41.53,34.15,15,1
41.65,34.17,15,1
41.77,34.19,15,1
41.9,34.21,15,1
42.02,34.23,15,1
42.14,34.26,15,1
42.26,34.27,15,1
42.38,34.29,15,1
42.51,34.31,15,1
42.63,34.34,15,1
42.75,34.35,15,1
42.87,34.36,15,1
43.0,34.39,15,1
43.12,34.41,15,1
43.24,34.42,15,1
43.36,34.44,15,1
43.48,34.46,15,1
43.61,34.48,15,1
43.73,34.5,15,1
43.85,34.52,15,1
43.97,34.54,15,1
44.1,34.56,15,1
44.22,34.58,15,1
44.34,34.59,15,1
44.46,34.6,15,1
44.58,34.63,15,1
44.71,34.65,15,1
44.83,34.67,15,1
44.95,34.68,15,1
45.07,34.7,15,1
45.2,34.72,15,1
45.32,34.74,15,1
45.44,34.75,15,1
45.56,34.77,15,1
45.68,34.8,15,1
45.81,34.81,15,1
45.93,34.83,15,1
46.05,34.84,15,1
46.17,34.86,15,1
46.29,34.88,15,1
46.42,34.9,15,1
46.54,34.92,15,1
46.66,34.93,15,1
46.78,34.95,15,1
46.9,34.97,15,1
47.03,34.99,15,1
47.15,35.01,15,1
47.27,35.02,15,1
47.39,35.04,15,1
47.52,35.05,15,1
47.64,35.07,15,1
47.76,35.09,15,1
47.88,35.1,15,1
48.0,35.13,15,1
48.13,35.14,15,1
48.25,35.16,15,1
48.37,35.18,15,1
48.49,35.19,15,1
48.62,35.21,15,1
48.74,35.22,15,1
48.86,35.25,15,1
48.98,35.26,15,1
49.1,35.27,15,1
49.22,35.29,15,1
49.35,35.31,15,1
49.47,35.32,15,1
49.59,35.34,15,1
49.71,35.36,15,1
49.84,35.37,15,1
49.96,35.39,15,1
50.08,35.4,15,1
50.2,35.42,15,1
50.33,35.44,15,1
50.45,35.45,15,1
50.57,35.47,15,1
50.69,35.48,15,1
50.81,35.5,15,1
50.94,35.52,15,1
51.06,35.53,15,1
51.18,35.55,15,1
51.3,35.56,15,1
51.43,35.58,15,1
51.55,35.59,15,1
51.67,35.61,15,1
51.79,35.63,15,1
51.91,35.65,15,1
52.04,35.66,15,1
52.16,35.67,15,1
52.28,35.69,15,1
52.4,35.71,15,1
52.52,35.72,15,1
52.65,35.74,15,1
52.77,35.75,15,1
52.89,35.77,15,1
53.01,35.79,15,1
53.13,35.8,15,1
53.26,35.82,15,1
53.38,35.83,15,1
53.5,35.85,15,1
53.62,35.87,15,1
53.75,35.88,15,1
53.87,35.89,15,1
53.99,35.91,15,1
54.11,35.92,15,1
54.23,35.94,15,1
54.36,35.96,15,1
54.48,35.96,15,1
54.6,35.98,15,1
54.72,36.0,15,1
54.85,36.02,15,1
54.97,36.03,15,1
55.09,36.05,15,1
55.21,36.06,15,1
55.33,36.07,15,1
55.46,36.09,15,1
55.58,36.11,15,1
55.7,36.12,15,1
55.82,36.14,15,1
55.94,36.15,15,1
56.07,36.17,15,1
56.19,36.18,15,1
56.31,36.19,15,1
56.43,36.21,15,1
56.56,36.22,15,1
56.68,36.23,15,1
56.8,36.24,15,1
56.92,36.26,15,1
57.04,36.28,15,1
57.17,36.29,15,1
57.29,36.31,15,1
57.41,36.32,15,1
57.53,36.33,15,1
57.65,36.35,15,1
57.78,36.37,15,1
57.9,36.38,15,1
58.02,36.39,15,1
58.14,36.41,15,1
58.27,36.43,15,1
58.39,36.44,15,1
58.51,36.46,15,1
58.63,36.47,15,1
58.75,36.48,15,1
58.88,36.5,15,1
59.0,36.51,15,1
59.12,36.52,15,1
59.24,36.54,15,1
59.37,36.55,15,1
59.49,36.56,15,1
59.61,36.58,15,1
59.73,36.59,15,1
59.85,36.6,15,1
59.97,36.62,15,1
60.1,36.63,15,1
60.22,36.65,15,1
60.34,36.66,15,1
60.46,36.67,15,1
60.59,36.68,15,1
60.71,36.7,15,1
60.83,36.71,15,1
60.95,36.72,15,1
61.08,36.74,15,1
61.2,36.75,15,1
61.32,36.76,15,1
61.44,36.78,15,1
61.56,36.79,15,1
61.69,36.8,15,1
61.81,36.81,15,1
61.93,36.83,15,1
62.05,36.84,15,1
62.17,36.85,15,1
62.3,36.86,15,1
62.42,36.88,15,1
62.54,36.89,15,1
62.66,36.9,15,1
62.79,36.92,15,1
62.91,36.93,15,1
63.03,36.94,15,1
63.15,36.96,15,1
63.27,36.97,15,1
63.4,36.98,15,1
63.52,36.99,15,1
63.64,37.01,15,1
63.76,37.01,15,1
63.88,37.04,15,1
64.01,37.04,15,1
64.13,37.07,15,1
64.25,37.07,15,1
64.37,37.08,15,1
64.5,37.1,15,1
64.62,37.11,15,1
64.74,37.12,15,1
64.86,37.13,15,1
64.98,37.15,15,1
65.11,37.16,15,1
65.23,37.17,15,1
65.35,37.18,15,1
65.47,37.2,15,1
65.59,37.2,15,1
65.72,37.22,15,1
65.84,37.23,15,1
65.96,37.25,15,1
66.08,37.26,15,1
66.2,37.27,15,1
66.33,37.28,15,1
66.45,37.29,15,1
66.57,37.31,15,1
66.69,37.32,15,1
66.82,37.32,15,1
66.94,37.34,15,1
67.06,37.36,15,1
67.18,37.36,15,1
67.3,37.38,15,1
67.43,37.39,15,1
67.55,37.4,15,1
67.67,37.41,15,1
67.79,37.43,15,1
67.91,37.43,15,1
68.04,37.45,15,1
68.16,37.46,15,1
68.28,37.47,15,1
68.4,37.48,15,1
68.53,37.49,15,1
68.65,37.51,15,1
68.77,37.51,15,1
68.89,37.53,15,1
69.01,37.54,15,1
69.14,37.55,15,1
69.26,37.56,15,1
69.38,37.57,15,1
69.5,37.58,15,1
69.62,37.6,15,1
69.75,37.6,15,1
69.87,37.62,15,1
69.99,37.63,15,1
70.11,37.64,15,1
70.24,37.65,15,1
70.36,37.66,15,1
70.48,37.67,15,1
70.6,37.68,15,1
70.72,37.7,15,1
70.85,37.71,15,1
70.97,37.72,15,1
71.09,37.73,15,1
71.21,37.74,15,1
71.34,37.75,15,1
71.46,37.76,15,1
71.58,37.77,15,1
71.7,37.79,15,1
71.82,37.8,15,1
71.95,37.81,15,1
72.07,37.82,15,1
72.19,37.83,15,1
72.31,37.84,15,1
72.43,37.85,15,1
72.56,37.87,15,1
72.68,37.88,15,1
72.8,37.88,15,1
72.92,37.9,15,1
73.05,37.91,15,1
73.17,37.91,15,1
73.29,37.92,15,1
73.41,37.94,15,1
73.54,37.95,15,1
73.66,37.96,15,1
73.78,37.97,15,1
73.9,37.99,15,1
74.02,37.99,15,1
74.14,38.01,15,1
74.27,38.01,15,1
74.39,38.02,15,1
74.51,38.03,15,1
74.63,38.05,15,1
74.76,38.05,15,1
74.88,38.07,15,1
75.0,38.08,15,1
75.12,38.1,15,1
75.25,38.1,15,1
75.37,38.11,15,1
75.49,38.12,15,1
75.61,38.13,15,1
75.73,38.14,15,1
75.86,38.16,15,1
75.98,38.16,15,1
76.1,38.17,15,1
76.22,38.18,15,1
76.34,38.2,15,1
76.47,38.2,15,1
76.59,38.22,15,1
76.71,38.22,15,1
76.83,38.24,15,1
76.95,38.24,15,1
77.08,38.25,15,1
77.2,38.26,15,1
77.32,38.27,15,1
77.44,38.28,15,1
77.57,38.3,15,1
77.69,38.3,15,1
77.81,38.31,15,1
77.93,38.32,15,1
78.05,38.33,15,1
78.18,38.34,15,1
78.3,38.35,15,1
78.42,38.36,15,1
78.54,38.38,15,1
78.66,38.38,15,1
78.79,38.39,15,1
78.91,38.39,15,1
79.03,38.4,15,1
79.15,38.42,15,1
79.28,38.42,15,1
79.4,38.44,15,1
79.52,38.44,15,1
79.64,38.46,15,1
79.76,38.46,15,1
79.89,38.48,15,1
80.01,38.49,15,1
80.13,38.5,15,1
80.25,38.5,15,1
80.37,38.52,15,1
80.5,38.53,15,1
80.62,38.53,15,1
80.74,38.54,15,1
80.86,38.55,15,1
80.99,38.57,15,1
81.11,38.57,15,1
81.23,38.58,15,1
81.35,38.58,15,1
81.47,38.59,15,1
81.6,38.61,15,1
81.72,38.61,15,1
81.84,38.62,15,1
81.96,38.63,15,1
82.08,38.64,15,1
82.21,38.65,15,1
82.33,38.66,15,1
82.45,38.67,15,1
82.57,38.67,15,1
82.7,38.69,15,1
82.82,38.7,15,1
82.94,38.71,15,1
83.06,38.71,15,1
83.18,38.73,15,1
83.31,38.74,15,1
83.43,38.74,15,1
83.55,38.75,15,1
83.67,38.76,15,1
83.8,38.77,15,1
83.92,38.78,15,1
84.04,38.78,15,1
84.16,38.79,15,1
84.29,38.8,15,1
84.41,38.8,15,1
84.53,38.82,15,1
84.65,38.84,15,1
84.77,38.84,15,1
84.89,38.84,15,1
85.02,38.86,15,1
85.14,38.87,15,1
85.26,38.88,15,1
85.38,38.89,15,1
85.51,38.89,15,1
85.63,38.88,15,1
85.75,38.9,15,1
85.87,38.92,15,1
86.0,38.93,15,1
86.12,38.94,15,1
86.24,38.95,15,1
86.36,38.94,15,1
86.48,38.96,15,1
86.61,38.96,15,1
86.73,38.98,15,1
86.85,38.99,15,1
86.97,38.99,15,1
87.09,39.0,15,1
87.22,39.01,15,1
87.34,39.02,15,1
87.46,39.03,15,1
87.58,39.03,15,1
87.7,39.04,15,1
87.83,39.05,15,1
87.95,39.05,15,1
88.07,39.07,15,1
88.19,39.07,15,1
88.31,39.08,15,1
88.44,39.1,15,1
88.56,39.1,15,1
88.68,39.11,15,1
88.8,39.12,15,1
88.93,39.13,15,1
89.05,39.14,15,1
89.17,39.14,15,1
89.29,39.15,15,1
89.41,39.16,15,1
89.54,39.16,15,1
89.66,39.17,15,1
89.78,39.18,15,1
89.9,39.19,15,1
90.03,39.2,15,1
90.15,39.21,15,1
90.27,39.22,15,1
90.39,39.22,15,1
90.51,39.23,15,1
90.64,39.24,15,1
90.76,39.25,15,1
90.88,39.26,15,1
91.0,39.27,15,1
91.12,39.27,15,1
91.25,39.27,15,1
91.37,39.28,15,1
91.49,39.29,15,1
91.61,39.3,15,1
91.74,39.31,15,1
91.86,39.34,15,1
91.98,39.33,15,1
92.1,39.33,15,1
92.22,39.35,15,1
92.35,39.35,15,1
92.47,39.36,15,1
92.59,39.36,15,1
92.71,39.37,15,1
92.83,39.38,15,1
92.96,39.39,15,1
93.08,39.4,15,1
93.2,39.41,15,1
93.32,39.41,15,1
93.45,39.42,15,1
93.57,39.43,15,1
93.69,39.43,15,1
93.81,39.44,15,1
93.93,39.46,15,1
94.06,39.46,15,1
94.18,39.46,15,1
94.3,39.47,15,1
94.42,39.48,15,1
94.54,39.49,15,1
94.67,39.49,15,1
94.79,39.5,15,1
94.91,39.52,15,1
95.04,39.53,15,1
95.16,39.52,15,1
95.28,39.53,15,1
95.4,39.54,15,1
95.52,39.55,15,1
95.64,39.55,15,1
95.77,39.57,15,1
95.89,39.58,15,1
96.01,39.57,15,1
96.13,39.58,15,1
96.26,39.59,15,1
96.38,39.6,15,1
96.5,39.62,15,1
96.62,39.61,15,1
96.75,39.62,15,1
96.87,39.63,15,1
96.99,39.63,15,1
97.11,39.63,15,1
97.23,39.65,15,1
97.36,39.65,15,1
97.48,39.66,15,1
97.6,39.65,15,1
97.72,39.67,15,1
97.84,39.68,15,1
97.97,39.69,15,1
98.09,39.71,15,1
98.21,39.71,15,1
98.33,39.71,15,1
98.45,39.71,15,1
98.58,39.72,15,1
98.7,39.74,15,1
98.82,39.73,15,1
98.94,39.74,15,1
99.06,39.76,15,1
99.19,39.76,15,1
99.31,39.76,15,1
99.43,39.77,15,1
99.55,39.77,15,1
99.68,39.78,15,1
99.8,39.79,15,1
99.92,39.8,15,1
100.04,39.8,15,1
100.16,39.81,15,1
100.29,39.82,15,1
100.41,39.81,15,1
100.53,39.83,15,1
100.65,39.83,15,1
100.78,39.85,15,1
100.9,39.86,15,1
101.02,39.85,15,1
101.14,39.85,15,1
101.26,39.87,15,1
101.39,39.87,15,1
101.51,39.88,15,1
101.63,39.88,15,1
101.75,39.89,15,1
101.88,39.9,15,1
102.0,39.9,15,1
102.12,39.91,15,1
102.24,39.92,15,1
102.36,39.92,15,1
102.49,39.93,15,1
102.61,39.94,15,1
102.73,39.94,15,1
102.85,39.95,15,1
102.98,39.95,15,1
103.1,39.96,15,1
103.22,39.96,15,1
103.34,39.97,15,1
103.46,39.98,15,1
103.59,39.99,15,1
103.71,39.99,15,1
103.83,40.0,15,1
103.95,40.0,15,1
104.08,40.01,15,1
104.2,40.02,15,1
104.32,40.02,15,1
104.44,40.03,15,1
104.56,40.03,15,1
104.69,40.04,15,1
104.81,40.04,15,1
104.93,40.05,15,1
105.05,40.06,15,1
105.18,40.07,15,1
105.3,40.07,15,1
105.42,40.08,15,1
105.54,40.09,15,1
105.66,40.09,15,1
105.79,40.09,15,1
105.91,40.1,15,1
106.03,40.11,15,1
106.15,40.12,15,1
106.28,40.12,15,1
106.4,40.13,15,1
106.52,40.14,15,1
106.64,40.14,15,1
106.76,40.15,15,1
106.89,40.15,15,1
107.01,40.16,15,1
107.13,40.17,15,1
107.25,40.17,15,1
107.38,40.18,15,1
107.5,40.19,15,1
107.62,40.19,15,1
107.74,40.2,15,1
107.86,40.21,15,1
107.99,40.21,15,1
108.11,40.22,15,1
108.23,40.22,15,1
108.35,40.23,15,1
108.48,40.23,15,1
108.6,40.25,15,1
108.72,40.25,15,1
108.84,40.26,15,1
108.96,40.26,15,1
109.09,40.26,15,1
109.21,40.27,15,1
109.33,40.28,15,1
109.45,40.29,15,1
109.58,40.3,15,1
109.7,40.3,15,1
109.82,40.3,15,1
109.94,40.31,15,1
110.06,40.32,15,1
110.19,40.33,15,1
110.31,40.33,15,1
110.43,40.34,15,1
110.55,40.34,15,1
110.68,40.34,15,1
110.8,40.35,15,1
110.92,40.36,15,1
111.04,40.36,15,1
111.16,40.37,15,1
111.29,40.37,15,1
111.41,40.38,15,1
111.53,40.38,15,1
111.65,40.39,15,1
111.78,40.4,15,1
111.9,40.4,15,1
112.02,40.41,15,1
112.14,40.41,15,1
112.26,40.42,15,1
112.39,40.43,15,1
112.51,40.43,15,1
112.63,40.44,15,1
112.75,40.44,15,1
112.88,40.44,15,1
113.0,40.45,15,1
113.12,40.46,15,1
113.24,40.47,15,1
113.36,40.47,15,1
113.49,40.48,15,1
113.61,40.48,15,1
113.73,40.49,15,1
113.85,40.49,15,1
113.98,40.5,15,1
114.1,40.5,15,1
114.22,40.51,15,1
114.34,40.51,15,1
114.46,40.52,15,1
114.59,40.53,15,1
114.71,40.53,15,1
114.83,40.53,15,1
114.95,40.54,15,1
115.08,40.54,15,1
115.2,40.55,15,1
115.32,40.56,15,1
115.44,40.56,15,1
115.56,40.57,15,1
115.69,40.58,15,1
115.81,40.58,15,1
115.93,40.59,15,1
116.05,40.59,15,1
116.18,40.6,15,1
116.3,40.59,15,1
116.42,40.61,15,1
116.54,40.61,15,1
116.66,40.61,15,1
116.79,40.62,15,1
116.91,40.62,15,1
117.03,40.63,15,1
117.15,40.63,15,1
117.27,40.64,15,1
117.4,40.64,15,1
117.52,40.65,15,1
117.64,40.65,15,1
117.76,40.66,15,1
117.89,40.66,15,1
118.01,40.67,15,1
118.13,40.68,15,1
118.25,40.68,15,1
118.38,40.68,15,1
118.5,40.69,15,1
118.62,40.69,15,1
118.74,40.7,15,1
118.86,40.7,15,1
118.99,40.71,15,1
119.11,40.71,15,1
119.23,40.72,15,1
119.35,40.72,15,1
119.48,40.73,15,1
119.6,40.73,15,1
119.72,40.74,15,1
119.84,40.74,15,1
119.96,40.75,15,1
120.09,40.76,15,1
120.21,40.76,15,1
120.33,40.76,15,1
120.45,40.77,15,1
120.58,40.78,15,1
120.7,40.78,15,1
120.82,40.78,15,1
120.94,40.78,15,1
121.06,40.8,15,1
121.19,40.8,15,1
121.31,40.81,15,1
121.43,40.81,15,1
121.55,40.81,15,1
121.68,40.81,15,1
121.8,40.82,15,1
121.92,40.83,15,1
122.04,40.83,15,1
122.16,40.84,15,1
122.29,40.84,15,1
122.41,40.85,15,1
122.53,40.85,15,1
122.65,40.85,15,1
122.77,40.86,15,1
122.9,40.86,15,1
123.02,40.87,15,1
123.14,40.88,15,1
123.26,40.88,15,1
123.39,40.88,15,1
123.51,40.89,15,1
123.63,40.89,15,1
123.75,40.9,15,1
123.87,40.9,15,1
124.0,40.91,15,1
124.12,40.92,15,1
124.24,40.91,15,1
124.36,40.92,15,1
124.49,40.92,15,1
124.61,40.93,15,1
124.73,40.93,15,1
124.85,40.94,15,1
124.98,40.95,15,1
125.1,40.96,15,1
125.22,40.96,15,1
125.34,40.96,15,1
125.46,40.96,15,1
125.59,40.96,15,1
125.71,40.97,15,1
125.83,40.98,15,1
125.95,40.98,15,1
126.07,40.99,15,1
126.2,40.99,15,1
126.32,41.0,15,1
126.44,41.0,15,1
126.56,41.0,15,1
126.69,41.01,15,1
126.81,41.02,15,1
126.93,41.02,15,1
127.05,41.03,15,1
127.18,41.03,15,1
127.3,41.04,15,1
127.42,41.04,15,1
127.54,41.04,15,1
127.66,41.05,15,1
127.79,41.05,15,1
127.91,41.05,15,1
128.03,41.06,15,1
128.15,41.07,15,1
128.27,41.07,15,1
128.4,41.07,15,1
128.52,41.08,15,1
128.64,41.08,15,1
128.76,41.09,15,1
128.89,41.09,15,1
129.01,41.1,15,1
129.13,41.1,15,1
129.25,41.1,15,1
129.38,41.1,15,1
129.5,41.11,15,1
129.62,41.12,15,1
129.74,41.12,15,1
129.86,41.13,15,1
129.99,41.13,15,1
130.11,41.13,15,1
130.23,41.13,15,1
130.35,41.14,15,1
130.48,41.15,15,1
130.6,41.15,15,1
130.72,41.16,15,1
130.84,41.16,15,1
130.96,41.16,15,1
131.09,41.17,15,1
131.21,41.17,15,1
131.33,41.17,15,1
131.45,41.18,15,1
131.58,41.18,15,1
131.7,41.19,15,1
131.82,41.19,15,1
131.94,41.19,15,1
132.06,41.2,15,1
132.19,41.2,15,1
132.31,41.21,15,1
132.43,41.21,15,1
132.55,41.22,15,1
132.68,41.22,15,1
132.8,41.22,15,1
132.92,41.23,15,1
133.04,41.23,15,1
133.16,41.23,15,1
133.29,41.23,15,1
133.41,41.25,15,1
133.53,41.25,15,1
133.65,41.25,15,1
133.77,41.26,15,1
133.9,41.26,15,1
134.02,41.26,15,1
134.14,41.26,15,1
134.26,41.27,15,1
134.39,41.27,15,1
134.51,41.27,15,1
134.63,41.28,15,1
134.75,41.29,15,1
134.88,41.28,15,1
135.0,41.29,15,1
135.12,41.29,15,1
135.24,41.3,15,1
135.36,41.3,15,1
135.49,41.3,15,1
135.61,41.31,15,1
135.73,41.32,15,1
135.85,41.32,15,1
135.97,41.32,15,1
136.1,41.32,15,1
136.22,41.33,15,1
136.34,41.34,15,1
136.46,41.33,15,1
136.59,41.34,15,1
136.71,41.34,15,1
136.83,41.35,15,1
136.95,41.35,15,1
137.08,41.36,15,1
137.2,41.36,15,1
137.32,41.36,15,1
137.44,41.37,15,1
137.56,41.37,15,1
137.69,41.37,15,1
137.81,41.37,15,1
137.93,41.38,15,1
138.05,41.38,15,1
138.18,41.39,15,1
138.3,41.39,15,1
138.42,41.39,15,1
138.54,41.4,15,1
138.66,41.39,15,1
138.79,41.4,15,1
138.91,41.4,15,1
139.03,41.41,15,1
139.15,41.42,15,1
139.27,41.41,15,1
139.4,41.42,15,1
139.52,41.43,15,1
139.64,41.43,15,1
139.76,41.43,15,1
139.89,41.44,15,1
140.01,41.44,15,1
140.13,41.44,15,1
140.25,41.45,15,1
140.38,41.45,15,1
140.5,41.45,15,1
140.62,41.46,15,1
140.74,41.46,15,1
140.86,41.46,15,1
140.99,41.46,15,1
141.11,41.47,15,1
141.23,41.47,15,1
141.35,41.48,15,1
141.47,41.48,15,1
141.6,41.48,15,1
141.72,41.49,15,1
141.84,41.49,15,1
141.96,41.49,15,1
142.09,41.49,15,1
142.21,41.5,15,1
142.33,41.5,15,1
142.45,41.5,15,1
142.57,41.51,15,1
142.7,41.52,15,1
142.82,41.51,15,1
142.94,41.52,15,1
143.06,41.52,15,1
143.19,41.52,15,1
143.31,41.53,15,1
143.43,41.53,15,1
143.55,41.53,15,1
143.68,41.54,15,1
143.8,41.54,15,1
143.92,41.54,15,1
144.04,41.55,15,1
144.16,41.55,15,1
144.29,41.56,15,1
144.41,41.55,15,1
144.53,41.56,15,1
144.65,41.56,15,1
144.77,41.57,15,1
144.9,41.57,15,1
145.02,41.57,15,1
145.14,41.57,15,1
145.26,41.58,15,1
145.39,41.59,15,1
145.51,41.59,15,1
145.63,41.59,15,1
145.75,41.59,15,1
145.87,41.6,15,1
146.0,41.6,15,1
146.12,41.6,15,1
146.24,41.61,15,1
146.36,41.61,15,1
146.49,41.62,15,1
146.61,41.61,15,1
146.73,41.62,15,1
146.85,41.62,15,1
146.97,41.62,15,1
147.1,41.63,15,1
147.22,41.63,15,1
147.34,41.63,15,1
147.46,41.64,15,1
147.59,41.64,15,1
147.71,41.64,15,1
147.83,41.65,15,1
147.95,41.65,15,1
148.07,41.66,15,1
148.2,41.66,15,1
148.32,41.66,15,1
148.44,41.67,15,1
148.56,41.67,15,1
148.69,41.67,15,1
148.81,41.67,15,1
148.93,41.68,15,1
149.05,41.68,15,1
149.18,41.69,15,1
149.3,41.69,15,1
149.42,41.69,15,1
149.54,41.7,15,1
149.66,41.7,15,1
149.79,41.7,15,1
149.91,41.71,15,1
150.03,41.71,15,1
150.15,41.71,15,1
150.27,41.71,15,1
150.4,41.71,15,1
150.52,41.72,15,1
150.64,41.72,15,1
150.76,41.73,15,1
150.88,41.73,15,1
151.01,41.74,15,1
151.13,41.73,15,1
151.25,41.74,15,1
151.37,41.74,15,1
151.5,41.75,15,1
151.62,41.75,15,1
151.74,41.75,15,1
151.86,41.76,15,1
151.99,41.76,15,1
152.11,41.76,15,1
152.23,41.77,15,1
152.35,41.76,15,1
152.47,41.78,15,1
152.6,41.77,15,1
152.72,41.78,15,1
152.84,41.78,15,1
152.96,41.78,15,1
153.09,41.79,15,1
153.21,41.79,15,1
153.33,41.79,15,1
153.45,41.79,15,1
153.57,41.8,15,1
153.7,41.8,15,1
153.82,41.8,15,1
153.94,41.81,15,1
154.06,41.81,15,1
154.19,41.82,15,1
154.31,41.81,15,1
154.43,41.81,15,1
154.55,41.82,15,1
154.67,41.82,15,1
154.8,41.82,15,1
154.92,41.83,15,1
155.04,41.83,15,1
155.16,41.83,15,1
155.29,41.83,15,1
155.41,41.84,15,1
155.53,41.84,15,1
155.65,41.84,15,1
155.77,41.85,15,1
155.9,41.85,15,1
156.02,41.85,15,1
156.14,41.85,15,1
156.26,41.85,15,1
156.38,41.86,15,1
156.51,41.86,15,1
156.63,41.86,15,1
156.75,41.86,15,1
156.87,41.86,15,1
157.0,41.87,15,1
157.12,41.87,15,1
157.24,41.88,15,1
157.36,41.87,15,1
157.49,41.88,15,1
157.61,41.88,15,1
157.73,41.89,15,1
157.85,41.89,15,1
157.97,41.89,15,1
158.1,41.89,15,1
158.22,41.89,15,1
158.34,41.9,15,1
158.46,41.9,15,1
158.59,41.9,15,1
158.71,41.91,15,1
158.83,41.91,15,1
158.95,41.91,15,1
159.07,41.91,15,1
159.2,41.92,15,1
159.32,41.92,15,1
159.44,41.92,15,1
159.56,41.92,15,1
159.69,41.93,15,1
159.81,41.93,15,1
159.93,41.93,15,1
160.05,41.93,15,1
160.17,41.94,15,1
160.3,41.94,15,1
160.42,41.94,15,1
160.54,41.94,15,1
160.66,41.94,15,1
160.79,41.95,15,1
160.91,41.95,15,1
161.03,41.95,15,1
161.15,41.96,15,1
161.27,41.96,15,1
161.4,41.96,15,1
161.52,41.96,15,1
161.64,41.96,15,1
161.76,41.97,15,1
161.88,41.97,15,1
162.01,41.98,15,1
162.13,41.98,15,1
162.25,41.98,15,1
162.37,41.98,15,1
162.5,41.98,15,1
162.62,41.98,15,1
162.74,41.99,15,1
162.86,41.99,15,1
162.98,42.0,15,1
163.11,41.99,15,1
163.23,42.0,15,1
163.35,42.0,15,1
163.47,42.0,15,1
163.6,42.01,15,1
163.72,42.01,15,1
163.84,42.01,15,1
163.96,42.01,15,1
164.08,42.01,15,1
164.21,42.01,15,1
164.33,42.02,15,1
164.45,42.02,15,1
164.57,42.03,15,1
164.7,42.03,15,1
164.82,42.03,15,1
164.94,42.03,15,1
165.06,42.03,15,1
165.18,42.03,15,1
165.31,42.04,15,1
165.43,42.04,15,1
165.55,42.04,15,1
165.67,42.04,15,1
165.8,42.05,15,1
165.92,42.05,15,1
166.04,42.05,15,1
166.16,42.05,15,1
166.29,42.05,15,1
166.41,42.06,15,1
166.53,42.06,15,1
166.65,42.06,15,1
166.77,42.07,15,1
166.9,42.07,15,1
167.02,42.07,15,1
167.14,42.08,15,1
167.26,42.08,15,1
167.38,42.08,15,1
167.51,42.08,15,1
167.63,42.08,15,1
167.75,42.08,15,1
167.87,42.09,15,1
168.0,42.09,15,1
168.12,42.09,15,1
168.24,42.09,15,1
168.36,42.09,15,1
168.48,42.09,15,1
168.61,42.1,15,1
168.73,42.1,15,1
168.85,42.11,15,1
168.97,42.11,15,1
169.1,42.1,15,1
169.22,42.1,15,1
169.34,42.1,15,1
169.46,42.11,15,1
169.58,42.11,15,1
169.71,42.12,15,1
169.83,42.12,15,1
169.95,42.12,15,1
170.07,42.13,15,1
170.2,42.12,15,1
170.32,42.13,15,1
170.44,42.13,15,1
170.56,42.13,15,1
170.68,42.13,15,1
170.81,42.13,15,1
170.93,42.14,15,1
171.05,42.14,15,1
171.17,42.15,15,1
171.3,42.14,15,1
171.42,42.15,15,1
171.54,42.16,15,1
171.66,42.15,15,1
171.78,42.15,15,1
171.91,42.15,15,1
172.03,42.16,15,1
172.15,42.16,15,1
172.27,42.15,15,1
172.4,42.16,15,1
172.52,42.16,15,1
172.64,42.17,15,1
172.76,42.16,15,1
172.88,42.17,15,1
173.01,42.17,15,1
173.13,42.17,15,1
173.25,42.17,15,1
173.37,42.17,15,1
173.5,42.19,15,1
173.62,42.18,15,1
173.74,42.18,15,1
173.86,42.2,15,1
173.98,42.19,15,1
174.11,42.18,15,1
174.23,42.19,15,1
174.35,42.18,15,1
174.47,42.2,15,1
174.6,42.19,15,1
174.72,42.2,15,1
174.84,42.2,15,1
174.96,42.2,15,1
175.08,42.2,15,1
175.21,42.21,15,1
175.33,42.21,15,1
175.45,42.2,15,1
175.57,42.22,15,1
175.69,42.21,15,1
175.82,42.21,15,1
175.94,42.22,15,1
176.06,42.22,15,1
176.18,42.22,15,1
176.31,42.22,15,1
176.43,42.22,15,1
176.55,42.23,15,1
176.67,42.23,15,1
176.79,42.23,15,1
176.92,42.23,15,1
177.04,42.24,15,1
177.16,42.24,15,1
177.28,42.24,15,1
177.41,42.24,15,1
177.53,42.24,15,1
177.65,42.24,15,1
177.77,42.24,15,1
177.89,42.25,15,1
178.02,42.24,15,1
178.14,42.25,15,1
178.26,42.26,15,1
178.38,42.26,15,1
178.51,42.26,15,1
178.63,42.25,15,1
178.75,42.26,15,1
178.87,42.26,15,1
178.99,42.26,15,1
179.12,42.26,15,1
179.24,42.27,15,1
179.36,42.27,15,1
179.48,42.27,15,1
179.61,42.27,15,1
179.73,42.28,15,1
179.85,42.28,15,1
179.97,42.28,15,1
180.09,42.28,15,1
180.22,42.28,15,1
180.34,42.29,15,1
180.46,42.3,15,1
180.58,42.29,15,1
180.71,42.3,15,1
180.83,42.29,15,1
180.95,42.3,15,1
181.07,42.3,15,1
181.19,42.3,15,1
181.32,42.3,15,1
181.44,42.3,15,1
181.56,42.31,15,1
181.68,42.32,15,1
181.8,42.31,15,1
181.93,42.32,15,1
182.05,42.32,15,1
182.17,42.31,15,1
182.29,42.32,15,1
182.41,42.32,15,1
182.54,42.33,15,1
182.66,42.32,15,1
182.78,42.32,15,1
182.9,42.32,15,1
183.03,42.33,15,1
183.15,42.33,15,1
183.27,42.34,15,1
183.39,42.33,15,1
183.52,42.33,15,1
183.64,42.35,15,1
183.76,42.34,15,1
183.88,42.36,15,1
184.0,42.35,15,1
184.13,42.35,15,1
184.25,42.36,15,1
184.37,42.35,15,1
184.49,42.35,15,1
184.62,42.36,15,1
184.74,42.36,15,1
184.86,42.35,15,1
184.98,42.37,15,1
185.1,42.36,15,1
185.23,42.37,15,1
185.35,42.37,15,1
185.47,42.37,15,1
185.59,42.38,15,1
185.72,42.38,15,1
185.84,42.37,15,1
185.96,42.38,15,1
186.08,42.38,15,1
186.2,42.37,15,1
186.33,42.38,15,1
186.45,42.38,15,1
186.57,42.39,15,1
186.69,42.39,15,1
186.82,42.39,15,1
186.94,42.4,15,1
187.06,42.4,15,1
187.18,42.39,15,1
187.3,42.41,15,1
187.43,42.39,15,1
187.55,42.41,15,1
187.67,42.41,15,1
187.79,42.4,15,1
187.91,42.41,15,1
188.04,42.42,15,1
188.16,42.41,15,1
188.28,42.41,15,1
188.4,42.41,15,1
188.52,42.42,15,1
188.65,42.42,15,1
188.77,42.42,15,1
188.89,42.43,15,1
189.02,42.43,15,1
189.14,42.42,15,1
189.26,42.43,15,1
189.38,42.44,15,1
189.5,42.43,15,1
189.63,42.44,15,1
189.75,42.44,15,1
189.87,42.44,15,1
189.99,42.44,15,1
190.11,42.45,15,1
190.24,42.44,15,1
190.36,42.44,15,1
190.48,42.44,15,1
190.6,42.45,15,1
190.73,42.45,15,1
190.85,42.45,15,1
190.97,42.46,15,1
191.09,42.45,15,1
191.21,42.46,15,1
191.34,42.46,15,1
191.46,42.46,15,1
191.58,42.46,15,1
191.7,42.46,15,1
191.82,42.46,15,1
191.95,42.46,15,1
192.07,42.47,15,1
192.19,42.47,15,1
192.31,42.47,15,1
192.44,42.47,15,1
192.56,42.47,15,1
192.68,42.48,15,1
192.8,42.47,15,1
192.92,42.48,15,1
193.05,42.48,15,1
193.17,42.48,15,1
193.29,42.48,15,1
193.41,42.48,15,1
193.54,42.48,15,1
193.66,42.48,15,1
193.78,42.49,15,1
193.9,42.49,15,1
194.02,42.48,15,1
194.15,42.49,15,1
194.27,42.49,15,1
194.39,42.48,15,1
194.51,42.49,15,1
194.63,42.49,15,1
194.76,42.5,15,1
194.88,42.5,15,1
195.0,42.5,15,1
195.12,42.5,15,1
195.25,42.5,15,1
195.37,42.51,15,1
195.49,42.5,15,1
195.61,42.51,15,1
195.74,42.5,15,1
195.86,42.51,15,1
195.98,42.51,15,1
196.1,42.51,15,1
196.22,42.51,15,1
196.35,42.51,15,1
196.47,42.52,15,1
196.59,42.51,15,1
196.71,42.51,15,1
196.84,42.52,15,1
196.96,42.52,15,1
197.08,42.52,15,1
197.2,42.52,15,1
197.32,42.52,15,1
197.45,42.53,15,1
197.57,42.52,15,1
197.69,42.53,15,1
197.81,42.52,15,1
197.94,42.53,15,1
198.06,42.53,15,1
198.18,42.53,15,1
198.3,42.53,15,1
198.42,42.54,15,1
198.55,42.54,15,1
198.67,42.54,15,1
198.79,42.54,15,1
198.91,42.54,15,1
199.03,42.54,15,1
199.16,42.54,15,1
199.28,42.55,15,1
199.4,42.55,15,1
199.52,42.55,15,1
199.65,42.55,15,1
199.77,42.55,15,1
199.89,42.55,15,1
200.01,42.56,15,1
200.13,42.56,15,1
200.26,42.56,15,1
200.38,42.57,15,1
200.5,42.57,15,1
200.62,42.56,15,1
200.75,42.57,15,1
200.87,42.57,15,1
200.99,42.57,15,1
201.11,42.58,15,1
201.23,42.57,15,1
201.36,42.57,15,1
201.48,42.57,15,1
201.6,42.58,15,1
201.72,42.58,15,1
201.85,42.58,15,1
201.97,42.59,15,1
202.09,42.58,15,1
202.21,42.58,15,1
202.33,42.59,15,1
202.46,42.59,15,1
202.58,42.59,15,1
202.7,42.59,15,1
202.82,42.6,15,1
202.95,42.59,15,1
203.07,42.59,15,1
203.19,42.6,15,1
203.31,42.59,15,1
203.43,42.6,15,1
203.56,42.6,15,1
203.68,42.6,15,1
203.8,42.6,15,1
203.92,42.6,15,1
204.05,42.6,15,1
204.17,42.61,15,1
204.29,42.61,15,1
204.41,42.61,15,1
204.53,42.61,15,1
204.66,42.61,15,1
204.78,42.61,15,1
204.9,42.61,15,1
205.02,42.61,15,1
205.15,42.62,15,1
205.27,42.61,15,1
205.39,42.62,15,1
205.51,42.62,15,1
205.63,42.62,15,1
205.76,42.62,15,1
205.88,42.62,15,1
206.0,42.62,15,1
206.12,42.62,15,1
206.24,42.62,15,1
206.37,42.62,15,1
206.49,42.63,15,1
206.61,42.63,15,1
206.73,42.63,15,1
206.86,42.62,15,1
206.98,42.63,15,1
207.1,42.63,15,1
207.22,42.63,15,1
207.34,42.63,15,1
207.47,42.63,15,1
207.59,42.63,15,1
207.71,42.63,15,1
207.83,42.64,15,1
207.96,42.64,15,1
208.08,42.64,15,1
208.2,42.65,15,1
208.32,42.64,15,1
208.44,42.64,15,1
208.57,42.64,15,1
208.69,42.65,15,1
208.81,42.65,15,1
208.93,42.65,15,1
209.05,42.65,15,1
209.18,42.65,15,1
209.3,42.65,15,1
209.42,42.66,15,1
209.54,42.66,15,1
209.67,42.66,15,1
209.79,42.66,15,1
209.91,42.67,15,1
210.03,42.66,15,1
210.16,42.66,15,1
210.28,42.67,15,1
210.4,42.67,15,1
210.52,42.67,15,1
210.64,42.67,15,1
210.77,42.67,15,1
210.89,42.68,15,1
211.01,42.68,15,1
211.13,42.67,15,1
211.26,42.68,15,1
211.38,42.68,15,1
211.5,42.68,15,1
211.62,42.68,15,1
211.74,42.68,15,1
211.87,42.68,15,1
211.99,42.68,15,1
212.11,42.69,15,1
212.23,42.69,15,1
212.36,42.69,15,1
212.48,42.68,15,1
212.6,42.69,15,1
212.72,42.69,15,1
212.84,42.69,15,1
212.97,42.69,15,1
213.09,42.69,15,1
213.21,42.7,15,1
213.33,42.69,15,1
213.45,42.69,15,1
213.58,42.7,15,1
213.7,42.69,15,1
213.82,42.7,15,1
213.94,42.7,15,1
214.07,42.7,15,1
214.19,42.7,15,1
214.31,42.7,15,1
214.43,42.7,15,1
214.55,42.71,15,1
214.68,42.7,15,1
214.8,42.71,15,1
214.92,42.71,15,1
215.04,42.72,15,1
215.16,42.72,15,1
215.29,42.72,15,1
215.41,42.71,15,1
215.53,42.72,15,1
215.65,42.72,15,1
215.78,42.72,15,1
215.9,42.72,15,1
216.02,42.73,15,1
216.14,42.72,15,1
216.27,42.72,15,1
216.39,42.73,15,1
216.51,42.73,15,1
216.63,42.73,15,1
216.75,42.73,15,1
216.88,42.74,15,1
217.0,42.74,15,1
217.12,42.73,15,1
217.24,42.75,15,1
217.37,42.75,15,1
217.49,42.74,15,1
217.61,42.75,15,1
217.73,42.75,15,1
217.85,42.75,15,1
217.98,42.75,15,1
218.1,42.76,15,1
218.22,42.75,15,1
218.34,42.75,15,1
218.47,42.75,15,1
218.59,42.76,15,1
218.71,42.76,15,1
218.83,42.76,15,1
218.95,42.76,15,1
219.08,42.76,15,1
219.2,42.77,15,1
219.32,42.77,15,1
219.44,42.76,15,1
219.57,42.77,15,1
219.69,42.75,15,1
219.81,42.76,15,1
219.93,42.75,15,1
220.05,42.77,15,1
220.18,42.78,15,1
220.3,42.78,15,1
220.42,42.77,15,1
220.54,42.77,15,1
220.66,42.76,15,1
220.79,42.78,15,1
220.91,42.77,15,1
221.03,42.78,15,1
221.15,42.78,15,1
221.28,42.79,15,1
221.4,42.78,15,1
221.52,42.79,15,1
221.64,42.78,15,1
221.76,42.77,15,1
221.89,42.79,15,1
222.01,42.78,15,1
222.13,42.79,15,1
222.25,42.8,15,1
222.38,42.79,15,1
222.5,42.79,15,1
222.62,42.8,15,1
222.74,42.79,15,1
222.86,42.79,15,1
222.99,42.8,15,1
223.11,42.8,15,1
223.23,42.79,15,1
223.35,42.8,15,1
223.48,42.8,15,1
223.6,42.8,15,1
223.72,42.8,15,1
223.84,42.8,15,1
223.96,42.81,15,1
224.09,42.81,15,1
224.21,42.81,15,1
224.33,42.8,15,1
224.45,42.81,15,1
224.58,42.81,15,1
224.7,42.81,15,1
224.82,42.81,15,1
224.94,42.81,15,1
225.06,42.82,15,1
225.19,42.81,15,1
225.31,42.82,15,1
225.43,42.82,15,1
225.55,42.82,15,1
225.68,42.82,15,1
225.8,42.82,15,1
225.92,42.83,15,1
226.04,42.83,15,1
226.16,42.83,15,1
226.29,42.82,15,1
226.41,42.83,15,1
226.53,42.83,15,1
226.65,42.83,15,1
226.77,42.83,15,1
226.9,42.83,15,1
227.02,42.84,15,1
227.14,42.84,15,1
227.26,42.84,15,1
227.39,42.84,15,1
227.51,42.84,15,1
227.63,42.84,15,1
227.75,42.85,15,1
227.87,42.84,15,1
228.0,42.85,15,1
228.12,42.84,15,1
228.24,42.85,15,1
228.36,42.85,15,1
228.49,42.85,15,1
228.61,42.86,15,1
228.73,42.86,15,1
228.85,42.86,15,1
228.97,42.86,15,1
229.1,42.86,15,1
229.22,42.86,15,1
229.34,42.85,15,1
229.46,42.86,15,1
229.59,42.86,15,1
229.71,42.86,15,1
229.83,42.87,15,1
229.95,42.86,15,1
230.07,42.86,15,1
230.2,42.87,15,1
230.32,42.87,15,1
230.44,42.87,15,1
230.56,42.87,15,1
230.69,42.87,15,1
230.81,42.87,15,1
230.93,42.88,15,1
231.05,42.87,15,1
231.17,42.87,15,1
231.3,42.87,15,1
231.42,42.88,15,1
231.54,42.88,15,1
231.66,42.87,15,1
231.79,42.88,15,1
231.91,42.88,15,1
232.03,42.88,15,1
232.15,42.88,15,1
232.27,42.88,15,1
232.4,42.89,15,1
232.52,42.89,15,1
232.64,42.88,15,1
232.76,42.89,15,1
232.88,42.89,15,1
233.01,42.89,15,1
233.13,42.89,15,1
233.25,42.89,15,1
233.37,42.89,15,1
233.5,42.89,15,1
233.62,42.9,15,1
233.74,42.89,15,1
233.86,42.89,15,1
233.99,42.89,15,1
234.11,42.9,15,1
234.23,42.9,15,1
234.35,42.89,15,1
234.47,42.9,15,1
234.6,42.9,15,1
0.12,42.87,0,1
0.24,42.86,0,1
0.36,42.84,0,1
0.49,42.83,0,1
0.61,42.81,0,1
0.73,42.79,0,1
0.85,42.78,0,1
0.98,42.76,59,1
1.1,42.74,129,1
1.22,42.72,164,1
1.35,42.7,184,1
1.47,42.68,203,1
1.59,42.69,225,1
1.72,42.7,252,1
1.84,42.74,252,1
1.96,42.79,252,1
2.08,42.88,250,1
2.21,42.97,248,1
2.33,43.1,248,1
2.45,43.27,248,1
2.57,43.42,247,1
2.7,43.6,246,1
2.82,43.81,246,1
2.94,44.02,247,1
3.06,44.24,247,1
3.19,44.48,247,1
3.31,44.73,247,1
3.43,44.98,247,1
3.55,45.24,247,1
3.68,45.52,247,1
3.8,45.8,247,1
3.92,46.08,247,1
4.04,46.35,247,1
4.16,46.65,247,1
4.28,46.94,247,1
4.41,47.24,247,1
4.53,47.53,247,1
4.65,47.84,247,1
4.77,48.14,247,1
4.9,48.44,247,1
5.02,48.74,247,1
5.14,49.05,247,1
5.26,49.36,247,0
5.39,49.66,247,0
5.51,49.97,247,0
5.63,50.26,247,0
5.75,50.53,247,0
5.87,50.76,247,0
6.0,50.97,247,0
6.12,51.13,247,0
6.24,51.26,247,0
6.36,51.36,247,0
6.48,51.43,247,0
6.61,51.45,247,0
6.73,51.45,247,0
6.85,51.43,247,0
6.97,51.4,247,0
7.09,51.33,247,0
7.22,51.25,247,0
7.34,51.16,247,0
7.46,51.06,247,0
7.58,50.93,247,0
7.71,50.8,247,0
7.83,50.66,247,0
7.95,50.5,247,0
8.07,50.35,247,0
8.19,50.18,247,0
8.32,50.01,247,0
8.44,49.83,247,0
8.56,49.64,247,0
8.68,49.45,247,0
8.81,49.26,247,0
8.93,49.06,247,0
9.05,48.86,247,0
9.17,48.67,247,0
9.29,48.46,247,0
9.42,48.26,247,0
9.54,48.06,247,0
9.66,47.85,247,0
9.78,47.64,247,0
9.9,47.44,247,0
10.03,47.23,247,0
10.15,47.02,247,0
10.27,46.81,247,0
10.39,46.61,247,0
10.52,46.41,247,0
10.64,46.2,247,0
10.76,46.0,247,0
10.88,45.8,247,0
11.0,45.59,247,0
11.13,45.38,247,0
11.25,45.19,247,0
11.37,44.98,247,0
11.49,44.78,247,0
11.61,44.59,247,0
11.74,44.4,247,0
11.86,44.2,247,0
11.98,44.02,247,0
12.1,43.81,247,0
12.23,43.63,247,0
12.35,43.45,247,0
12.47,43.26,247,0
12.59,43.08,247,0
12.72,42.89,247,0
12.84,42.71,247,0
12.96,42.54,247,0
13.08,42.35,247,0
13.2,42.17,247,0
13.33,41.99,247,0
13.45,41.82,247,0
13.57,41.64,247,0
13.69,41.47,247,0
13.81,41.3,247,0
13.94,41.14,247,0
14.06,40.97,247,0
14.18,40.81,247,0
14.3,40.63,247,0
14.43,40.48,247,0
14.55,40.32,247,0
14.67,40.16,247,0
14.79,40.0,247,0
14.92,39.84,247,0
15.04,39.69,247,0
15.16,39.54,247,0
15.28,39.4,247,0
15.4,39.24,247,0
15.53,39.09,247,0
15.65,38.95,247,0
15.77,38.8,247,0
15.89,38.65,247,0
16.01,38.51,247,0
16.14,38.37,247,0
16.26,38.23,247,0
16.38,38.09,247,0
16.5,37.95,247,0
16.63,37.81,247,0
16.75,37.67,247,0
16.87,37.53,247,0
16.99,37.4,247,0
17.11,37.27,247,0
17.24,37.13,247,0
17.36,37.0,247,0
17.48,36.86,247,0
17.6,36.74,247,0
17.73,36.6,247,0
17.85,36.49,247,0
17.97,36.35,247,0
18.09,36.23,247,0
18.21,36.1,247,0
18.34,35.97,247,0
18.46,35.85,247,0
18.58,35.73,247,0
18.7,35.6,247,0
18.83,35.48,247,0
18.95,35.37,247,0
19.07,35.25,247,0
19.19,35.13,247,0
19.31,35.01,247,0
19.44,34.89,247,0
19.56,34.77,247,0
19.68,34.65,247,0
19.8,34.53,247,0
19.93,34.42,247,0
20.05,34.3,247,0
20.17,34.18,247,0
20.29,34.07,247,0
20.41,33.97,247,0
20.54,33.86,247,0
20.66,33.74,247,0
20.78,33.64,247,0
20.9,33.52,247,0
21.02,33.42,247,0
21.15,33.31,247,0
21.27,33.2,247,0
21.39,33.1,247,0
21.51,32.99,247,0
21.64,32.88,247,0
21.76,32.77,247,0
21.88,32.67,247,0
22.0,32.56,247,0
22.12,32.47,247,0
22.25,32.36,247,0
22.37,32.26,247,0
22.49,32.16,247,0
22.61,32.05,247,0
22.74,31.95,247,0
22.86,31.84,247,0
22.98,31.74,247,0
23.1,31.65,247,0
23.22,31.54,247,0
23.35,31.45,247,0
23.47,31.35,247,0
23.59,31.26,247,0
23.71,31.15,247,0
23.84,31.06,247,0
23.96,30.95,247,0
24.08,30.86,247,0
24.2,30.77,247,0
24.32,30.67,247,0
24.45,30.57,247,0
24.57,30.47,247,0
24.69,30.38,247,0
0.12,28.04,0,1
0.24,28.07,0,1
0.36,28.11,0,1
0.49,28.16,0,1
0.61,28.21,0,1
0.73,28.25,0,1
0.85,28.3,0,1
0.98,28.36,0,1
1.1,28.41,23,1
1.22,28.47,23,1
1.34,28.53,23,1
1.47,28.58,23,1
1.59,28.64,23,1
1.71,28.7,23,1
1.83,28.77,23,1
1.95,28.83,23,1
2.08,28.91,23,1
2.2,28.98,23,1
2.32,29.06,23,1
2.44,29.14,23,1
2.56,29.22,23,1
2.69,29.3,23,1
2.81,29.38,23,1
2.93,29.47,23,1
3.05,29.55,23,1
3.17,29.63,23,1
3.3,29.72,23,1
3.42,29.8,23,1
3.54,29.88,23,1
3.66,29.95,23,1
3.78,30.05,23,1
3.91,30.12,23,1
4.03,30.21,23,1
4.15,30.29,23,1
4.27,30.37,23,1
4.4,30.45,23,1
4.52,30.52,23,1
4.64,30.6,23,1
4.76,30.68,23,1
4.88,30.76,23,1
5.01,30.84,23,1
5.13,30.91,23,1
5.25,30.99,23,1
5.37,31.07,23,1
5.49,31.13,23,1
5.62,31.21,23,1
5.74,31.29,23,1
5.86,31.36,23,1
5.98,31.43,23,1
6.1,31.49,23,1
6.23,31.56,23,1
6.35,31.63,23,1
6.47,31.7,23,1
6.59,31.77,23,1
6.72,31.83,23,1
6.84,31.89,23,1
6.96,31.96,23,1
7.08,32.01,23,1
7.2,32.08,23,1
7.32,32.17,23,1
7.45,32.2,23,1
7.57,32.28,23,1
7.69,32.32,23,1
7.81,32.39,23,1
7.94,32.45,23,1
8.06,32.5,23,1
8.18,32.57,23,1
8.3,32.62,23,1
8.42,32.69,23,1
8.55,32.71,23,1
8.67,32.79,23,1
8.79,32.84,23,1
8.91,32.9,23,1
9.03,32.94,23,1
9.16,33.0,23,1
9.28,33.04,23,1
9.4,33.11,23,1
9.52,33.15,23,1
9.65,33.19,23,1
9.77,33.24,23,1
9.89,33.32,23,1
10.01,33.35,23,1
10.13,33.4,23,1
10.26,33.44,23,1
10.38,33.51,23,1
10.5,33.54,23,1
10.62,33.58,23,1
10.74,33.63,23,1
10.87,33.68,23,1
10.99,33.73,23,1
11.11,33.76,23,1
11.23,33.81,23,1
11.35,33.87,23,1
11.48,33.89,23,1
11.6,33.95,23,1
11.72,33.98,23,1
11.84,34.02,23,1
11.97,34.07,23,1
12.09,34.11,23,1
12.21,34.15,23,1
12.33,34.18,23,1
12.45,34.22,23,1
12.58,34.27,23,1
12.7,34.3,23,1
12.82,34.35,23,1
12.94,34.4,23,1
13.06,34.42,23,1
13.19,34.47,23,1
13.31,34.5,23,1
13.43,34.55,23,1
13.55,34.58,23,1
13.68,34.61,23,1
13.8,34.65,23,1
13.92,34.7,23,1
14.04,34.73,23,1
14.16,34.77,23,1
14.29,34.8,23,1
14.41,34.84,23,1
14.53,34.87,23,1
14.65,34.89,23,1
14.77,34.95,23,1
14.9,34.98,23,1
15.02,35.02,23,1
15.14,35.05,23,1
15.26,35.08,23,1
15.39,35.12,23,1
15.51,35.14,23,1
15.63,35.18,23,1
15.75,35.22,23,1
15.88,35.24,23,1
16.0,35.29,23,1
16.12,35.3,23,1
16.24,35.34,23,1
16.36,35.37,23,1
16.49,35.43,23,1
16.61,35.46,23,1
16.73,35.46,23,1
16.85,35.49,23,1
16.97,35.52,23,1
17.1,35.56,23,1
17.22,35.61,23,1
17.34,35.64,23,1
17.46,35.65,23,1
17.58,35.67,23,1
17.71,35.71,23,1
17.83,35.74,23,1
17.95,35.76,23,1
18.07,35.8,23,1
18.2,35.82,23,1
18.32,35.86,23,1
18.44,35.88,23,1
18.56,35.93,23,1
18.68,35.94,23,1
18.81,35.97,23,1
18.93,36.01,23,1
19.05,36.04,23,1
19.17,36.05,23,1
19.29,36.09,23,1
19.42,36.12,23,1
19.54,36.14,23,1
19.66,36.16,23,1
19.78,36.21,23,1
19.91,36.22,23,1
20.03,36.26,23,1
20.15,36.28,23,1
20.27,36.29,23,1
20.39,36.33,23,1
20.52,36.37,23,1
20.64,36.38,23,1
20.76,36.41,23,1
20.88,36.44,23,1
21.0,36.46,23,1
21.13,36.49,23,1
21.25,36.52,23,1
21.37,36.54,23,1
21.49,36.57,23,1
21.62,36.59,23,1
21.74,36.63,23,1
21.86,36.64,23,1
21.98,36.67,23,1
22.1,36.69,23,1
22.23,36.73,23,1
22.35,36.75,23,1
22.47,36.77,23,1
22.59,36.8,23,1
22.72,36.82,23,1
22.84,36.84,23,1
22.96,36.86,23,1
23.08,36.88,23,1
23.2,36.92,23,1
23.33,36.94,23,1
23.45,36.95,23,1
23.57,36.98,23,1
23.69,37.01,23,1
23.81,37.03,23,1
23.94,37.06,23,1
24.06,37.09,23,1
24.18,37.1,23,1
24.3,37.13,23,1
24.43,37.15,23,1
24.55,37.17,23,1
24.67,37.2,23,1
24.79,37.23,23,1
24.91,37.25,23,1
25.04,37.27,23,1
25.16,37.29,23,1
25.28,37.31,23,1
25.4,37.34,23,1
25.52,37.37,23,1
25.65,37.38,23,1
25.77,37.41,23,1
25.89,37.44,23,1
26.01,37.45,23,1
26.14,37.48,23,1
26.26,37.5,23,1
26.38,37.51,23,1
26.5,37.54,23,1
26.62,37.56,23,1
26.75,37.59,23,1
26.87,37.61,23,1
26.99,37.62,23,1
27.11,37.64,23,1
27.23,37.67,23,1
27.36,37.69,23,1
27.48,37.72,23,1
27.6,37.74,23,1
27.72,37.74,23,1
27.85,37.79,23,1
27.97,37.8,23,1
28.09,37.84,23,1
28.21,37.84,23,1
28.33,37.87,23,1
28.46,37.89,23,1
28.58,37.92,23,1
28.7,37.92,23,1
28.82,37.96,23,1
28.95,37.98,23,1
29.07,38.0,23,1
29.19,38.01,23,1
29.31,38.04,23,1
29.43,38.06,23,1
29.56,38.07,23,1
29.68,38.09,23,1
29.8,38.12,23,1
29.92,38.13,23,1
30.04,38.16,23,1
30.17,38.18,23,1
30.29,38.2,23,1
30.41,38.21,23,1
30.53,38.24,23,1
30.66,38.26,23,1
30.78,38.29,23,1
30.9,38.3,23,1
31.02,38.32,23,1
31.14,38.34,23,1
31.27,38.36,23,1
31.39,38.38,23,1
31.51,38.4,23,1
31.63,38.41,23,1
31.75,38.42,23,1
31.88,38.46,23,1
32.0,38.47,23,1
32.12,38.5,23,1
32.24,38.51,23,1
32.37,38.53,23,1
32.49,38.55,23,1
32.61,38.57,23,1
32.73,38.6,23,1
32.86,38.61,23,1
32.98,38.63,23,1
33.1,38.64,23,1
33.22,38.66,23,1
33.34,38.68,23,1
33.47,38.7,23,1
33.59,38.72,23,1
33.71,38.74,23,1
33.83,38.76,23,1
33.95,38.77,23,1
34.08,38.79,23,1
34.2,38.81,23,1
34.32,38.83,23,1
34.44,38.84,23,1
34.56,38.87,23,1
34.69,38.88,23,1
34.81,38.9,23,1
34.93,38.92,23,1
35.05,38.94,23,1
35.18,38.96,23,1
35.3,38.97,23,1
35.42,38.99,23,1
35.54,39.01,23,1
35.66,39.02,23,1
35.79,39.05,23,1
35.91,39.06,23,1
36.03,39.09,23,1
36.15,39.1,23,1
36.28,39.12,23,1
36.4,39.14,23,1
36.52,39.16,23,1
36.64,39.17,23,1
36.76,39.18,23,1
36.89,39.21,23,1
37.01,39.23,23,1
37.13,39.25,23,1
37.25,39.25,23,1
37.37,39.27,23,1
37.5,39.28,23,1
37.62,39.29,23,1
37.74,39.34,23,1
37.86,39.36,23,1
37.99,39.37,23,1
38.11,39.37,23,1
38.23,39.39,23,1
38.35,39.42,23,1
38.47,39.43,23,1
38.6,39.44,23,1
38.72,39.46,23,1
38.84,39.48,23,1
38.96,39.49,23,1
39.09,39.51,23,1
39.21,39.53,23,1
39.33,39.56,23,1
39.45,39.58,23,1
39.57,39.57,23,1
39.7,39.6,23,1
39.82,39.62,23,1
39.94,39.62,23,1
40.06,39.65,23,1
40.18,39.67,23,1
40.31,39.67,23,1
40.43,39.69,23,1
40.55,39.7,23,1
40.67,39.72,23,1
40.79,39.74,23,1
40.92,39.74,23,1
41.04,39.77,23,1
41.16,39.76,23,1
41.28,39.8,23,1
41.41,39.82,23,1
41.53,39.83,23,1
41.65,39.86,23,1
41.77,39.86,23,1
41.89,39.88,23,1
42.02,39.89,23,1
42.14,39.92,23,1
42.26,39.92,23,1
42.38,39.95,23,1
42.51,39.96,23,1
42.63,39.97,23,1
42.75,39.99,23,1
42.87,40.0,23,1
42.99,40.0,23,1
43.12,40.04,23,1
43.24,40.08,23,1
43.36,40.05,23,1
43.48,40.09,23,1
43.6,40.1,23,1
43.73,40.12,23,1
43.85,40.14,23,1
43.97,40.15,23,1
44.09,40.17,23,1
44.22,40.18,23,1
44.34,40.2,23,1
44.46,40.22,23,1
44.58,40.22,23,1
44.7,40.24,23,1
44.83,40.26,23,1
44.95,40.27,23,1
45.07,40.29,23,1
45.19,40.31,23,1
45.31,40.32,23,1
45.44,40.34,23,1
45.56,40.35,23,1
45.68,40.36,23,1
45.8,40.37,23,1
45.93,40.4,23,1
46.05,40.41,23,1
46.17,40.42,23,1
46.29,40.44,23,1
46.41,40.45,23,1
46.54,40.46,23,1
46.66,40.46,23,1
46.78,40.51,23,1
46.9,40.51,23,1
47.03,40.52,23,1
47.15,40.53,23,1
47.27,40.54,23,1
47.39,40.57,23,1
47.51,40.57,23,1
47.64,40.59,23,1
47.76,40.61,23,1
47.88,40.62,23,1
48.0,40.63,23,1
48.12,40.65,23,1
48.25,40.67,23,1
48.37,40.68,23,1
48.49,40.69,23,1
48.61,40.71,23,1
48.74,40.73,23,1
48.86,40.73,23,1
48.98,40.74,23,1
49.1,40.77,23,1
49.22,40.78,23,1
49.35,40.79,23,1
49.47,40.82,23,1
49.59,40.82,23,1
49.71,40.83,23,1
49.84,40.84,23,1
49.96,40.86,23,1
50.08,40.88,23,1
50.2,40.89,23,1
50.32,40.89,23,1
50.45,40.92,23,1
50.57,40.93,23,1
50.69,40.95,23,1
50.81,40.96,23,1
50.93,40.98,23,1
51.06,40.99,23,1
51.18,41.0,23,1
51.3,41.01,23,1
51.42,41.04,23,1
51.54,41.03,23,1
51.67,41.04,23,1
51.79,41.05,23,1
51.91,41.07,23,1
52.03,41.1,23,1
52.16,41.1,23,1
52.28,41.13,23,1
52.4,41.13,23,1
52.52,41.15,23,1
52.64,41.17,23,1
52.77,41.18,23,1
52.89,41.19,23,1
53.01,41.19,23,1
53.13,41.19,23,1
53.26,41.22,23,1
53.38,41.25,23,1
53.5,41.24,23,1
53.62,41.26,23,1
53.74,41.26,23,1
53.87,41.29,23,1
53.99,41.3,23,1
54.11,41.32,23,1
54.23,41.33,23,1
54.35,41.34,23,1
54.48,41.34,23,1
54.6,41.36,23,1
54.72,41.37,23,1
54.84,41.38,23,1
54.97,41.39,23,1
55.09,41.4,23,1
55.21,41.42,23,1
55.33,41.43,23,1
55.45,41.44,23,1
55.58,41.46,23,1
55.7,41.48,23,1
55.82,41.48,23,1
55.94,41.49,23,1
56.06,41.51,23,1
56.19,41.51,23,1
56.31,41.53,23,1
56.43,41.55,23,1
56.55,41.56,23,1
56.68,41.57,23,1
56.8,41.57,23,1
56.92,41.6,23,1
57.04,41.6,23,1
57.16,41.61,23,1
57.29,41.63,23,1
57.41,41.65,23,1
57.53,41.66,23,1
57.65,41.66,23,1
57.78,41.69,23,1
57.9,41.69,23,1
58.02,41.71,23,1
58.14,41.71,23,1
58.26,41.72,23,1
58.39,41.73,23,1
58.51,41.75,23,1
58.63,41.76,23,1
58.75,41.79,23,1
58.87,41.79,23,1
59.0,41.8,23,1
59.12,41.81,23,1
59.24,41.82,23,1
59.36,41.83,23,1
59.49,41.85,23,1
59.61,41.86,23,1
59.73,41.87,23,1
59.85,41.88,23,1
59.97,41.89,23,1
60.1,41.91,23,1
60.22,41.91,23,1
60.34,41.92,23,1
60.46,41.94,23,1
60.58,41.95,23,1
60.71,41.96,23,1
60.83,41.97,23,1
60.95,41.99,23,1
61.07,42.0,23,1
61.2,42.02,23,1
61.32,42.03,23,1
61.44,42.04,23,1
61.56,42.04,23,1
61.68,42.05,23,1
61.81,42.07,23,1
61.93,42.08,23,1
62.05,42.09,23,1
62.17,42.1,23,1
62.29,42.1,23,1
62.42,42.12,23,1
62.54,42.13,23,1
62.66,42.14,23,1
62.78,42.15,23,1
62.91,42.16,23,1
63.03,42.18,23,1
63.15,42.19,23,1
63.27,42.2,23,1
63.39,42.21,23,1
63.52,42.21,23,1
63.64,42.23,23,1
63.76,42.25,23,1
63.88,42.26,23,1
64.0,42.26,23,1
64.13,42.28,23,1
64.25,42.29,23,1
64.37,42.3,23,1
64.49,42.31,23,1
64.62,42.32,23,1
64.74,42.34,23,1
64.86,42.34,23,1
64.98,42.35,23,1
65.1,42.37,23,1
65.23,42.37,23,1
65.35,42.38,23,1
65.47,42.4,23,1
65.59,42.41,23,1
65.71,42.42,23,1
65.84,42.43,23,1
65.96,42.44,23,1
66.08,42.46,23,1
66.2,42.47,23,1
66.33,42.48,23,1
66.45,42.49,23,1
66.57,42.5,23,1
66.69,42.51,23,1
66.81,42.52,23,1
66.94,42.52,23,1
67.06,42.54,23,1
67.18,42.54,23,1
67.3,42.57,23,1
67.43,42.57,23,1
67.55,42.59,23,1
67.67,42.6,23,1
67.79,42.6,23,1
67.91,42.62,23,1
68.04,42.63,23,1
68.16,42.63,23,1
68.28,42.66,23,1
68.4,42.64,23,1
68.52,42.67,23,1
68.65,42.67,23,1
68.77,42.68,23,1
68.89,42.7,23,1
69.01,42.7,23,1
69.14,42.71,23,1
69.26,42.71,23,1
69.38,42.71,23,1
69.5,42.73,23,1
69.62,42.75,23,1
69.75,42.78,23,1
69.87,42.77,23,1
69.99,42.78,23,1
70.11,42.8,23,1
70.23,42.8,23,1
70.36,42.81,23,1
70.48,42.82,23,1
70.6,42.83,23,1
70.72,42.83,23,1
70.85,42.85,23,1
70.97,42.87,23,1
71.09,42.89,23,1
71.21,42.91,23,1
71.33,42.89,23,1
71.46,42.89,23,1
71.58,42.92,23,1
71.7,42.93,23,1
71.82,42.93,23,1
71.94,42.94,23,1
72.07,42.95,23,1
72.19,42.97,23,1
72.31,42.96,23,1
72.43,42.98,23,1
72.56,42.98,23,1
72.68,42.99,23,1
72.8,43.0,23,1
72.92,43.02,23,1
73.04,43.01,23,1
73.17,43.02,23,1
73.29,43.05,23,1
73.41,43.05,23,1
73.53,43.06,23,1
73.66,43.07,23,1
73.78,43.07,23,1
73.9,43.09,23,1
74.02,43.1,23,1
74.14,43.09,23,1
74.27,43.12,23,1
74.39,43.13,23,1
74.51,43.14,23,1
74.63,43.14,23,1
74.75,43.16,23,1
74.88,43.16,23,1
75.0,43.17,23,1
75.12,43.18,23,1
75.24,43.19,23,1
75.37,43.2,23,1
75.49,43.21,23,1
75.61,43.22,23,1
75.73,43.23,23,1
75.85,43.23,23,1
75.98,43.24,23,1
76.1,43.26,23,1
76.22,43.25,23,1
76.34,43.27,23,1
76.46,43.28,23,1
76.59,43.29,23,1
76.71,43.3,23,1
76.83,43.31,23,1
76.95,43.32,23,1
77.08,43.32,23,1
77.2,43.33,23,1
77.32,43.35,23,1
77.44,43.35,23,1
77.56,43.37,23,1
77.69,43.37,23,1
77.81,43.38,23,1
77.93,43.39,23,1
78.05,43.4,23,1
78.18,43.41,23,1
78.3,43.42,23,1
78.42,43.42,23,1
78.54,43.44,23,1
78.66,43.44,23,1
78.79,43.45,23,1
78.91,43.46,23,1
79.03,43.46,23,1
79.15,43.48,23,1
79.27,43.49,23,1
79.4,43.49,23,1
79.52,43.5,23,1
79.64,43.51,23,1
79.76,43.53,23,1
79.89,43.53,23,1
80.01,43.54,23,1
80.13,43.55,23,1
80.25,43.56,23,1
80.37,43.56,23,1
80.5,43.57,23,1
80.62,43.58,23,1
80.74,43.59,23,1
80.86,43.6,23,1
80.98,43.59,23,1
81.11,43.61,23,1
81.23,43.61,23,1
81.35,43.63,23,1
81.47,43.64,23,1
81.6,43.65,23,1
81.72,43.65,23,1
81.84,43.66,23,1
81.96,43.67,23,1
82.08,43.68,23,1
82.21,43.69,23,1
82.33,43.71,23,1
82.45,43.7,23,1
82.57,43.71,23,1
82.69,43.72,23,1
82.82,43.73,23,1
82.94,43.74,23,1
83.06,43.74,23,1
83.18,43.75,23,1
83.31,43.76,23,1
83.43,43.77,23,1
83.55,43.78,23,1
83.67,43.79,23,1
83.79,43.79,23,1
83.92,43.8,23,1
84.04,43.81,23,1
84.16,43.82,23,1
84.28,43.82,23,1
84.4,43.84,23,1
84.53,43.84,23,1
84.65,43.84,23,1
84.77,43.86,23,1
84.89,43.87,23,1
85.02,43.87,23,1
85.14,43.88,23,1
85.26,43.88,23,1
85.38,43.9,23,1
85.5,43.9,23,1
85.63,43.92,23,1
85.75,43.92,23,1
85.87,43.92,23,1
85.99,43.93,23,1
86.12,43.94,23,1
86.24,43.95,23,1
86.36,43.95,23,1
86.48,43.96,23,1
86.6,43.97,23,1
86.73,43.97,23,1
86.85,43.99,23,1
86.97,44.0,23,1
87.09,44.01,23,1
87.21,44.02,23,1
87.34,44.02,23,1
87.46,44.02,23,1
87.58,44.04,23,1
87.7,44.04,23,1
87.83,44.05,23,1
87.95,44.05,23,1
88.07,44.06,23,1
88.19,44.08,23,1
88.31,44.08,23,1
88.44,44.09,23,1
88.56,44.09,23,1
88.68,44.1,23,1
88.8,44.11,23,1
88.93,44.11,23,1
89.05,44.12,23,1
89.17,44.13,23,1
89.29,44.14,23,1
89.41,44.14,23,1
89.54,44.15,23,1
89.66,44.15,23,1
89.78,44.17,23,1
89.9,44.18,23,1
90.02,44.18,23,1
90.15,44.19,23,1
90.27,44.2,23,1
90.39,44.2,23,1
90.51,44.22,23,1
90.63,44.22,23,1
90.76,44.23,23,1
90.88,44.23,23,1
91.0,44.23,23,1
91.12,44.25,23,1
91.25,44.25,23,1
91.37,44.25,23,1
91.49,44.27,23,1
91.61,44.27,23,1
91.73,44.28,23,1
91.86,44.29,23,1
91.98,44.29,23,1
92.1,44.31,23,1
92.22,44.31,23,1
92.35,44.31,23,1
92.47,44.32,23,1
92.59,44.33,23,1
92.71,44.34,23,1
92.83,44.35,23,1
92.96,44.35,23,1
93.08,44.36,23,1
93.2,44.36,23,1
93.32,44.37,23,1
93.44,44.38,23,1
93.57,44.38,23,1
93.69,44.4,23,1
93.81,44.41,23,1
93.93,44.41,23,1
94.06,44.42,23,1
94.18,44.42,23,1
94.3,44.43,23,1
94.42,44.44,23,1
94.54,44.44,23,1
94.67,44.44,23,1
94.79,44.46,23,1
94.91,44.46,23,1
95.03,44.46,23,1
95.15,44.48,23,1
95.28,44.48,23,1
95.4,44.49,23,1
95.52,44.49,23,1
95.64,44.5,23,1
95.77,44.51,23,1
95.89,44.51,23,1
96.01,44.52,23,1
96.13,44.52,23,1
96.25,44.53,23,1
96.38,44.54,23,1
96.5,44.54,23,1
96.62,44.55,23,1
96.74,44.56,23,1
96.86,44.56,23,1
96.99,44.58,23,1
97.11,44.58,23,1
97.23,44.59,23,1
97.35,44.59,23,1
97.48,44.6,23,1
97.6,44.6,23,1
97.72,44.62,23,1
97.84,44.62,23,1
97.96,44.63,23,1
98.09,44.62,23,1
98.21,44.64,23,1
98.33,44.65,23,1
98.45,44.65,23,1
98.58,44.66,23,1
98.7,44.65,23,1
98.82,44.67,23,1
98.94,44.68,23,1
99.06,44.68,23,1
99.19,44.69,23,1
99.31,44.69,23,1
99.43,44.7,23,1
99.55,44.71,23,1
99.68,44.71,23,1
99.8,44.72,23,1
99.92,44.72,23,1
100.04,44.73,23,1
100.16,44.74,23,1
100.29,44.75,23,1
100.41,44.75,23,1
100.53,44.75,23,1
100.65,44.76,23,1
100.77,44.76,23,1
100.9,44.78,23,1
101.02,44.78,23,1
101.14,44.79,23,1
101.26,44.8,23,1
101.39,44.81,23,1
101.51,44.81,23,1
101.63,44.82,23,1
101.75,44.82,23,1
101.87,44.83,23,1
102.0,44.83,23,1
102.12,44.84,23,1
102.24,44.84,23,1
102.36,44.85,23,1
102.49,44.85,23,1
102.61,44.86,23,1
102.73,44.87,23,1
102.85,44.87,23,1
102.97,44.87,23,1
103.1,44.89,23,1
103.22,44.89,23,1
103.34,44.9,23,1
103.46,44.9,23,1
103.58,44.91,23,1
103.71,44.92,23,1
103.83,44.92,23,1
103.95,44.93,23,1
104.07,44.94,23,1
104.2,44.94,23,1
104.32,44.95,23,1
104.44,44.95,23,1
104.56,44.96,23,1
104.68,44.97,23,1
104.81,44.97,23,1
104.93,44.98,23,1
105.05,44.98,23,1
105.17,44.99,23,1
105.3,44.99,23,1
105.42,45.0,23,1
105.54,45.01,23,1
105.66,45.01,23,1
105.79,45.02,23,1
105.91,45.02,23,1
106.03,45.03,23,1
106.15,45.04,23,1
106.27,45.05,23,1
106.4,45.04,23,1
106.52,45.05,23,1
106.64,45.06,23,1
106.76,45.06,23,1
106.88,45.07,23,1
107.01,45.08,23,1
107.13,45.08,23,1
107.25,45.08,23,1
107.37,45.1,23,1
107.5,45.09,23,1
107.62,45.1,23,1
107.74,45.1,23,1
107.86,45.11,23,1
107.98,45.12,23,1
108.11,45.13,23,1
108.23,45.13,23,1
108.35,45.13,23,1
108.47,45.14,23,1
108.6,45.15,23,1
108.72,45.16,23,1
108.84,45.16,23,1
108.96,45.16,23,1
109.08,45.17,23,1
109.21,45.17,23,1
109.33,45.18,23,1
109.45,45.19,23,1
109.57,45.19,23,1
109.7,45.2,23,1
109.82,45.2,23,1
109.94,45.21,23,1
110.06,45.22,23,1
110.18,45.22,23,1
110.31,45.23,23,1
110.43,45.23,23,1
110.55,45.24,23,1
110.67,45.24,23,1
110.79,45.25,23,1
110.92,45.25,23,1
111.04,45.26,23,1
111.16,45.25,23,1
111.28,45.27,23,1
111.41,45.27,23,1
111.53,45.28,23,1
111.65,45.29,23,1
111.77,45.29,23,1
111.89,45.3,23,1
112.02,45.31,23,1
112.14,45.31,23,1
112.26,45.32,23,1
112.38,45.32,23,1
112.51,45.32,23,1
112.63,45.32,23,1
112.75,45.34,23,1
112.87,45.34,23,1
113.0,45.35,23,1
113.12,45.35,23,1
113.24,45.35,23,1
113.36,45.36,23,1
113.48,45.36,23,1
113.61,45.37,23,1
113.73,45.37,23,1
113.85,45.38,23,1
113.97,45.38,23,1
114.09,45.39,23,1
114.22,45.4,23,1
114.34,45.41,23,1
114.46,45.41,23,1
114.58,45.4,23,1
114.71,45.42,23,1
114.83,45.42,23,1
114.95,45.43,23,1
115.07,45.43,23,1
115.19,45.45,23,1
115.32,45.44,23,1
115.44,45.44,23,1
115.56,45.45,23,1
115.68,45.46,23,1
115.81,45.46,23,1
115.93,45.46,23,1
116.05,45.47,23,1
116.17,45.48,23,1
116.29,45.47,23,1
116.42,45.49,23,1
116.54,45.49,23,1
116.66,45.49,23,1
116.78,45.5,23,1
116.9,45.51,23,1
117.03,45.5,23,1
117.15,45.51,23,1
117.27,45.52,23,1
117.39,45.53,23,1
117.52,45.53,23,1
117.64,45.53,23,1
117.76,45.53,23,1
117.88,45.54,23,1
118.0,45.56,23,1
118.13,45.54,23,1
118.25,45.56,23,1
118.37,45.56,23,1
118.5,45.57,23,1
118.62,45.57,23,1
118.74,45.58,23,1
118.86,45.59,23,1
118.98,45.59,23,1
119.11,45.59,23,1
119.23,45.59,23,1
119.35,45.59,23,1
119.47,45.6,23,1
119.59,45.6,23,1
119.72,45.61,23,1
119.84,45.63,23,1
119.96,45.63,23,1
120.08,45.62,23,1
120.2,45.62,23,1
120.33,45.64,23,1
120.45,45.64,23,1
120.57,45.65,23,1
120.69,45.66,23,1
120.82,45.66,23,1
120.94,45.67,23,1
121.06,45.66,23,1
121.18,45.67,23,1
121.3,45.68,23,1
121.43,45.68,23,1
121.55,45.69,23,1
121.67,45.7,23,1
121.79,45.7,23,1
121.92,45.7,23,1
122.04,45.7,23,1
122.16,45.7,23,1
122.28,45.71,23,1
122.4,45.72,23,1
122.53,45.73,23,1
122.65,45.73,23,1
122.77,45.72,23,1
122.89,45.74,23,1
123.02,45.75,23,1
123.14,45.75,23,1
123.26,45.75,23,1
123.38,45.75,23,1
123.5,45.77,23,1
123.63,45.77,23,1
123.75,45.78,23,1
123.87,45.78,23,1
123.99,45.78,23,1
124.11,45.79,23,1
124.24,45.79,23,1
124.36,45.79,23,1
124.48,45.8,23,1
124.6,45.8,23,1
124.73,45.81,23,1
124.85,45.8,23,1
124.97,45.81,23,1
125.09,45.82,23,1
125.21,45.83,23,1
125.34,45.84,23,1
125.46,45.84,23,1
125.58,45.84,23,1
125.7,45.85,23,1
125.83,45.85,23,1
125.95,45.85,23,1
126.07,45.85,23,1
126.19,45.86,23,1
126.31,45.86,23,1
126.44,45.87,23,1
126.56,45.87,23,1
126.68,45.89,23,1
126.8,45.89,23,1
126.93,45.89,23,1
127.05,45.9,23,1
127.17,45.89,23,1
127.29,45.91,23,1
127.41,45.91,23,1
127.54,45.91,23,1
127.66,45.92,23,1
127.78,45.93,23,1
127.9,45.93,23,1
128.02,45.93,23,1
128.15,45.94,23,1
128.27,45.94,23,1
128.39,45.94,23,1
128.52,45.94,23,1
128.64,45.95,23,1
128.76,45.96,23,1
128.88,45.96,23,1
129.0,45.96,23,1
129.13,45.97,23,1
129.25,45.98,23,1
129.37,45.97,23,1
129.49,45.98,23,1
129.61,45.98,23,1
129.74,45.98,23,1
129.86,45.99,23,1
129.98,46.0,23,1
130.1,46.01,23,1
130.23,46.01,23,1
130.35,46.02,23,1
130.47,46.01,23,1
130.59,46.01,23,1
130.71,46.03,23,1
130.84,46.03,23,1
130.96,46.03,23,1
131.08,46.04,23,1
131.2,46.05,23,1
131.32,46.04,23,1
131.45,46.06,23,1
131.57,46.05,23,1
131.69,46.07,23,1
131.81,46.07,23,1
131.94,46.07,23,1
132.06,46.06,23,1
132.18,46.07,23,1
132.3,46.08,23,1
132.42,46.08,23,1
132.55,46.08,23,1
132.67,46.08,23,1
132.79,46.11,23,1
132.91,46.09,23,1
133.04,46.11,23,1
133.16,46.1,23,1
133.28,46.11,21,1
133.4,46.11,58,1
133.53,46.11,187,1
133.65,46.12,211,1
133.77,46.13,211,1
133.9,46.14,211,1
134.02,46.16,211,1
134.14,46.2,211,1
134.26,46.26,211,1
134.38,46.34,211,1
134.51,46.44,211,1
134.63,46.55,223,0
134.75,46.68,223,0
134.87,46.83,223,0
135.0,46.98,223,0
135.12,47.12,223,0
135.24,47.23,223,0
135.36,47.33,223,0
135.48,47.41,223,0
135.61,47.46,223,0
135.73,47.49,223,0
135.85,47.49,223,0
135.97,47.48,223,0
136.1,47.45,223,0
136.22,47.4,223,0
136.34,47.35,223,0
136.46,47.28,223,0
136.58,47.2,223,0
136.71,47.1,223,0
136.83,47.01,223,0
136.95,46.9,223,0
137.07,46.78,223,0
137.2,46.66,223,0
137.32,46.55,223,0
137.44,46.41,223,0
137.56,46.27,223,0
137.68,46.14,223,0
137.81,45.99,223,0
137.93,45.86,223,0
138.05,45.7,223,0
138.17,45.55,223,0
138.3,45.4,223,0
138.42,45.24,223,0
138.54,45.09,223,0
138.66,44.93,223,0
138.78,44.78,223,0
138.91,44.62,223,0
139.03,44.47,223,0
139.15,44.31,223,0
139.27,44.15,223,0
139.4,43.99,223,0
139.52,43.83,223,0
139.64,43.68,223,0
139.76,43.52,223,0
139.88,43.36,223,0
140.01,43.21,223,0
140.13,43.05,223,0
140.25,42.89,223,0
140.37,42.74,223,0
140.5,42.59,223,0
140.62,42.44,223,0
140.74,42.28,223,0
140.86,42.13,223,0
140.98,41.99,223,0
141.11,41.83,223,0
141.23,41.67,223,0
141.35,41.53,223,0
141.47,41.39,223,0
141.6,41.24,223,0
141.72,41.1,223,0
141.84,40.95,223,0
141.96,40.82,223,0
142.08,40.68,223,0
142.21,40.53,223,0
142.33,40.39,223,0
142.45,40.25,223,0
142.57,40.12,223,0
142.7,39.97,223,0
142.82,39.84,223,0
142.94,39.71,223,0
143.06,39.58,223,0
143.18,39.45,223,0
143.31,39.31,223,0
143.43,39.18,223,0
143.55,39.06,223,0
143.67,38.93,223,0
143.8,38.8,223,0
143.92,38.68,223,0
144.04,38.55,223,0
144.16,38.43,223,0
144.29,38.3,223,0
144.41,38.18,223,0
144.53,38.06,223,0
144.65,37.94,223,0
144.77,37.83,223,0
144.9,37.71,223,0
145.02,37.58,223,0
145.14,37.47,223,0
145.26,37.35,223,0
145.38,37.24,223,0
145.51,37.12,223,0
145.63,37.0,223,0
145.75,36.89,223,0
145.87,36.79,223,0
146.0,36.67,223,0
146.12,36.56,223,0
146.24,36.44,223,0
146.36,36.33,223,0
146.49,36.22,223,0
146.61,36.11,223,0
0.12,33.1,0,1
0.24,33.12,0,1
0.36,33.14,0,1
0.49,33.17,0,1
0.61,33.19,0,1
0.73,33.22,0,1
0.85,33.26,0,1
0.98,33.29,0,1
1.1,33.32,0,1
1.22,33.36,0,1
1.34,33.39,30,1
1.47,33.42,30,1
1.59,33.47,30,1
1.71,33.5,30,1
1.83,33.55,30,1
1.95,33.59,30,1
2.08,33.64,30,1
2.2,33.7,30,1
2.32,33.75,30,1
2.44,33.82,30,1
2.56,33.87,30,1
2.69,33.94,30,1
2.81,34.0,30,1
2.93,34.07,30,1
3.05,34.14,30,1
3.17,34.22,30,1
3.3,34.28,30,1
3.42,34.36,30,1
3.54,34.42,30,1
3.66,34.5,30,1
3.78,34.57,30,1
3.91,34.65,30,1
4.03,34.72,30,1
4.15,34.8,30,1
4.27,34.87,30,1
4.4,34.95,30,1
4.52,35.01,30,1
4.64,35.09,30,1
4.76,35.17,30,1
4.88,35.24,30,1
5.01,35.32,30,1
5.13,35.38,30,1
5.25,35.45,30,1
5.37,35.52,30,1
5.49,35.59,30,1
5.62,35.67,30,1
5.74,35.73,30,1
5.86,35.81,30,1
5.98,35.87,30,1
6.11,35.93,30,1
6.23,36.01,30,1
6.35,36.07,30,1
6.47,36.14,30,1
6.59,36.19,30,1
6.72,36.26,30,1
6.84,36.32,30,1
6.96,36.39,30,1
7.08,36.45,30,1
7.2,36.5,30,1
7.32,36.57,30,1
7.45,36.62,30,1
7.57,36.69,30,1
7.69,36.75,30,1
7.81,36.81,30,1
7.94,36.85,30,1
8.06,36.91,30,1
8.18,36.96,30,1
8.3,37.02,30,1
8.42,37.07,30,1
8.55,37.13,30,1
8.67,37.18,30,1
8.79,37.24,30,1
8.91,37.29,30,1
9.03,37.34,30,1
9.16,37.39,30,1
9.28,37.44,30,1
9.4,37.49,30,1
9.52,37.54,30,1
9.65,37.59,30,1
9.77,37.64,30,1
9.89,37.68,30,1
10.01,37.73,30,1
10.13,37.78,30,1
10.26,37.82,30,1
10.38,37.87,30,1
10.5,37.91,30,1
10.62,37.96,30,1
10.74,38.0,30,1
10.87,38.04,30,1
10.99,38.09,30,1
11.11,38.13,30,1
11.23,38.18,30,1
11.35,38.21,30,1
11.48,38.25,30,1
11.6,38.29,30,1
11.72,38.34,30,1
11.84,38.38,30,1
11.97,38.42,30,1
12.09,38.45,30,1
12.21,38.49,30,1
12.33,38.53,30,1
12.45,38.57,30,1
12.58,38.61,30,1
12.7,38.65,30,1
12.82,38.68,30,1
12.94,38.71,30,1
13.07,38.76,30,1
13.19,38.79,30,1
13.31,38.83,30,1
13.43,38.87,30,1
13.55,38.9,30,1
13.68,38.94,30,1
13.8,38.98,30,1
13.92,39.01,30,1
14.04,39.05,30,1
14.16,39.07,30,1
14.29,39.1,30,1
14.41,39.14,30,1
14.53,39.17,30,1
14.65,39.21,30,1
14.78,39.24,30,1
14.9,39.27,30,1
15.02,39.31,30,1
15.14,39.34,30,1
15.26,39.37,30,1
15.39,39.4,30,1
15.51,39.43,30,1
15.63,39.46,30,1
15.75,39.5,30,1
15.88,39.53,30,1
16.0,39.56,30,1
16.12,39.58,30,1
16.24,39.62,30,1
16.36,39.65,30,1
16.49,39.68,30,1
16.61,39.7,30,1
16.73,39.73,30,1
16.85,39.76,30,1
16.97,39.79,30,1
17.1,39.82,30,1
17.22,39.86,30,1
17.34,39.88,30,1
17.46,39.91,30,1
17.58,39.93,30,1
17.71,39.97,30,1
17.83,40.0,30,1
17.95,40.03,30,1
18.07,40.05,30,1
18.2,40.07,30,1
18.32,40.1,30,1
18.44,40.13,30,1
18.56,40.17,30,1
18.68,40.19,30,1
18.81,40.22,30,1
18.93,40.24,30,1
19.05,40.28,30,1
19.17,40.3,30,1
19.3,40.32,30,1
19.42,40.35,30,1
19.54,40.38,30,1
19.66,40.4,30,1
19.78,40.43,30,1
19.91,40.45,30,1
20.03,40.48,30,1
20.15,40.5,30,1
20.27,40.53,30,1
20.39,40.56,30,1
20.52,40.59,30,1
20.64,40.61,30,1
20.76,40.63,30,1
20.88,40.66,30,1
21.01,40.69,30,1
21.13,40.71,30,1
21.25,40.73,30,1
21.37,40.75,30,1
21.49,40.79,30,1
21.62,40.81,30,1
21.74,40.83,30,1
21.86,40.87,30,1
21.98,40.88,30,1
22.1,40.91,30,1
22.23,40.93,30,1
22.35,40.96,30,1
22.47,40.98,30,1
22.59,41.01,30,1
22.72,41.02,30,1
22.84,41.05,30,1
22.96,41.08,30,1
23.08,41.1,30,1
23.2,41.11,30,1
23.33,41.15,30,1
23.45,41.17,30,1
23.57,41.2,30,1
23.69,41.21,30,1
23.81,41.23,30,1
23.94,41.27,30,1
24.06,41.29,30,1
24.18,41.3,30,1
24.3,41.32,30,1
24.43,41.35,30,1
24.55,41.36,30,1
24.67,41.4,30,1
24.79,41.41,30,1
24.91,41.43,30,1
25.04,41.46,30,1
25.16,41.48,30,1
25.28,41.51,30,1
25.4,41.52,30,1
25.53,41.55,30,1
25.65,41.57,30,1
25.77,41.6,30,1
25.89,41.62,30,1
26.01,41.63,30,1
26.14,41.64,30,1
26.26,41.69,30,1
26.38,41.72,30,1
26.5,41.73,30,1
26.62,41.73,30,1
26.75,41.79,30,1
26.87,41.8,30,1
26.99,41.8,30,1
27.11,41.83,30,1
27.24,41.86,30,1
27.36,41.87,30,1
27.48,41.9,30,1
27.6,41.91,30,1
27.72,41.94,30,1
27.85,41.96,30,1
27.97,41.99,30,1
28.09,41.99,30,1
28.21,42.02,30,1
28.33,42.05,30,1
28.46,42.08,30,1
28.58,42.08,30,1
28.7,42.12,30,1
28.82,42.14,30,1
28.95,42.14,30,1
29.07,42.17,30,1
29.19,42.19,30,1
29.31,42.2,30,1
29.43,42.22,30,1
29.56,42.25,30,1
29.68,42.27,30,1
29.8,42.28,30,1
29.92,42.32,30,1
30.04,42.33,30,1
30.17,42.35,30,1
30.29,42.37,30,1
30.41,42.39,30,1
30.53,42.42,30,1
30.66,42.44,30,1
30.78,42.45,30,1
30.9,42.47,30,1
31.02,42.49,30,1
31.14,42.51,30,1
31.27,42.53,30,1
31.39,42.56,30,1
31.51,42.57,30,1
31.63,42.59,30,1
31.76,42.61,30,1
31.88,42.63,30,1
32.0,42.64,30,1
32.12,42.66,30,1
32.24,42.7,30,1
32.37,42.71,30,1
32.49,42.73,30,1
32.61,42.75,30,1
32.73,42.77,30,1
32.86,42.78,30,1
32.98,42.8,30,1
33.1,42.82,30,1
33.22,42.83,30,1
33.34,42.86,30,1
33.47,42.88,30,1
33.59,42.89,30,1
33.71,42.91,30,1
33.83,42.93,30,1
33.95,42.94,30,1
34.08,42.97,30,1
34.2,42.99,30,1
34.32,43.01,30,1
34.44,43.03,30,1
34.56,43.04,30,1
34.69,43.05,30,1
34.81,43.07,30,1
34.93,43.09,30,1
35.05,43.12,30,1
35.18,43.13,30,1
35.3,43.14,30,1
35.42,43.17,30,1
35.54,43.21,30,1
35.66,43.18,30,1
35.79,43.23,30,1
35.91,43.25,30,1
36.03,43.25,30,1
36.15,43.27,30,1
36.28,43.3,30,1
36.4,43.31,30,1
36.52,43.33,30,1
36.64,43.35,30,1
36.76,43.36,30,1
36.89,43.37,30,1
37.01,43.41,30,1
37.13,43.41,30,1
37.25,43.43,30,1
37.37,43.45,30,1
37.5,43.47,30,1
37.62,43.47,30,1
37.74,43.5,30,1
37.86,43.54,30,1
37.99,43.54,30,1
38.11,43.55,30,1
38.23,43.58,30,1
38.35,43.58,30,1
38.47,43.59,30,1
38.6,43.63,30,1
38.72,43.64,30,1
38.84,43.65,30,1
38.96,43.67,30,1
39.09,43.69,30,1
39.21,43.7,30,1
39.33,43.72,30,1
39.45,43.74,30,1
39.57,43.75,30,1
39.7,43.77,30,1
39.82,43.76,30,1
39.94,43.79,30,1
40.06,43.83,30,1
40.18,43.83,30,1
40.31,43.85,30,1
40.43,43.85,30,1
40.55,43.9,30,1
40.67,43.89,30,1
40.79,43.91,30,1
40.92,43.93,30,1
41.04,43.95,30,1
41.16,43.97,30,1
41.28,43.98,30,1
41.41,43.99,30,1
41.53,44.0,30,1
41.65,44.03,30,1
41.77,44.03,30,1
41.89,44.07,30,1
42.02,44.07,30,1
42.14,44.1,30,1
42.26,44.11,30,1
42.38,44.12,30,1
42.51,44.13,30,1
42.63,44.16,30,1
42.75,44.18,30,1
42.87,44.17,30,1
42.99,44.19,30,1
43.12,44.2,30,1
43.24,44.23,30,1
43.36,44.25,30,1
43.48,44.3,30,1
43.6,44.26,30,1
43.73,44.3,30,1
43.85,44.32,30,1
43.97,44.33,30,1
44.09,44.34,30,1
44.22,44.36,30,1
44.34,44.37,30,1
44.46,44.36,30,1
44.58,44.39,30,1
44.7,44.42,30,1
44.83,44.4,30,1
44.95,44.45,30,1
45.07,44.46,30,1
45.19,44.47,30,1
45.31,44.48,30,1
45.44,44.51,30,1
45.56,44.51,30,1
45.68,44.52,30,1
45.8,44.55,30,1
45.93,44.57,30,1
46.05,44.56,30,1
46.17,44.57,30,1
46.29,44.6,30,1
46.41,44.62,30,1
46.54,44.62,30,1
46.66,44.65,30,1
46.78,44.65,30,1
46.9,44.67,30,1
47.03,44.68,30,1
47.15,44.7,30,1
47.27,44.72,30,1
47.39,44.73,30,1
47.51,44.75,30,1
47.64,44.76,30,1
47.76,44.78,30,1
47.88,44.78,30,1
48.0,44.81,30,1
48.12,44.82,30,1
48.25,44.84,30,1
48.37,44.84,30,1
48.49,44.87,30,1
48.61,44.88,30,1
48.74,44.89,30,1
48.86,44.9,30,1
48.98,44.93,30,1
49.1,44.94,30,1
49.22,44.95,30,1
49.35,44.96,30,1
49.47,44.96,30,1
49.59,44.99,30,1
49.71,44.99,30,1
49.84,45.02,30,1
49.96,45.04,30,1
50.08,45.04,30,1
50.2,45.07,30,1
50.32,45.06,30,1
50.45,45.09,30,1
50.57,45.09,30,1
50.69,45.12,30,1
50.81,45.13,30,1
50.93,45.13,30,1
51.06,45.15,30,1
51.18,45.17,30,1
51.3,45.18,30,1
51.42,45.2,30,1
51.54,45.19,30,1
51.67,45.23,30,1
51.79,45.24,30,1
51.91,45.24,30,1
52.03,45.26,30,1
52.16,45.27,30,1
52.28,45.29,30,1
52.4,45.3,30,1
52.52,45.31,30,1
52.64,45.32,30,1
52.77,45.34,30,1
52.89,45.36,30,1
53.01,45.37,30,1
53.13,45.38,30,1
53.26,45.39,30,1
53.38,45.4,30,1
53.5,45.42,30,1
53.62,45.42,30,1
53.74,45.44,30,1
53.87,45.46,30,1
53.99,45.47,30,1
54.11,45.48,30,1
54.23,45.5,30,1
54.35,45.51,30,1
54.48,45.52,30,1
54.6,45.54,30,1
54.72,45.55,30,1
54.84,45.56,30,1
54.97,45.56,30,1
55.09,45.6,30,1
55.21,45.6,30,1
55.33,45.61,30,1
55.45,45.63,30,1
55.58,45.64,30,1
55.7,45.66,30,1
55.82,45.66,30,1
55.94,45.67,30,1
56.06,45.69,30,1
56.19,45.71,30,1
56.31,45.72,30,1
56.43,45.72,30,1
56.55,45.73,30,1
56.68,45.75,30,1
56.8,45.77,30,1
56.92,45.78,30,1
57.04,45.77,30,1
57.16,45.81,30,1
57.29,45.82,30,1
57.41,45.83,30,1
57.53,45.85,30,1
57.65,45.85,30,1
57.78,45.86,30,1
57.9,45.89,30,1
58.02,45.89,30,1
58.14,45.91,30,1
58.26,45.9,30,1
58.39,45.92,30,1
58.51,45.93,30,1
58.63,45.95,30,1
58.75,45.95,30,1
58.87,45.97,30,1
59.0,45.99,30,1
59.12,45.98,30,1
59.24,46.02,30,1
59.36,46.02,30,1
59.49,46.03,30,1
59.61,46.04,30,1
59.73,46.06,30,1
59.85,46.07,30,1
59.97,46.07,30,1
60.1,46.07,30,1
60.22,46.1,30,1
60.34,46.12,30,1
60.46,46.14,30,1
60.58,46.14,30,1
60.71,46.16,30,1
60.83,46.15,30,1
60.95,46.17,30,1
61.07,46.18,30,1
61.2,46.2,30,1
61.32,46.22,30,1
61.44,46.22,30,1
61.56,46.24,30,1
61.68,46.24,30,1
61.81,46.24,30,1
61.93,46.27,30,1
62.05,46.27,30,1
62.17,46.27,30,1
62.29,46.31,30,1
62.42,46.3,30,1
62.54,46.32,30,1
62.66,46.32,30,1
62.78,46.35,30,1
62.91,46.36,30,1
63.03,46.37,30,1
63.15,46.37,30,1
63.27,46.39,30,1
63.39,46.39,30,1
63.52,46.41,30,1
63.64,46.41,30,1
63.76,46.43,30,1
63.88,46.44,30,1
64.0,46.45,30,1
64.13,46.46,30,1
64.25,46.47,30,1
64.37,46.47,30,1
64.49,46.49,30,1
64.62,46.5,30,1
64.74,46.52,30,1
64.86,46.53,30,1
64.98,46.54,30,1
65.1,46.55,30,1
65.23,46.56,30,1
65.35,46.57,30,1
65.47,46.59,30,1
65.59,46.57,30,1
65.71,46.6,30,1
65.84,46.61,30,1
65.96,46.62,30,1
66.08,46.63,30,1
66.2,46.66,30,1
66.33,46.66,30,1
66.45,46.67,30,1
66.57,46.68,30,1
66.69,46.69,30,1
66.81,46.69,30,1
66.94,46.71,30,1
67.06,46.73,30,1
67.18,46.73,30,1
67.3,46.74,30,1
67.43,46.74,30,1
67.55,46.76,30,1
67.67,46.77,30,1
67.79,46.79,30,1
67.91,46.78,30,1
68.04,46.81,30,1
68.16,46.81,30,1
68.28,46.82,30,1
68.4,46.83,30,1
68.52,46.85,30,1
68.65,46.84,30,1
68.77,46.86,30,1
68.89,46.86,30,1
69.01,46.88,30,1
69.14,46.89,30,1
69.26,46.9,30,1
69.38,46.91,30,1
69.5,46.92,30,1
69.62,46.94,30,1
69.75,46.94,30,1
69.87,46.95,30,1
69.99,46.96,30,1
70.11,46.98,30,1
70.23,46.98,30,1
70.36,47.0,30,1
70.48,47.0,30,1
70.6,47.02,30,1
70.72,47.03,30,1
70.85,47.03,30,1
70.97,47.05,30,1
71.09,47.05,30,1
71.21,47.06,30,1
71.33,47.05,30,1
71.46,47.09,30,1
71.58,47.09,30,1
71.7,47.11,30,1
71.82,47.11,30,1
71.94,47.12,30,1
72.07,47.12,30,1
72.19,47.14,30,1
72.31,47.15,30,1
72.43,47.16,30,1
72.56,47.17,30,1
72.68,47.18,30,1
72.8,47.18,30,1
72.92,47.19,30,1
73.04,47.21,30,1
73.17,47.21,30,1
73.29,47.23,30,1
73.41,47.24,30,1
73.53,47.24,30,1
73.65,47.26,30,1
73.78,47.26,30,1
73.9,47.28,30,1
74.02,47.27,30,1
74.14,47.29,30,1
74.27,47.3,30,1
74.39,47.3,30,1
74.51,47.3,30,1
74.63,47.32,30,1
74.75,47.33,30,1
74.88,47.35,30,1
75.0,47.37,30,1
75.12,47.37,30,1
75.24,47.38,30,1
75.37,47.38,30,1
75.49,47.4,30,1
75.61,47.41,30,1
75.73,47.42,30,1
75.85,47.43,30,1
75.98,47.43,30,1
76.1,47.43,30,1
76.22,47.45,30,1
76.34,47.46,30,1
76.46,47.47,30,1
76.59,47.47,30,1
76.71,47.48,30,1
76.83,47.49,30,1
76.95,47.49,30,1
77.08,47.52,30,1
77.2,47.53,30,1
77.32,47.51,30,1
77.44,47.53,30,1
77.56,47.55,30,1
77.69,47.55,30,1
77.81,47.56,30,1
77.93,47.57,30,1
78.05,47.58,30,1
78.18,47.59,30,1
78.3,47.61,30,1
78.42,47.61,30,1
78.54,47.62,30,1
78.66,47.64,30,1
78.79,47.64,30,1
78.91,47.64,30,1
79.03,47.65,30,1
79.15,47.65,30,1
79.27,47.67,30,1
79.4,47.67,30,1
79.52,47.69,30,1
79.64,47.69,30,1
79.76,47.7,30,1
79.88,47.69,30,1
80.01,47.72,30,1
80.13,47.73,30,1
80.25,47.74,30,1
80.37,47.76,30,1
80.5,47.75,30,1
80.62,47.76,30,1
80.74,47.77,30,1
80.86,47.78,30,1
80.98,47.78,30,1
81.11,47.81,30,1
81.23,47.8,30,1
81.35,47.82,30,1
81.47,47.81,30,1
81.6,47.84,30,1
81.72,47.85,30,1
81.84,47.85,30,1
81.96,47.85,30,1
82.08,47.87,30,1
82.21,47.88,30,1
82.33,47.88,30,1
82.45,47.9,30,1
82.57,47.87,30,1
82.69,47.91,30,1
82.82,47.94,30,1
82.94,47.92,30,1
83.06,47.93,30,1
83.18,47.92,30,1
83.31,47.94,30,1
83.43,47.94,30,1
83.55,47.96,30,1
83.67,47.95,30,1
83.79,47.98,30,1
83.92,47.97,30,1
84.04,47.98,30,1
84.16,48.02,30,1
84.28,48.03,30,1
84.4,48.01,30,1
84.53,48.01,30,1
84.65,48.01,30,1
84.77,48.04,30,1
84.89,48.04,30,1
85.02,48.05,30,1
85.14,48.06,30,1
85.26,48.07,30,1
85.38,48.08,30,1
85.5,48.08,30,1
85.63,48.1,30,1
85.75,48.09,30,1
85.87,48.13,30,1
85.99,48.14,30,1
86.11,48.1,30,1
86.24,48.11,30,1
86.36,48.15,30,1
86.48,48.14,30,1
86.6,48.15,30,1
86.73,48.16,30,1
86.85,48.18,30,1
86.97,48.17,30,1
87.09,48.19,30,1
87.21,48.18,30,1
87.34,48.2,30,1
87.46,48.2,30,1
87.58,48.21,30,1
87.7,48.23,30,1
87.83,48.22,30,1
87.95,48.24,30,1
88.07,48.24,30,1
88.19,48.25,30,1
88.31,48.25,30,1
88.44,48.26,30,1
88.56,48.27,30,1
88.68,48.27,30,1
88.8,48.28,30,1
88.93,48.29,30,1
89.05,48.3,30,1
89.17,48.3,30,1
89.29,48.31,30,1
89.41,48.32,30,1
89.54,48.32,30,1
89.66,48.34,30,1
89.78,48.35,30,1
89.9,48.35,30,1
90.02,48.35,30,1
90.15,48.36,30,1
90.27,48.37,30,1
90.39,48.38,30,1
90.51,48.38,30,1
90.63,48.39,30,1
90.76,48.4,30,1
90.88,48.41,30,1
91.0,48.43,30,1
91.12,48.42,30,1
91.25,48.42,30,1
91.37,48.44,30,1
91.49,48.44,30,1
91.61,48.45,30,1
91.73,48.45,30,1
91.86,48.49,30,1
91.98,48.46,30,1
92.1,48.48,30,1
92.22,48.49,30,1
92.34,48.49,30,1
92.47,48.51,30,1
92.59,48.49,30,1
92.71,48.52,30,1
92.83,48.52,30,1
92.96,48.54,30,1
93.08,48.54,30,1
93.2,48.54,30,1
93.32,48.54,30,1
93.44,48.55,30,1
93.57,48.57,30,1
93.69,48.56,30,1
93.81,48.58,30,1
93.93,48.59,30,1
94.06,48.6,30,1
94.18,48.6,30,1
94.3,48.61,30,1
94.42,48.61,30,1
94.54,48.62,30,1
94.67,48.63,30,1
94.79,48.64,30,1
94.91,48.63,30,1
95.03,48.66,30,1
95.15,48.65,30,1
95.28,48.65,30,1
95.4,48.67,30,1
95.52,48.67,30,1
95.64,48.68,30,1
95.77,48.68,30,1
95.89,48.69,30,1
96.01,48.71,30,1
96.13,48.7,30,1
96.25,48.72,30,1
96.38,48.72,30,1
96.5,48.73,30,1
96.62,48.74,30,1
96.74,48.74,30,1
96.86,48.74,30,1
96.99,48.76,30,1
97.11,48.76,30,1
97.23,48.77,30,1
97.35,48.77,30,1
97.48,48.78,30,1
97.6,48.8,30,1
97.72,48.78,30,1
97.84,48.8,30,1
97.96,48.8,30,1
98.09,48.8,30,1
98.21,48.82,30,1
98.33,48.82,30,1
98.45,48.83,30,1
98.57,48.83,30,1
98.7,48.85,30,1
98.82,48.84,30,1
98.94,48.84,30,1
99.06,48.87,30,1
99.19,48.87,30,1
99.31,48.87,30,1
99.43,48.88,30,1
99.55,48.89,30,1
99.68,48.89,30,1
99.8,48.91,30,1
99.92,48.9,30,1
100.04,48.91,30,1
100.16,48.92,30,1
100.29,48.92,30,1
100.41,48.93,30,1
100.53,48.94,30,1
100.65,48.94,30,1
100.77,48.96,30,1
100.9,48.96,30,1
101.02,48.95,30,1
101.14,48.96,30,1
101.26,48.98,30,1
101.39,48.98,30,1
101.51,48.98,30,1
101.63,48.98,30,1
101.75,48.99,30,1
101.87,49.0,30,1
102.0,49.02,30,1
102.12,49.01,30,1
102.24,49.02,30,1
102.36,49.03,30,1
102.49,49.04,30,1
102.61,49.04,30,1
102.73,49.05,30,1
102.85,49.04,30,1
102.97,49.06,30,1
103.1,49.08,30,1
103.22,49.07,30,1
103.34,49.08,30,1
103.46,49.08,30,1
103.58,49.09,30,1
103.71,49.09,30,1
103.83,49.1,30,1
103.95,49.11,30,1
104.07,49.11,30,1
104.2,49.12,30,1
104.32,49.13,30,1
104.44,49.13,30,1
104.56,49.14,30,1
104.68,49.14,30,1
104.81,49.15,30,1
104.93,49.15,30,1
105.05,49.16,30,1
105.17,49.16,30,1
105.3,49.17,30,1
105.42,49.19,30,1
105.54,49.18,30,1
105.66,49.18,30,1
105.79,49.19,30,1
105.91,49.19,30,1
106.03,49.2,30,1
106.15,49.21,30,1
106.27,49.22,30,1
106.4,49.21,30,1
106.52,49.23,30,1
106.64,49.24,30,1
106.76,49.25,30,1
106.88,49.23,30,1
107.01,49.25,30,1
107.13,49.25,30,1
107.25,49.27,30,1
107.37,49.27,30,1
107.5,49.27,30,1
107.62,49.27,30,1
107.74,49.28,30,1
107.86,49.29,30,1
107.98,49.29,30,1
108.11,49.3,30,1
108.23,49.3,30,1
108.35,49.31,30,1
108.47,49.32,30,1
108.6,49.33,30,1
108.72,49.33,30,1
108.84,49.33,30,1
108.96,49.34,30,1
109.08,49.35,30,1
109.21,49.35,30,1
109.33,49.35,30,1
109.45,49.36,30,1
109.57,49.37,30,1
109.7,49.37,30,1
109.82,49.38,30,1
109.94,49.38,30,1
110.06,49.39,30,1
110.18,49.4,30,1
110.31,49.4,30,1
110.43,49.41,30,1
110.55,49.41,30,1
110.67,49.42,30,1
110.79,49.43,30,1
110.92,49.43,30,1
111.04,49.42,30,1
111.16,49.43,30,1
111.29,49.43,30,1
111.41,49.44,30,1
111.53,49.45,30,1
111.65,49.46,30,1
111.77,49.47,30,1
111.9,49.47,30,1
112.02,49.47,30,1
112.14,49.48,30,1
112.26,49.48,30,1
112.38,49.5,30,1
112.51,49.49,30,1
112.63,49.49,30,1
112.75,49.51,30,1
112.87,49.51,30,1
113.0,49.51,30,1
113.12,49.52,30,1
113.24,49.53,30,1
113.36,49.53,30,1
113.48,49.54,30,1
113.61,49.54,30,1
113.73,49.56,30,1
113.85,49.55,30,1
113.97,49.57,30,1
114.1,49.56,30,1
114.22,49.57,30,1
114.34,49.57,30,1
114.46,49.58,30,1
114.58,49.58,30,1
114.71,49.59,30,1
114.83,49.6,30,1
114.95,49.6,30,1
115.07,49.6,30,1
115.19,49.61,30,1
115.32,49.62,30,1
115.44,49.63,30,1
115.56,49.63,30,1
115.68,49.64,30,1
115.81,49.64,30,1
115.93,49.64,30,1
116.05,49.65,30,1
116.17,49.65,30,1
116.29,49.66,30,1
116.42,49.66,30,1
116.54,49.67,30,1
116.66,49.67,30,1
116.78,49.67,30,1
116.91,49.68,30,1
117.03,49.7,30,1
117.15,49.69,30,1
117.27,49.69,30,1
117.39,49.7,30,1
117.52,49.71,30,1
117.64,49.72,30,1
117.76,49.72,30,1
117.88,49.73,30,1
118.01,49.73,30,1
118.13,49.73,30,1
118.25,49.74,30,1
118.37,49.73,30,1
118.5,49.74,30,1
118.62,49.76,30,1
118.74,49.75,30,1
118.86,49.76,30,1
118.98,49.76,30,1
119.11,49.77,30,1
119.23,49.77,30,1
119.35,49.78,30,1
119.47,49.79,30,1
119.59,49.79,30,1
119.72,49.8,30,1
119.84,49.79,30,1
119.96,49.8,30,1
120.08,49.82,30,1
120.21,49.81,30,1
120.33,49.83,30,1
120.45,49.83,30,1
120.57,49.82,30,1
120.69,49.84,30,1
120.82,49.83,30,1
120.94,49.84,30,1
121.06,49.85,30,1
121.18,49.85,30,1
121.31,49.86,30,1
121.43,49.86,30,1
121.55,49.85,30,1
121.67,49.86,30,1
121.79,49.87,30,1
121.92,49.88,30,1
122.04,49.87,30,1
122.16,49.89,30,1
122.28,49.89,30,1
122.4,49.89,30,1
122.53,49.9,30,1
122.65,49.91,30,1
122.77,49.91,30,1
122.89,49.91,30,1
123.02,49.91,30,1
123.14,49.93,30,1
123.26,49.93,30,1
123.38,49.93,30,1
123.5,49.92,30,1
123.63,49.93,30,1
123.75,49.94,30,1
123.87,49.94,30,1
123.99,49.94,30,1
124.11,49.96,30,1
124.24,49.95,30,1
124.36,49.97,30,1
124.48,49.97,30,1
124.61,49.96,30,1
124.73,49.97,30,1
124.85,49.98,30,1
124.97,49.99,30,1
125.09,50.0,30,1
125.21,49.99,30,1
125.34,50.0,30,1
125.46,50.01,30,1
125.58,50.01,30,1
125.7,50.01,30,1
125.83,50.02,30,1
125.95,50.02,30,1
126.07,50.03,30,1
126.19,50.02,30,1
126.31,50.03,30,1
126.44,50.04,30,1
126.56,50.03,30,1
126.68,50.04,30,1
126.8,50.04,30,1
126.93,50.06,30,1
127.05,50.05,30,1
127.17,50.06,30,1
127.29,50.06,30,1
127.41,50.07,30,1
127.54,50.08,30,1
127.66,50.07,30,1
127.78,50.09,30,1
127.9,50.09,30,1
128.03,50.1,30,1
128.15,50.09,30,1
128.27,50.1,30,1
128.39,50.1,30,1
128.52,50.11,30,1
128.64,50.1,30,1
128.76,50.11,30,1
128.88,50.12,30,1
129.0,50.12,30,1
129.13,50.13,30,1
129.25,50.13,30,1
129.37,50.14,30,1
129.49,50.15,30,1
129.61,50.14,30,1
129.74,50.14,30,1
129.86,50.15,30,1
129.98,50.16,30,1
130.1,50.16,30,1
130.23,50.16,30,1
130.35,50.16,30,1
130.47,50.16,30,1
130.59,50.19,30,1
130.71,50.2,30,1
130.84,50.18,30,1
130.96,50.19,30,1
131.08,50.19,30,1
131.2,50.19,30,1
131.33,50.2,30,1
131.45,50.2,30,1
131.57,50.2,30,1
131.69,50.21,30,1
131.81,50.2,30,1
131.94,50.21,30,1
132.06,50.21,30,1
132.18,50.22,30,1
132.3,50.22,30,1
132.43,50.23,30,1
132.55,50.23,30,1
132.67,50.23,30,1
132.79,50.24,30,1
132.91,50.24,30,1
133.04,50.25,30,1
133.16,50.25,30,1
133.28,50.23,30,1
133.4,50.24,30,1
133.52,50.27,30,1
133.65,50.27,30,1
133.77,50.25,30,1
133.89,50.27,30,1
134.01,50.28,30,1
134.14,50.28,30,1
134.26,50.28,30,1
134.38,50.29,30,1
134.5,50.3,30,1
134.63,50.28,30,1
134.75,50.3,30,1
134.87,50.28,30,1
134.99,50.32,30,1
135.11,50.31,30,1
135.24,50.33,30,1
135.36,50.31,30,1
135.48,50.34,30,1
135.6,50.33,30,1
135.73,50.32,30,1
135.85,50.32,30,1
135.97,50.35,30,1
136.09,50.34,30,1
136.21,50.34,30,1
136.34,50.35,30,1
136.46,50.36,30,1
136.58,50.36,30,1
136.7,50.36,30,1
136.82,50.35,30,1
136.95,50.35,30,1
137.07,50.38,30,1
137.19,50.37,30,1
137.31,50.4,30,1
137.44,50.38,30,1
137.56,50.37,30,1
137.68,50.38,30,1
137.8,50.4,30,1
137.92,50.4,30,1
138.05,50.39,30,1
138.17,50.4,30,1
138.29,50.39,30,1
138.41,50.42,30,1
138.54,50.41,30,1
138.66,50.41,30,1
138.78,50.43,30,1
138.9,50.42,30,1
139.02,50.43,30,1
139.15,50.44,30,1
139.27,50.44,30,1
139.39,50.44,30,1
139.51,50.45,30,1
139.63,50.44,30,1
139.76,50.45,30,1
139.88,50.46,30,1
140.0,50.46,30,1
140.12,50.46,30,1
140.25,50.46,30,1
0.12,51.77,0,1
0.24,51.73,0,1
0.36,51.71,0,1
0.49,51.67,0,1
0.61,51.64,0,1
0.73,51.6,0,1
0.85,51.57,0,1
0.98,51.53,0,1
1.1,51.5,0,1
1.22,51.46,0,0
1.34,51.41,0,0
1.46,51.38,0,0
1.59,51.34,0,0
1.71,51.3,0,0
1.83,51.26,0,0
1.95,51.23,0,0
2.07,51.18,0,0
2.2,51.14,0,0
2.32,51.1,0,0
2.44,51.06,0,0
2.56,51.03,0,0
2.68,50.98,0,0
2.81,50.94,0,0
2.93,50.9,0,0
3.05,50.86,0,0
3.17,50.82,0,0
3.3,50.78,0,0
3.42,50.74,0,0
3.54,50.7,0,0
3.66,50.66,0,0
3.78,50.63,0,0
3.91,50.58,0,0
4.03,50.55,0,0
4.15,50.51,0,0
4.27,50.47,0,0
4.39,50.43,0,0
4.51,50.39,0,0
4.64,50.35,0,0
4.76,50.32,0,0
4.88,50.28,0,0
5.0,50.25,0,0
5.13,50.21,0,0
5.25,50.18,0,0
5.37,50.14,0,0
5.49,50.1,0,0
5.61,50.07,0,0
5.74,50.03,0,0
5.86,50.0,0,0
5.98,49.97,0,0
6.1,49.93,0,0
6.22,49.9,0,0
6.35,49.86,0,0
6.47,49.83,0,0
6.59,49.8,0,0
6.71,49.76,0,0
6.83,49.72,0,0
6.96,49.7,0,0
7.08,49.67,0,0
7.2,49.63,0,0
7.32,49.6,0,0
7.44,49.57,0,0
7.57,49.54,0,0
7.69,49.5,0,0
7.81,49.47,0,0
7.93,49.44,0,0
8.05,49.41,0,0
8.18,49.38,0,0
8.3,49.35,0,0
8.42,49.31,0,0
8.54,49.29,0,0
8.67,49.26,0,0
8.79,49.22,0,0
8.91,49.2,0,0
9.03,49.17,0,0
9.15,49.14,0,0
9.27,49.11,0,0
9.4,49.08,0,0
9.52,49.05,0,0
9.64,49.03,0,0
9.76,49.0,0,0
9.89,48.97,0,0
10.01,48.94,0,0
10.13,48.91,0,0
10.25,48.89,0,0
10.37,48.86,0,0
10.5,48.83,0,0
10.62,48.81,0,0
10.74,48.77,0,0
10.86,48.75,0,0
10.98,48.72,0,0
11.11,48.7,0,0
11.23,48.67,0,0
11.35,48.65,0,0
11.47,48.62,0,0
11.59,48.59,0,0
11.72,48.56,0,0
11.84,48.53,0,0
11.96,48.51,0,0
12.08,48.48,0,0
12.21,48.46,0,0
12.33,48.44,0,0
12.45,48.41,0,0
12.57,48.39,0,0
12.69,48.36,0,0
12.82,48.33,0,0
12.94,48.31,0,0
13.06,48.29,0,0
13.18,48.26,0,0
13.3,48.24,0,0
13.43,48.21,0,0
13.55,48.18,0,0
13.67,48.17,0,0
13.79,48.15,0,0
13.92,48.12,0,0
14.04,48.1,0,0
14.16,48.07,0,0
14.28,48.05,0,0
14.4,48.03,0,0
14.52,48.0,0,0
14.65,47.98,0,0
14.77,47.96,0,0
14.89,47.94,0,0
15.01,47.91,0,0
15.14,47.89,0,0
15.26,47.86,0,0
15.38,47.84,0,0
15.5,47.81,0,0
15.62,47.79,0,0
15.75,47.77,0,0
15.87,47.75,0,0
15.99,47.72,0,0
16.11,47.7,0,0
16.23,47.68,0,0
16.36,47.66,0,0
16.48,47.63,0,0
16.6,47.62,0,0
16.72,47.59,0,0
16.84,47.57,0,0
16.97,47.54,0,0
17.09,47.53,0,0
17.21,47.5,0,0
17.33,47.48,0,0
17.46,47.46,0,0
17.58,47.44,0,0
17.7,47.41,0,0
17.82,47.39,0,0
17.94,47.37,0,0
18.07,47.35,0,0
18.19,47.33,0,0
18.31,47.3,0,0
18.43,47.28,0,0
18.55,47.27,0,0
18.68,47.24,0,0
18.8,47.22,0,0
18.92,47.2,0,0
19.04,47.18,0,0
19.17,47.16,0,0
19.29,47.14,0,0
19.41,47.12,0,0
19.53,47.1,0,0
19.65,47.08,0,0
19.77,47.05,0,0
19.9,47.04,0,0
20.02,47.02,0,0
20.14,46.99,0,0
20.26,46.97,0,0
20.38,46.96,0,0
20.51,46.93,0,0
20.63,46.91,0,0
20.75,46.89,0,0
20.87,46.87,0,0
21.0,46.85,0,0
21.12,46.84,0,0
21.24,46.81,0,0
21.36,46.79,0,0
21.48,46.78,0,0
21.61,46.75,0,0
21.73,46.74,0,0
21.85,46.72,0,0
21.97,46.69,0,0
22.09,46.67,0,0
22.22,46.65,0,0
22.34,46.64,0,0
22.46,46.62,0,0
22.58,46.59,0,0
22.71,46.58,0,0
22.83,46.56,0,0
22.95,46.54,0,0
23.07,46.51,0,0
23.19,46.5,0,0
23.32,46.48,0,0
23.44,46.46,0,0
23.56,46.44,0,0
23.68,46.42,0,0
23.8,46.41,0,0
23.93,46.39,0,0
24.05,46.37,0,0
24.17,46.35,0,0
24.29,46.33,0,0
24.42,46.32,0,0
24.54,46.29,0,0
24.66,46.28,0,0
24.78,46.26,0,0
24.9,46.24,0,0
25.02,46.23,0,0
25.15,46.21,0,0
25.27,46.19,0,0
25.39,46.17,0,0
25.51,46.15,0,0
25.63,46.13,0,0
25.76,46.12,0,0
25.88,46.09,0,0
26.0,46.08,0,0
26.12,46.06,0,0
26.25,46.04,0,0
26.37,46.02,0,0
26.49,46.01,0,0
26.61,45.98,0,0
26.73,45.97,0,0
26.86,45.95,0,0
26.98,45.93,0,0
27.1,45.91,0,0
27.22,45.89,0,0
27.34,45.88,0,0
27.47,45.86,0,0
27.59,45.84,0,0
27.71,45.82,0,0
27.83,45.81,0,0
27.96,45.79,0,0
28.08,45.77,0,0
28.2,45.75,0,0
28.32,45.74,0,0
28.44,45.72,0,0
28.57,45.7,0,0
28.69,45.69,0,0
28.81,45.67,0,0
28.93,45.65,0,0
29.05,45.63,0,0
29.18,45.61,0,0
29.3,45.6,0,0
29.42,45.58,0,0
29.54,45.57,0,0
29.67,45.54,0,0
29.79,45.53,0,0
29.91,45.51,0,0
30.03,45.49,0,0
30.15,45.48,0,0
30.27,45.46,0,0
30.4,45.44,0,0
30.52,45.43,0,0
30.64,45.41,0,0
30.76,45.39,0,0
30.88,45.38,0,0
31.01,45.36,0,0
31.13,45.34,0,0
31.25,45.33,0,0
31.37,45.31,0,0
31.5,45.29,0,0
31.62,45.27,0,0
31.74,45.25,0,0
31.86,45.24,0,0
31.98,45.23,0,0
32.11,45.21,0,0
32.23,45.2,0,0
32.35,45.18,0,0
32.47,45.16,0,0
32.6,45.14,0,0
32.72,45.13,0,0
32.84,45.11,0,0
32.96,45.09,0,0
33.08,45.08,0,0
33.21,45.07,0,0
33.33,45.04,0,0
33.45,45.03,0,0
33.57,45.01,0,0
33.69,45.0,0,0
33.82,44.99,0,0
33.94,44.96,0,0
34.06,44.95,0,0
34.18,44.93,0,0
34.31,44.92,0,0
34.43,44.9,0,0
34.55,44.89,0,0
34.67,44.87,0,0
34.79,44.86,0,0
34.92,44.84,0,0
35.04,44.82,0,0
35.16,44.81,0,0
35.28,44.79,0,0
35.4,44.78,0,0
35.53,44.76,0,0
35.65,44.75,0,0
35.77,44.73,0,0
35.89,44.72,0,0
36.01,44.7,0,0
36.14,44.68,0,0
36.26,44.67,0,0
36.38,44.65,0,0
36.5,44.64,0,0
36.62,44.63,0,0
36.75,44.61,0,0
36.87,44.6,0,0
36.99,44.58,0,0
37.11,44.57,0,0
37.24,44.55,0,0
37.36,44.53,0,0
37.48,44.52,0,0
37.6,44.5,0,0
37.72,44.49,0,0
37.85,44.47,0,0
37.97,44.46,0,0
38.09,44.45,0,0
38.21,44.43,0,0
38.33,44.42,0,0
38.46,44.4,0,0
38.58,44.39,0,0
38.7,44.37,0,0
38.82,44.36,0,0
38.94,44.35,0,0
39.07,44.33,0,0
39.19,44.31,0,0
39.31,44.3,0,0
39.43,44.28,0,0
39.56,44.27,0,0
39.68,44.25,0,0
39.8,44.24,0,0
39.92,44.23,0,0
40.04,44.21,0,0
40.17,44.2,0,0
40.29,44.18,0,0
40.41,44.17,0,0
40.53,44.16,0,0
40.65,44.14,0,0
40.78,44.13,0,0
40.9,44.11,0,0
41.02,44.09,0,0
41.14,44.08,0,0
41.26,44.07,0,0
41.39,44.06,0,0
41.51,44.04,0,0
41.63,44.02,0,0
41.75,44.02,0,0
41.88,44.0,0,0
42.0,43.99,0,0
42.12,43.97,0,0
42.24,43.95,0,0
42.36,43.94,0,0
42.49,43.93,0,0
42.61,43.92,0,0
42.73,43.9,0,0
42.85,43.89,0,0
42.97,43.88,0,0
43.1,43.86,0,0
43.22,43.85,0,0
43.34,43.84,0,0
43.46,43.82,0,0
43.58,43.8,0,0
43.71,43.79,0,0
43.83,43.78,0,0
43.95,43.76,0,0
44.07,43.75,0,0
44.19,43.73,0,0
44.32,43.72,0,0
44.44,43.71,0,0
44.56,43.7,0,0
44.68,43.68,0,0
44.81,43.67,0,0
44.93,43.66,0,0
45.05,43.64,0,0
45.17,43.63,0,0
45.29,43.62,0,0
45.42,43.6,0,0
45.54,43.59,0,0
45.66,43.58,0,0
45.78,43.56,0,0
45.9,43.55,0,0
46.03,43.53,0,0
46.15,43.53,0,0
46.27,43.51,0,0
46.39,43.5,0,0
46.52,43.48,0,0
46.64,43.47,0,0
46.76,43.46,0,0
46.88,43.44,0,0
47.0,43.43,0,0
47.13,43.42,0,0
47.25,43.41,0,0
47.37,43.4,0,0
47.49,43.38,0,0
47.61,43.37,0,0
47.74,43.35,0,0
47.86,43.34,0,0
47.98,43.33,0,0
48.1,43.32,0,0
48.22,43.3,0,0
48.35,43.29,0,0
48.47,43.28,0,0
48.59,43.27,0,0
48.71,43.25,0,0
48.83,43.24,0,0
48.96,43.23,0,0
49.08,43.22,0,0
49.2,43.2,0,0
49.32,43.19,0,0
49.44,43.18,0,0
49.57,43.17,0,0
49.69,43.16,0,0
49.81,43.14,0,0
49.93,43.13,0,0
50.06,43.11,0,0
50.18,43.1,0,0
50.3,43.09,0,0
50.42,43.08,0,0
50.54,43.07,0,0
50.67,43.06,0,0
50.79,43.05,0,0
50.91,43.03,0,0
51.03,43.02,0,0
51.15,43.01,0,0
51.28,43.0,0,0
51.4,42.99,0,0
51.52,42.97,0,0
51.64,42.96,0,0
51.77,42.95,0,0
51.89,42.93,0,0
52.01,42.93,0,0
52.13,42.91,0,0
52.25,42.9,0,0
52.38,42.89,0,0
52.5,42.88,0,0
52.62,42.87,0,0
52.74,42.86,0,0
52.86,42.84,0,0
52.99,42.83,0,0
53.11,42.82,0,0
53.23,42.81,0,0
53.35,42.8,0,0
53.47,42.79,0,0
53.6,42.78,0,0
53.72,42.76,0,0
53.84,42.75,0,0
53.96,42.74,0,0
54.08,42.73,0,0
54.21,42.72,0,0
54.33,42.71,0,0
54.45,42.7,0,0
54.57,42.69,0,0
54.69,42.68,0,0
54.82,42.67,0,0
54.94,42.65,0,0
55.06,42.64,0,0
55.18,42.63,0,0
55.31,42.62,0,0
55.43,42.61,0,0
55.55,42.59,0,0
55.67,42.58,0,0
55.79,42.57,0,0
55.92,42.56,0,0
56.04,42.55,0,0
56.16,42.54,0,0
56.28,42.52,0,0
56.4,42.51,0,0
56.53,42.51,0,0
56.65,42.49,0,0
56.77,42.48,0,0
56.89,42.47,0,0
57.02,42.46,0,0
57.14,42.45,0,0
57.26,42.43,0,0
57.38,42.42,0,0
57.5,42.42,0,0
57.63,42.41,0,0
57.75,42.4,0,0
57.87,42.38,0,0
57.99,42.37,0,0
58.11,42.36,0,0
58.24,42.34,0,0
58.36,42.34,0,0
58.48,42.33,0,0
58.6,42.32,0,0
58.72,42.3,0,0
58.85,42.29,0,0
58.97,42.28,0,0
59.09,42.27,0,0
59.21,42.26,0,0
59.33,42.25,0,0
59.46,42.24,0,0
59.58,42.23,0,0
59.7,42.22,0,0
59.82,42.21,0,0
59.94,42.2,0,0
60.07,42.19,0,0
60.19,42.18,0,0
60.31,42.17,0,0
60.43,42.16,0,0
60.56,42.15,0,0
60.68,42.13,0,0
60.8,42.13,0,0
60.92,42.11,0,0
61.04,42.11,0,0
61.17,42.09,0,0
61.29,42.08,0,0
61.41,42.07,0,0
61.53,42.06,0,0
61.65,42.05,0,0
61.78,42.04,0,0
61.9,42.03,0,0
62.02,42.02,0,0
62.14,42.01,0,0
62.27,42.01,0,0
62.39,41.99,0,0
62.51,41.98,0,0
62.63,41.97,0,0
62.75,41.96,0,0
62.88,41.95,0,0
63.0,41.94,0,0
63.12,41.93,0,0
63.24,41.92,0,0
63.36,41.91,0,0
63.49,41.9,0,0
63.61,41.89,0,0
63.73,41.88,0,0
63.85,41.87,0,0
63.97,41.86,0,0
64.1,41.85,0,0
64.22,41.84,0,0
64.34,41.83,0,0
64.46,41.83,0,0
64.58,41.81,0,0
64.71,41.8,0,0
64.83,41.79,0,0
64.95,41.79,0,0
65.07,41.77,0,0
65.2,41.77,0,0
65.32,41.75,0,0
65.44,41.74,0,0
65.56,41.73,0,0
65.68,41.73,0,0
65.81,41.72,0,0
65.93,41.71,0,0
66.05,41.7,0,0
66.17,41.69,0,0
66.29,41.68,0,0
66.42,41.67,0,0
66.54,41.66,0,0
66.66,41.65,0,0
66.78,41.64,0,0
66.9,41.63,0,0
67.03,41.62,0,0
67.15,41.62,0,0
67.27,41.6,0,0
67.39,41.59,0,0
67.51,41.58,0,0
67.64,41.58,0,0
67.76,41.56,0,0
67.88,41.56,0,0
68.0,41.54,0,0
68.12,41.53,0,0
68.25,41.52,0,0
68.37,41.52,0,0
68.49,41.51,0,0
68.61,41.5,0,0
68.74,41.49,0,0
68.86,41.48,0,0
68.98,41.47,0,0
69.1,41.47,0,0
69.22,41.45,0,0
69.35,41.45,0,0
69.47,41.44,0,0
69.59,41.42,0,0
69.71,41.42,0,0
69.83,41.41,0,0
69.96,41.4,0,0
70.08,41.39,0,0
70.2,41.38,0,0
70.32,41.37,0,0
70.45,41.37,0,0
70.57,41.36,0,0
70.69,41.35,0,0
70.81,41.34,0,0
70.93,41.33,0,0
71.06,41.32,0,0
71.18,41.32,0,0
71.3,41.31,0,0
71.42,41.3,0,0
71.54,41.29,0,0
71.67,41.28,0,0
71.79,41.27,0,0
71.91,41.26,0,0
72.03,41.25,0,0
72.15,41.25,0,0
72.28,41.24,0,0
72.4,41.23,0,0
72.52,41.22,0,0
72.64,41.21,0,0
72.76,41.2,0,0
72.89,41.2,0,0
73.01,41.19,0,0
73.13,41.18,0,0
73.25,41.17,0,0
73.37,41.16,0,0
73.5,41.15,0,0
73.62,41.15,0,0
73.74,41.13,0,0
73.86,41.13,0,0
73.99,41.12,0,0
74.11,41.11,0,0
74.23,41.1,0,0
74.35,41.09,0,0
74.47,41.09,0,0
74.6,41.08,0,0
74.72,41.07,0,0
74.84,41.07,0,0
74.96,41.05,0,0
75.08,41.04,0,0
75.21,41.04,0,0
75.33,41.02,0,0
75.45,41.02,0,0
75.57,41.01,0,0
75.7,41.0,0,0
75.82,40.99,0,0
75.94,40.99,0,0
76.06,40.98,0,0
76.18,40.97,0,0
76.31,40.97,0,0
76.43,40.95,0,0
76.55,40.95,0,0
76.67,40.94,0,0
76.79,40.93,0,0
76.92,40.92,0,0
77.04,40.91,0,0
77.16,40.91,0,0
77.28,40.9,0,0
77.4,40.89,0,0
77.53,40.88,0,0
77.65,40.87,0,0
77.77,40.87,0,0
77.89,40.86,0,0
78.01,40.85,0,0
78.14,40.84,0,0
78.26,40.83,0,0
78.38,40.83,0,0
78.5,40.82,0,0
78.62,40.81,0,0
78.75,40.81,0,0
78.87,40.8,0,0
78.99,40.79,0,0
79.11,40.78,0,0
79.24,40.77,0,0
79.36,40.77,0,0
79.48,40.75,0,0
79.6,40.75,0,0
79.72,40.74,0,0
79.85,40.73,0,0
79.97,40.72,0,0
80.09,40.71,0,0
80.21,40.7,0,0
80.33,40.7,0,0
80.46,40.69,0,0
80.58,40.69,0,0
80.7,40.68,0,0
80.82,40.67,0,0
80.95,40.66,0,0
81.07,40.65,0,0
81.19,40.65,0,0
81.31,40.64,0,0
81.43,40.64,0,0
81.56,40.63,0,0
81.68,40.62,0,0
81.8,40.61,0,0
81.92,40.6,0,0
82.04,40.6,0,0
82.17,40.59,0,0
82.29,40.59,0,0
82.41,40.57,0,0
82.53,40.56,0,0
82.65,40.56,0,0
82.78,40.55,0,0
82.9,40.55,0,0
83.02,40.54,0,0
83.14,40.53,0,0
83.26,40.52,0,0
83.39,40.52,0,0
83.51,40.5,0,0
83.63,40.5,0,0
83.75,40.49,0,0
83.88,40.48,0,0
84.0,40.48,0,0
84.12,40.47,0,0
84.24,40.47,0,0
84.36,40.45,0,0
84.49,40.45,0,0
84.61,40.44,0,0
84.73,40.43,0,0
84.85,40.43,0,0
84.97,40.41,0,0
85.1,40.42,0,0
85.22,40.4,0,0
85.34,40.39,0,0
85.46,40.4,0,0
85.58,40.38,0,0
85.71,40.38,0,0
85.83,40.37,0,0
85.95,40.36,0,0
86.07,40.36,0,0
86.2,40.35,0,0
86.32,40.34,0,0
86.44,40.33,0,0
86.56,40.33,0,0
86.68,40.32,0,0
86.81,40.31,0,0
86.93,40.31,0,0
87.05,40.3,0,0
87.17,40.29,0,0
87.29,40.28,0,0
87.42,40.28,0,0
87.54,40.27,0,0
87.66,40.26,0,0
87.78,40.26,0,0
87.9,40.25,0,0
88.03,40.24,0,0
88.15,40.23,0,0
88.27,40.23,0,0
88.39,40.23,0,0
88.52,40.21,0,0
88.64,40.21,0,0
88.76,40.2,0,0
88.88,40.2,0,0
89.0,40.2,0,0
89.13,40.18,0,0
89.25,40.17,0,0
89.37,40.17,0,0
89.49,40.17,0,0
89.61,40.16,0,0
89.74,40.15,0,0
89.86,40.14,0,0
89.98,40.13,0,0
90.1,40.13,0,0
90.22,40.12,0,0
90.35,40.12,0,0
90.47,40.11,0,0
90.59,40.1,0,0
90.71,40.1,0,0
90.83,40.09,0,0
90.96,40.09,0,0
91.08,40.08,0,0
91.2,40.07,0,0
91.32,40.06,0,0
91.45,40.06,0,0
91.57,40.05,0,0
91.69,40.04,0,0
91.81,40.04,0,0
91.93,40.03,0,0
92.06,40.02,0,0
92.18,40.02,0,0
92.3,40.02,0,0
92.42,40.0,0,0
92.55,40.0,0,0
92.67,40.0,0,0
92.79,39.99,0,0
92.91,39.98,0,0
93.03,39.98,0,0
93.16,39.97,0,0
93.28,39.96,0,0
93.4,39.96,0,0
93.52,39.95,0,0
93.64,39.94,0,0
93.77,39.94,0,0
93.89,39.93,0,0
94.01,39.92,0,0
94.13,39.92,0,0
94.25,39.91,0,0
94.38,39.9,0,0
94.5,39.9,0,0
94.62,39.89,0,0
94.74,39.89,0,0
94.86,39.88,0,0
94.99,39.87,0,0
95.11,39.87,0,0
95.23,39.86,0,0
95.35,39.86,0,0
95.48,39.85,0,0
95.6,39.85,0,0
95.72,39.84,0,0
95.84,39.83,0,0
95.96,39.83,0,0
96.09,39.82,0,0
96.21,39.81,0,0
96.33,39.81,0,0
96.45,39.8,0,0
96.57,39.8,0,0
96.7,39.79,0,0
96.82,39.79,0,0
96.94,39.78,0,0
97.06,39.77,0,0
97.18,39.77,0,0
97.31,39.76,0,0
97.43,39.76,0,0
97.55,39.75,0,0
97.67,39.75,0,0
97.8,39.74,0,0
97.92,39.73,0,0
98.04,39.73,0,0
98.16,39.72,0,0
98.29,39.72,0,0
98.41,39.71,0,0
98.53,39.71,0,0
98.65,39.7,0,0
98.77,39.69,0,0
98.89,39.69,0,0
99.02,39.69,0,0
99.14,39.68,0,0
99.26,39.68,0,0
99.38,39.67,0,0
99.51,39.66,0,0
99.63,39.66,0,0
99.75,39.65,0,0
99.87,39.64,0,0
100.0,39.64,0,0
100.12,39.63,0,0
100.24,39.64,0,0
100.36,39.62,0,0
100.48,39.62,0,0
100.61,39.61,0,0
100.73,39.61,0,0
100.85,39.6,0,0
100.97,39.59,0,0
101.09,39.59,0,0
101.22,39.58,0,0
101.34,39.58,0,0
101.46,39.57,0,0
101.58,39.57,0,0
101.7,39.56,0,0
101.83,39.55,0,0
101.95,39.55,0,0
102.07,39.55,0,0
102.19,39.54,0,0
102.32,39.54,0,0
102.44,39.53,0,0
102.56,39.52,0,0
102.68,39.52,0,0
102.8,39.51,0,0
102.93,39.51,0,0
103.05,39.51,0,0
103.17,39.5,0,0
103.29,39.49,0,0
103.41,39.49,0,0
103.54,39.49,0,0
103.66,39.48,0,0
103.78,39.47,0,0
103.9,39.46,0,0
104.03,39.47,0,0
104.15,39.45,0,0
104.27,39.45,0,0
104.39,39.44,0,0
104.51,39.44,0,0
104.64,39.43,0,0
104.76,39.43,0,0
104.88,39.42,0,0
105.0,39.42,0,0
105.12,39.42,0,0
105.25,39.4,0,0
105.37,39.4,0,0
105.49,39.4,0,0
105.61,39.39,0,0
105.74,39.39,0,0
105.86,39.38,0,0
105.98,39.38,0,0
106.1,39.37,0,0
106.22,39.37,0,0
106.35,39.36,0,0
106.47,39.35,0,0
106.59,39.35,0,0
106.71,39.35,0,0
106.83,39.34,0,0
106.96,39.34,0,0
107.08,39.33,0,0
107.2,39.33,0,0
107.32,39.32,0,0
107.45,39.32,0,0
107.57,39.31,0,0
107.69,39.3,0,0
107.81,39.3,0,0
107.93,39.3,0,0
108.06,39.29,0,0
108.18,39.28,0,0
108.3,39.28,0,0
108.42,39.28,0,0
108.55,39.27,0,0
108.67,39.26,0,0
108.79,39.26,0,0
108.91,39.26,0,0
109.03,39.25,0,0
109.16,39.24,0,0
109.28,39.24,0,0
109.4,39.24,0,0
109.52,39.24,0,0
109.64,39.23,0,0
109.77,39.22,0,0
109.89,39.22,0,0
110.01,39.22,0,0
110.13,39.21,0,0
110.26,39.2,0,0
110.38,39.2,0,0
110.5,39.19,0,0
110.62,39.19,0,0
110.74,39.19,0,0
110.87,39.18,0,0
110.99,39.18,0,0
111.11,39.17,0,0
111.23,39.16,0,0
111.36,39.16,0,0
111.48,39.16,0,0
111.6,39.15,0,0
111.72,39.15,0,0
111.84,39.14,0,0
111.97,39.14,0,0
112.09,39.13,0,0
112.21,39.13,0,0
112.33,39.12,0,0
112.45,39.12,0,0
112.58,39.11,0,0
112.7,39.11,0,0
112.82,39.1,0,0
112.94,39.1,0,0
113.06,39.1,0,0
113.19,39.09,0,0
113.31,39.08,0,0
113.43,39.08,0,0
113.55,39.08,0,0
113.68,39.07,0,0
113.8,39.07,0,0
113.92,39.06,0,0
114.04,39.06,0,0
114.16,39.06,0,0
114.29,39.05,0,0
114.41,39.04,0,0
114.53,39.04,0,0
114.65,39.03,0,0
114.78,39.03,0,0
114.9,39.03,0,0
115.02,39.02,0,0
115.14,39.01,0,0
115.26,39.01,0,0
115.39,39.0,0,0
115.51,39.0,0,0
115.63,39.0,0,0
115.75,38.99,0,0
115.87,38.99,0,0
116.0,38.99,0,0
116.12,38.98,0,0
116.24,38.98,0,0
116.36,38.97,0,0
116.49,38.97,0,0
116.61,38.96,0,0
116.73,38.96,0,0
116.85,38.95,0,0
116.97,38.95,0,0
117.1,38.94,0,0
117.22,38.94,0,0
117.34,38.94,0,0
117.46,38.93,0,0
117.58,38.93,0,0
117.71,38.92,0,0
117.83,38.92,0,0
117.95,38.92,0,0
118.07,38.92,0,0
118.2,38.91,0,0
118.32,38.9,0,0
118.44,38.9,0,0
118.56,38.89,0,0
118.68,38.89,0,0
118.81,38.88,0,0
118.93,38.88,0,0
119.05,38.88,0,0
119.17,38.87,0,0
119.3,38.87,0,0
119.42,38.86,0,0
119.54,38.86,0,0
119.66,38.86,0,0
119.78,38.85,0,0
119.91,38.84,0,0
120.03,38.84,0,0
120.15,38.84,0,0
120.27,38.83,0,0
120.39,38.83,0,0
120.52,38.83,0,0
120.64,38.82,0,0
120.76,38.81,0,0
120.88,38.81,0,0
121.01,38.81,0,0
121.13,38.81,0,0
121.25,38.8,0,0
121.37,38.8,0,0
121.49,38.79,0,0
121.62,38.79,0,0
121.74,38.79,0,0
121.86,38.78,0,0
121.98,38.78,0,0
122.11,38.77,0,0
122.23,38.77,0,0
122.35,38.76,0,0
122.47,38.76,0,0
122.59,38.76,0,0
122.72,38.75,0,0
122.84,38.75,0,0
122.96,38.74,0,0
123.08,38.74,0,0
123.2,38.74,0,0
123.33,38.73,0,0
123.45,38.73,0,0
123.57,38.73,0,0
123.69,38.72,0,0
123.81,38.72,0,0
123.94,38.71,0,0
124.06,38.71,0,0
124.18,38.7,0,0
124.3,38.7,0,0
124.43,38.7,0,0
124.55,38.69,0,0
124.67,38.69,0,0
124.79,38.68,0,0
124.91,38.68,0,0
125.04,38.68,0,0
125.16,38.68,0,0
125.28,38.67,0,0
125.4,38.67,0,0
125.53,38.66,0,0
125.65,38.66,0,0
125.77,38.66,0,0
125.89,38.65,0,0
126.01,38.65,0,0
126.14,38.64,0,0
126.26,38.64,0,0
126.38,38.64,0,0
126.5,38.63,0,0
126.62,38.63,0,0
126.75,38.63,0,0
126.87,38.62,0,0
126.99,38.62,0,0
127.11,38.61,0,0
127.24,38.61,0,0
127.36,38.61,0,0
127.48,38.6,0,0
127.6,38.6,0,0
127.72,38.6,0,0
127.85,38.59,0,0
127.97,38.59,0,0
128.09,38.59,0,0
128.21,38.58,0,0
128.34,38.58,0,0
128.46,38.57,0,0
128.58,38.57,0,0
128.7,38.57,0,0
128.82,38.56,0,0
128.95,38.56,0,0
129.07,38.56,0,0
129.19,38.55,0,0
129.31,38.55,0,0
129.43,38.55,0,0
129.56,38.54,0,0
129.68,38.54,0,0
129.8,38.53,0,0
129.92,38.53,0,0
130.05,38.53,0,0
130.17,38.53,0,0
130.29,38.53,0,0
130.41,38.51,0,0
130.53,38.51,0,0
130.66,38.5,0,0
130.78,38.51,0,0
130.9,38.5,0,0
131.02,38.5,0,0
131.15,38.5,0,0
131.27,38.49,0,0
131.39,38.49,0,0
131.51,38.48,0,0
131.63,38.48,0,0
131.76,38.48,0,0
131.88,38.47,0,0
132.0,38.47,0,0
132.12,38.47,0,0
132.24,38.46,0,0
132.37,38.46,0,0
132.49,38.46,0,0
132.61,38.45,0,0
132.73,38.45,0,0
132.86,38.45,0,0
132.98,38.44,0,0
133.1,38.44,0,0
133.22,38.44,0,0
133.34,38.43,0,0
133.47,38.43,0,0
133.59,38.43,0,0
133.71,38.42,0,0
133.83,38.42,0,0
133.95,38.42,0,0
134.08,38.41,0,0
134.2,38.41,0,0
134.32,38.41,0,0
134.44,38.4,0,0
134.57,38.4,0,0
134.69,38.39,0,0
134.81,38.39,0,0
134.93,38.39,0,0
135.05,38.39,0,0
135.18,38.38,0,0
135.3,38.38,0,0
135.42,38.38,0,0
135.54,38.37,0,0
135.66,38.37,0,0
135.79,38.37,0,0
135.91,38.36,0,0
136.03,38.36,0,0
136.15,38.35,0,0
136.27,38.35,0,0
136.4,38.35,0,0
136.52,38.35,0,0
136.64,38.34,0,0
136.76,38.34,0,0
136.89,38.34,0,0
137.01,38.33,0,0
137.13,38.33,0,0
137.25,38.32,0,0
137.38,38.32,0,0
137.5,38.32,0,0
137.62,38.31,0,0
137.74,38.31,0,0
137.86,38.31,0,0
137.99,38.31,0,0
138.11,38.3,0,0
138.23,38.3,0,0
138.35,38.3,0,0
138.47,38.29,0,0
138.6,38.29,0,0
138.72,38.29,0,0
138.84,38.28,0,0
138.96,38.28,0,0
139.09,38.28,0,0
139.21,38.27,0,0
139.33,38.27,0,0
139.45,38.27,0,0
139.57,38.26,0,0
139.7,38.26,0,0
139.82,38.26,0,0
139.94,38.26,0,0
140.06,38.25,0,0
140.18,38.25,0,0
140.31,38.25,0,0
140.43,38.24,0,0
140.55,38.24,0,0
140.67,38.23,0,0
140.8,38.24,0,0
140.92,38.23,0,0
141.04,38.23,0,0
141.16,38.22,0,0
141.28,38.22,0,0
141.41,38.22,0,0
141.53,38.21,0,0
141.65,38.21,0,0
141.77,38.21,0,0
141.89,38.2,0,0
142.02,38.2,0,0
142.14,38.2,0,0
142.26,38.2,0,0
142.38,38.19,0,0
142.51,38.19,0,0
142.63,38.19,0,0
142.75,38.19,0,0
142.87,38.18,0,0
142.99,38.18,0,0
143.12,38.18,0,0
143.24,38.17,0,0
143.36,38.17,0,0
143.48,38.17,0,0
143.61,38.17,0,0
143.73,38.16,0,0
143.85,38.16,0,0
143.97,38.16,0,0
144.09,38.15,0,0
144.22,38.15,0,0
144.34,38.15,0,0
144.46,38.14,0,0
144.58,38.14,0,0
144.7,38.14,0,0
144.83,38.14,0,0
144.95,38.13,0,0
145.07,38.13,0,0
145.19,38.13,0,0
145.32,38.12,0,0
145.44,38.12,0,0
145.56,38.12,0,0
145.68,38.11,0,0
145.8,38.11,0,0
145.93,38.11,0,0
146.05,38.11,0,0
146.17,38.1,0,0
146.29,38.1,0,0
146.41,38.1,0,0
146.54,38.1,0,0
146.66,38.09,0,0
146.78,38.09,0,0
146.9,38.09,0,0
147.02,38.08,0,0
147.15,38.08,0,0
147.27,38.08,0,0
147.39,38.08,0,0
147.51,38.07,0,0
147.64,38.07,0,0
147.76,38.07,0,0
147.88,38.07,0,0
148.0,38.06,0,0
148.12,38.06,0,0
148.25,38.05,0,0
148.37,38.05,0,0
148.49,38.05,0,0
148.61,38.05,0,0
148.74,38.04,0,0
148.86,38.04,0,0
148.98,38.04,0,0
149.1,38.03,0,0
149.22,38.03,0,0
149.35,38.03,0,0
149.47,38.03,0,0
149.59,38.02,0,0
149.71,38.02,0,0
149.84,38.02,0,0
149.96,38.02,0,0
150.08,38.01,0,0
150.2,38.01,0,0
150.32,38.01,0,0
150.45,38.0,0,0
150.57,38.0,0,0
150.69,38.01,0,0
150.81,38.0,0,0
150.93,38.0,0,0
151.06,37.99,0,0
151.18,37.99,0,0
151.3,37.98,0,0
151.42,37.98,0,0
151.55,37.98,0,0
151.67,37.98,0,0
151.79,37.98,0,0
151.91,37.98,0,0
152.03,37.97,0,0
152.16,37.97,0,0
152.28,37.97,0,0
152.4,37.96,0,0
152.52,37.96,0,0
152.64,37.96,0,0
152.77,37.95,0,0
152.89,37.95,0,0
153.01,37.95,0,0
153.13,37.95,0,0
153.26,37.95,0,0
153.38,37.94,0,0
153.5,37.94,0,0
153.62,37.94,0,0
153.74,37.93,0,0
153.87,37.94,0,0
153.99,37.93,0,0
154.11,37.93,0,0
154.23,37.94,0,0
154.35,37.91,0,0
154.48,37.93,0,0
154.6,37.91,0,0
154.72,37.92,0,0
154.84,37.9,0,0
154.97,37.92,0,0
155.09,37.91,0,0
155.21,37.91,0,0
155.33,37.89,0,0
155.45,37.89,0,0
155.58,37.88,0,0
155.7,37.89,0,0
155.82,37.89,0,0
155.94,37.89,0,0
156.07,37.89,0,0
156.19,37.89,0,0
156.31,37.88,0,0
156.43,37.89,0,0
156.55,37.87,0,0
156.68,37.87,0,0
156.8,37.87,0,0
156.92,37.86,0,0
157.04,37.86,0,0
157.16,37.86,0,0
157.29,37.86,0,0
157.41,37.85,0,0
157.53,37.85,0,0
157.65,37.85,0,0
157.77,37.85,0,0
157.9,37.85,0,0
158.02,37.84,0,0
158.14,37.84,0,0
158.26,37.83,0,0
158.39,37.83,0,0
158.51,37.83,0,0
158.63,37.83,0,0
158.75,37.83,0,0
158.87,37.83,0,0
159.0,37.82,0,0
159.12,37.81,0,0
159.24,37.82,0,0
159.36,37.82,0,0
159.49,37.82,0,0
159.61,37.8,0,0
159.73,37.81,0,0
159.85,37.81,0,0
159.97,37.8,0,0
160.1,37.8,0,0
160.22,37.8,0,0
160.34,37.8,0,0
160.46,37.79,0,0
160.58,37.79,0,0
160.71,37.79,0,0
160.83,37.79,0,0
160.95,37.78,0,0
161.07,37.78,0,0
161.2,37.78,0,0
161.32,37.78,0,0
161.44,37.78,0,0
161.56,37.77,0,0
161.68,37.77,0,0
161.81,37.77,0,0
161.93,37.76,0,0
162.05,37.76,0,0
162.17,37.76,0,0
162.3,37.76,0,0
162.42,37.76,0,0
162.54,37.75,0,0
162.66,37.75,0,0
162.78,37.75,0,0
162.91,37.75,0,0
163.03,37.74,0,0
163.15,37.74,0,0
163.27,37.74,0,0
163.39,37.74,0,0
163.52,37.73,0,0
163.64,37.73,0,0
163.76,37.73,0,0
163.88,37.73,0,0
164.01,37.72,0,0
164.13,37.72,0,0
164.25,37.72,0,0
164.37,37.72,0,0
164.49,37.71,0,0
164.62,37.71,0,0
164.74,37.71,0,0
164.86,37.71,0,0
164.98,37.71,0,0
165.1,37.71,0,0
165.23,37.7,0,0
165.35,37.7,0,0
165.47,37.7,0,0
165.59,37.7,0,0
165.72,37.69,0,0
165.84,37.69,0,0
165.96,37.69,0,0
166.08,37.69,0,0
166.2,37.69,0,0
166.33,37.68,0,0
166.45,37.68,0,0
166.57,37.68,0,0
166.69,37.68,0,0
166.81,37.68,0,0
166.94,37.67,0,0
167.06,37.67,0,0
167.18,37.67,0,0
167.3,37.67,0,0
167.43,37.66,0,0
167.55,37.66,0,0
167.67,37.66,0,0
167.79,37.66,0,0
167.91,37.66,0,0
168.04,37.65,0,0
168.16,37.66,0,0
168.28,37.65,0,0
168.4,37.65,0,0
168.52,37.64,0,0
168.65,37.64,0,0
168.77,37.64,0,0
168.89,37.64,0,0
169.01,37.63,0,0
169.14,37.63,0,0
169.26,37.64,0,0
169.38,37.63,0,0
169.5,37.62,0,0
169.62,37.63,0,0
169.75,37.62,0,0
169.87,37.62,0,0
169.99,37.62,0,0
170.11,37.61,0,0
170.24,37.62,0,0
170.36,37.61,0,0
170.48,37.6,0,0
170.6,37.61,0,0
170.72,37.6,0,0
170.85,37.6,0,0
170.97,37.6,0,0
171.09,37.6,0,0
171.21,37.6,0,0
171.33,37.59,0,0
171.46,37.59,0,0
171.58,37.59,0,0
171.7,37.59,0,0
171.82,37.59,0,0
171.95,37.58,0,0
172.07,37.58,0,0
172.19,37.58,0,0
172.31,37.58,0,0
172.43,37.58,0,0
172.56,37.57,0,0
172.68,37.57,0,0
172.8,37.57,0,0
172.92,37.57,0,0
173.04,37.57,0,0
173.17,37.56,0,0
173.29,37.56,0,0
173.41,37.56,0,0
173.53,37.56,0,0
173.66,37.55,0,0
173.78,37.55,0,0
173.9,37.55,0,0
174.02,37.55,0,0
174.14,37.55,0,0
174.27,37.54,0,0
174.39,37.54,0,0
174.51,37.54,0,0
174.63,37.54,0,0
174.76,37.54,0,0
174.88,37.54,0,0
175.0,37.53,0,0
175.12,37.53,0,0
175.24,37.53,0,0
175.37,37.53,0,0
175.49,37.52,0,0
175.61,37.52,0,0
175.73,37.52,0,0
175.85,37.52,0,0
175.98,37.52,0,0
176.1,37.51,0,0
176.22,37.52,0,0
176.34,37.51,0,0
176.47,37.51,0,0
176.59,37.51,0,0
176.71,37.51,0,0
176.83,37.5,0,0
176.95,37.5,0,0
177.08,37.49,0,0
177.2,37.5,0,0
177.32,37.5,0,0
177.44,37.49,0,0
177.56,37.49,0,0
177.69,37.49,0,0
177.81,37.49,0,0
177.93,37.49,0,0
178.05,37.48,0,0
178.18,37.49,0,0
178.3,37.48,0,0
178.42,37.48,0,0
178.54,37.48,0,0
178.66,37.47,0,0
178.79,37.48,0,0
178.91,37.47,0,0
179.03,37.47,0,0
179.15,37.47,0,0
179.27,37.47,0,0
179.4,37.47,0,0
179.52,37.46,0,0
179.64,37.47,0,0
179.76,37.46,0,0
179.89,37.45,0,0
180.01,37.45,0,0
180.13,37.45,0,0
180.25,37.45,0,0
180.37,37.45,0,0
180.5,37.45,0,0
180.62,37.44,0,0
180.74,37.44,0,0
180.86,37.44,0,0
180.99,37.44,0,0
181.11,37.44,0,0
181.23,37.44,0,0
181.35,37.43,0,0
181.47,37.43,0,0
181.6,37.43,0,0
181.72,37.43,0,0
181.84,37.43,0,0
181.96,37.43,0,0
182.08,37.42,0,0
182.21,37.42,0,0
182.33,37.42,0,0
182.45,37.42,0,0
182.57,37.42,0,0
182.7,37.41,0,0
182.82,37.41,0,0
182.94,37.41,0,0
183.06,37.41,0,0
183.18,37.41,0,0
183.31,37.4,0,0
183.43,37.4,0,0
183.55,37.41,0,0
183.67,37.4,0,0
183.79,37.4,0,0
183.92,37.4,0,0
184.04,37.4,0,0
184.16,37.4,0,0
184.28,37.39,0,0
184.41,37.39,0,0
184.53,37.38,0,0
184.65,37.38,0,0
184.77,37.38,0,0
184.89,37.38,0,0
185.02,37.37,0,0
185.14,37.37,0,0
185.26,37.38,0,0
185.38,37.38,0,0
185.5,37.37,0,0
185.63,37.37,0,0
185.75,37.37,0,0
185.87,37.37,0,0
185.99,37.36,0,0
186.12,37.36,0,0
186.24,37.36,0,0
186.36,37.36,0,0
186.48,37.36,0,0
186.6,37.35,0,0
186.73,37.35,0,0
186.85,37.35,0,0
186.97,37.35,0,0
187.09,37.35,0,0
187.22,37.35,0,0
187.34,37.35,0,0
187.46,37.34,0,0
187.58,37.34,0,0
187.7,37.34,0,0
187.83,37.34,0,0
187.95,37.33,0,0
188.07,37.33,0,0
188.19,37.33,0,0
188.31,37.33,0,0
188.44,37.33,0,0
188.56,37.32,0,0
188.68,37.33,0,0
188.8,37.32,0,0
188.93,37.32,0,0
189.05,37.32,0,0
189.17,37.31,0,0
189.29,37.31,0,0
189.41,37.31,0,0
189.54,37.31,0,0
189.66,37.32,0,0
189.78,37.31,0,0
189.9,37.3,0,0
190.02,37.3,0,0
190.15,37.3,0,0
190.27,37.3,0,0
190.39,37.3,0,0
190.51,37.3,0,0
190.64,37.29,0,0
190.76,37.3,0,0
190.88,37.29,0,0
191.0,37.29,0,0
191.12,37.29,0,0
191.25,37.29,0,0
191.37,37.28,0,0
191.49,37.29,0,0
191.61,37.28,0,0
191.73,37.28,0,0
191.86,37.28,0,0
191.98,37.27,0,0
192.1,37.28,0,0
192.22,37.27,0,0
192.35,37.27,0,0
192.47,37.27,0,0
192.59,37.27,0,0
192.71,37.26,0,0
192.83,37.27,0,0
192.96,37.26,0,0
193.08,37.26,0,0
193.2,37.26,0,0
193.32,37.26,0,0
193.45,37.26,0,0
193.57,37.25,0,0
193.69,37.25,0,0
193.81,37.25,0,0
193.93,37.25,0,0
194.06,37.24,0,0
194.18,37.24,0,0
194.3,37.24,0,0
194.42,37.24,0,0
194.54,37.24,0,0
194.67,37.24,0,0
194.79,37.24,0,0
194.91,37.23,0,0
195.03,37.23,0,0
195.16,37.23,0,0
195.28,37.23,0,0
195.4,37.22,0,0
195.52,37.23,0,0
195.64,37.23,0,0
195.77,37.22,0,0
195.89,37.22,0,0
196.01,37.22,0,0
196.13,37.22,0,0
196.25,37.22,0,0
196.38,37.21,0,0
196.5,37.22,0,0
196.62,37.21,0,0
196.74,37.21,0,0
196.87,37.21,0,0
196.99,37.21,0,0
197.11,37.21,0,0
197.23,37.2,0,0
197.35,37.2,0,0
197.48,37.2,0,0
197.6,37.2,0,0
197.72,37.19,0,0
197.84,37.19,0,0
197.96,37.19,0,0
198.09,37.19,0,0
198.21,37.19,0,0
198.33,37.19,0,0
198.45,37.19,0,0
198.58,37.19,0,0
198.7,37.18,0,0
198.82,37.18,0,0
198.94,37.18,0,0
199.06,37.18,0,0
199.19,37.17,0,0
199.31,37.17,0,0
199.43,37.17,0,0
199.55,37.17,0,0
199.68,37.17,0,0
199.8,37.17,0,0
199.92,37.17,0,0
200.04,37.16,0,0
200.16,37.16,0,0
200.29,37.16,0,0
200.41,37.16,0,0
200.53,37.16,0,0
200.65,37.16,0,0
200.77,37.16,0,0
200.9,37.16,0,0
201.02,37.15,0,0
201.14,37.15,0,0
201.26,37.15,0,0
201.38,37.15,0,0
201.51,37.15,0,0
201.63,37.15,0,0
201.75,37.15,0,0
201.87,37.14,0,0
202.0,37.14,0,0
202.12,37.14,0,0
202.24,37.14,0,0
202.36,37.14,0,0
202.48,37.14,0,0
202.61,37.14,0,0
202.73,37.13,0,0
202.85,37.13,0,0
202.97,37.13,0,0
203.1,37.13,0,0
203.22,37.13,0,0
203.34,37.13,0,0
203.46,37.13,0,0
203.58,37.12,0,0
203.71,37.12,0,0
203.83,37.12,0,0
203.95,37.12,0,0
204.07,37.12,0,0
204.19,37.12,0,0
204.32,37.11,0,0
204.44,37.11,0,0
204.56,37.11,0,0
204.68,37.11,0,0
204.81,37.11,0,0
204.93,37.11,0,0
205.05,37.11,0,0
205.17,37.1,0,0
205.29,37.1,0,0
205.42,37.1,0,0
205.54,37.1,0,0
205.66,37.1,0,0
205.78,37.1,0,0
205.91,37.1,0,0
206.03,37.1,0,0
206.15,37.09,0,0
206.27,37.09,0,0
206.39,37.09,0,0
206.52,37.09,0,0
206.64,37.09,0,0
206.76,37.09,0,0
206.88,37.08,0,0
207.0,37.09,0,0
207.13,37.08,0,0
207.25,37.08,0,0
207.37,37.08,0,0
207.49,37.08,0,0
207.62,37.08,0,0
207.74,37.08,0,0
207.86,37.08,0,0
207.98,37.07,0,0
208.1,37.07,0,0
208.23,37.07,0,0
208.35,37.07,0,0
208.47,37.07,0,0
208.59,37.06,0,0
208.71,37.07,0,0
208.84,37.06,0,0
208.96,37.06,0,0
209.08,37.06,0,0
209.2,37.07,0,0
209.33,37.06,0,0
209.45,37.06,0,0
209.57,37.05,0,0
209.69,37.06,0,0
209.81,37.05,0,0
209.94,37.05,0,0
210.06,37.05,0,0
210.18,37.05,0,0
210.3,37.05,0,0
210.42,37.05,0,0
210.55,37.04,0,0
210.67,37.05,0,0
210.79,37.04,0,0
210.91,37.04,0,0
211.04,37.04,0,0
211.16,37.04,0,0
211.28,37.04,0,0
211.4,37.03,0,0
211.52,37.04,0,0
211.65,37.03,0,0
211.77,37.03,0,0
211.89,37.04,0,0
212.01,37.03,0,0
212.13,37.02,0,0
212.26,37.03,0,0
212.38,37.03,0,0
212.5,37.03,0,0
212.62,37.02,0,0
212.75,37.02,0,0
212.87,37.02,0,0
212.99,37.02,0,0
213.11,37.02,0,0
213.23,37.01,0,0
213.36,37.01,0,0
213.48,37.01,0,0
213.6,37.01,0,0
213.72,37.01,0,0
213.85,37.02,0,0
213.97,37.01,0,0
214.09,37.01,0,0
214.21,37.01,0,0
214.33,37.0,0,0
214.46,37.01,0,0
214.58,37.0,0,0
214.7,37.01,0,0
214.82,37.01,0,0
214.94,37.01,0,0
215.07,36.99,0,0
215.19,37.0,0,0
215.31,36.99,0,0
215.43,36.99,0,0
215.56,37.0,0,0
215.68,36.99,0,0
215.8,36.99,0,0
215.92,36.99,0,0
216.04,36.98,0,0
216.17,36.98,0,0
216.29,36.98,0,0
216.41,36.98,0,0
216.53,36.99,0,0
216.65,36.98,0,0
0.12,36.92,0,1
0.24,36.91,0,1
0.37,36.9,0,1
0.49,36.91,0,1
0.61,36.91,0,1
0.73,36.9,0,1
0.85,36.91,3,1
0.98,36.9,3,1
1.1,36.89,8,1
1.22,36.9,20,1
1.35,36.89,24,1
1.47,36.9,25,1
1.59,36.9,25,1
1.71,36.88,25,1
1.84,36.91,26,1
1.96,36.91,27,1
2.08,36.93,27,1
2.2,36.95,28,1
2.32,36.97,28,1
2.45,36.97,29,1
2.57,36.99,30,1
2.69,37.01,31,1
2.81,37.03,31,1
2.94,37.07,31,1
3.06,37.1,31,1
3.18,37.13,31,1
3.3,37.15,32,1
3.42,37.19,32,1
3.55,37.22,32,1
3.67,37.26,32,1
3.79,37.29,32,1
3.91,37.33,32,1
4.03,37.37,32,1
4.16,37.41,33,1
4.28,37.45,33,1
4.4,37.49,33,1
4.52,37.54,33,1
4.65,37.57,33,1
4.77,37.62,33,1
4.89,37.67,33,1
5.01,37.71,33,1
5.13,37.76,33,1
5.26,37.79,33,1
5.38,37.84,33,1
5.5,37.88,33,1
5.62,37.93,33,1
5.74,37.97,33,1
5.87,38.02,33,1
5.99,38.06,33,1
6.11,38.1,33,1
6.23,38.15,33,1
6.35,38.19,33,1
6.48,38.23,33,1
6.6,38.27,33,1
6.72,38.32,33,1
6.84,38.36,33,1
6.97,38.4,33,1
7.09,38.44,33,1
7.21,38.49,33,1
7.33,38.53,33,1
7.45,38.57,33,1
7.57,38.61,33,1
7.7,38.66,33,1
7.82,38.69,33,1
7.94,38.74,33,1
8.06,38.77,33,1
8.19,38.81,33,1
8.31,38.86,33,1
8.43,38.9,33,1
8.55,38.94,33,1
8.67,38.98,33,1
8.8,39.01,33,1
8.92,39.06,33,1
9.04,39.09,33,1
9.16,39.13,33,1
9.28,39.17,33,1
9.41,39.21,33,1
9.53,39.25,33,1
9.65,39.28,33,1
9.77,39.32,33,1
9.9,39.35,33,1
10.02,39.4,33,1
10.14,39.43,33,1
10.26,39.47,33,1
10.38,39.5,33,0
10.51,39.54,33,0
10.63,39.58,33,0
10.75,39.61,33,0
10.87,39.64,33,0
11.0,39.66,33,0
11.12,39.67,33,0
11.24,39.69,33,0
11.36,39.7,33,0
11.48,39.7,33,0
11.61,39.7,33,0
11.73,39.69,33,0
11.85,39.68,33,0
11.97,39.67,33,0
12.09,39.66,33,0
12.22,39.65,33,0
12.34,39.62,33,0
12.46,39.61,33,0
12.58,39.58,33,0
12.71,39.56,33,0
12.83,39.54,33,0
12.95,39.51,33,0
13.07,39.47,33,0
13.19,39.45,33,0
13.32,39.42,33,0
13.44,39.38,33,0
13.56,39.35,33,0
13.68,39.32,33,0
0.12,38.32,0,1
0.24,38.3,0,0
0.37,38.28,0,0
0.49,38.28,0,0
0.61,38.27,0,0
0.73,38.25,0,0
0.85,38.24,0,0
0.98,38.24,0,0
1.1,38.23,0,0
1.22,38.23,0,0
1.34,38.22,0,0
1.46,38.21,0,0
1.59,38.2,0,0
1.71,38.2,0,0
1.83,38.19,0,0
1.95,38.19,0,0
2.07,38.18,33,0
2.2,38.18,33,0
2.32,38.17,33,0
2.44,38.16,33,0
2.56,38.15,33,0
2.68,38.14,33,0
2.81,38.13,33,0
2.93,38.12,33,0
3.05,38.1,33,0
3.17,38.09,33,0
3.3,38.07,33,0
3.42,38.06,33,0
3.54,38.04,33,0
3.66,38.03,33,0
3.78,38.01,33,0
3.91,37.99,33,0
4.03,37.97,33,0
4.15,37.96,33,0
4.27,37.93,33,0
4.4,37.91,33,0
4.52,37.88,33,0
4.64,37.88,33,0
4.76,37.85,33,0
4.88,37.83,33,0
5.01,37.8,33,0
5.13,37.78,33,0
5.25,37.76,33,0
5.37,37.74,33,0
5.49,37.72,33,0
5.61,37.69,33,0
5.74,37.68,33,0
5.86,37.66,33,0
5.98,37.64,33,0
6.1,37.62,33,0
6.23,37.59,33,0
6.35,37.58,33,0
6.47,37.56,33,0
6.59,37.54,33,0
6.71,37.52,33,0
6.84,37.5,33,0
6.96,37.48,33,0
7.08,37.45,33,0
7.2,37.44,33,0
7.32,37.42,33,0
7.45,37.4,33,0
7.57,37.38,33,0
7.69,37.36,33,0
7.81,37.34,33,0
7.93,37.32,33,0
8.06,37.3,33,0
8.18,37.29,33,0
8.3,37.27,33,0
8.42,37.25,33,0
8.55,37.23,33,0
8.67,37.21,33,0
8.79,37.2,33,0
8.91,37.18,33,0
9.03,37.16,33,0
9.16,37.14,33,0
9.28,37.13,33,0
9.4,37.11,33,0
9.52,37.1,33,0
9.65,37.08,33,0
9.77,37.05,33,0
9.89,37.04,33,0
10.01,37.02,33,0
10.13,37.0,33,0
10.26,36.98,33,0
10.38,36.97,33,0
10.5,36.95,33,0
10.62,36.93,33,0
10.74,36.92,33,0
10.86,36.9,33,0
10.99,36.89,33,0
11.11,36.87,33,0
11.23,36.85,33,0
11.35,36.84,33,0
11.48,36.82,33,0
11.6,36.81,33,0
11.72,36.8,33,0
11.84,36.78,33,0
11.97,36.77,33,0
12.09,36.75,33,0
12.21,36.73,33,0
12.33,36.72,33,0
12.45,36.7,33,0
12.58,36.68,33,0
12.7,36.67,33,0
12.82,36.66,33,0
12.94,36.64,33,0
13.06,36.63,33,0
13.19,36.62,33,0
13.31,36.6,33,0
13.43,36.59,33,0
13.55,36.58,33,0
13.68,36.57,33,0
13.8,36.55,33,0
13.92,36.53,33,0
14.04,36.52,33,0
14.16,36.5,33,0
14.29,36.5,33,0
14.41,36.48,33,0
14.53,36.46,33,0
14.65,36.44,33,0
14.77,36.43,33,0
14.9,36.42,33,0
15.02,36.4,33,0
15.14,36.39,33,0
15.26,36.38,33,0
15.39,36.36,33,0
15.51,36.35,33,0
15.63,36.33,33,0
15.75,36.31,33,0
15.88,36.3,33,0
16.0,36.3,33,0
16.12,36.28,33,0
16.24,36.26,33,0
16.36,36.25,33,0
16.48,36.24,33,0
16.61,36.23,33,0
16.73,36.21,33,0
16.85,36.2,33,0
16.97,36.19,33,0
17.09,36.17,33,0
17.22,36.17,33,0
17.34,36.15,33,0
17.46,36.14,33,0
17.58,36.12,33,0
17.71,36.11,33,0
17.83,36.09,33,0
17.95,36.09,33,0
18.07,36.07,33,0
18.19,36.06,33,0
18.32,36.04,33,0
18.44,36.04,33,0
18.56,36.02,33,0
18.68,36.01,33,0
18.81,36.0,33,0
18.93,35.99,33,0
19.05,35.97,33,0
19.17,35.96,33,0
19.29,35.95,33,0
19.42,35.94,33,0
19.54,35.93,33,0
19.66,35.91,33,0
19.78,35.9,33,0
19.9,35.89,33,0
20.03,35.88,33,0
20.15,35.86,33,0
20.27,35.85,33,0
20.39,35.84,33,0
20.52,35.83,33,0
20.64,35.82,33,0
20.76,35.8,33,0
20.88,35.78,33,0
21.0,35.78,33,0
21.13,35.76,33,0
21.25,35.76,33,0
21.37,35.74,33,0
21.49,35.73,33,0
21.61,35.73,33,0
21.74,35.71,33,0
21.86,35.7,33,0
21.98,35.69,33,0
22.1,35.69,33,0
22.23,35.67,33,0
22.35,35.66,33,0
22.47,35.64,33,0
22.59,35.63,33,0
22.71,35.62,33,0
22.84,35.61,33,0
22.96,35.59,33,0
23.08,35.58,33,0
23.2,35.58,33,0
23.32,35.56,33,0
23.45,35.55,33,0
23.57,35.54,33,0
23.69,35.54,33,0
23.81,35.53,33,0
23.94,35.52,33,0
24.06,35.5,33,0
24.18,35.49,33,0
24.3,35.47,33,0
24.42,35.47,33,0
24.55,35.46,33,0
24.67,35.45,33,0
24.79,35.43,33,0
24.91,35.42,33,0
25.04,35.42,33,0
25.16,35.41,33,0
25.28,35.4,33,0
25.4,35.38,33,0
25.52,35.38,33,0
25.65,35.37,33,0
25.77,35.35,33,0
25.89,35.35,33,0
26.01,35.32,33,0
26.13,35.32,33,0
26.26,35.31,33,0
26.38,35.3,33,0
26.5,35.29,33,0
26.62,35.28,33,0
26.75,35.27,33,0
26.87,35.25,33,0
26.99,35.25,33,0
27.11,35.24,33,0
27.23,35.23,33,0
27.36,35.22,33,0
27.48,35.21,33,0
27.6,35.2,33,0
27.72,35.18,33,0
27.84,35.19,33,0
27.97,35.17,33,0
28.09,35.16,33,0
28.21,35.14,33,0
28.33,35.13,33,0
28.46,35.13,33,0
28.58,35.13,33,0
28.7,35.11,33,0
28.82,35.1,33,0
28.94,35.09,33,0
29.07,35.08,33,0
29.19,35.08,33,0
29.31,35.07,33,0
29.43,35.06,33,0
29.55,35.04,33,0
29.68,35.04,33,0
29.8,35.03,33,0
29.92,35.02,33,0
30.04,35.0,33,0
30.17,35.0,33,0
30.29,34.99,33,0
30.41,34.99,33,0
30.53,34.95,33,0
30.65,34.96,33,0
30.78,34.95,33,0
30.9,34.94,33,0
31.02,34.92,33,0
31.14,34.93,33,0
31.27,34.9,33,0
31.39,34.9,33,0
31.51,34.9,33,0
31.63,34.87,33,0
31.75,34.87,33,0
31.88,34.87,33,0
32.0,34.86,33,0
32.12,34.85,33,0
32.24,34.83,33,0
32.37,34.82,33,0
32.49,34.81,33,0
32.61,34.8,33,0
32.73,34.8,33,0
32.85,34.79,33,0
32.98,34.78,33,0
33.1,34.77,33,0
33.22,34.76,33,0
33.34,34.75,33,0
33.47,34.74,33,0
33.59,34.73,33,0
33.71,34.72,33,0
33.83,34.72,33,0
33.95,34.71,33,0
34.08,34.7,33,0
34.2,34.7,33,0
34.32,34.69,33,0
34.44,34.67,33,0
34.56,34.67,33,0
34.69,34.67,33,0
34.81,34.65,33,0
34.93,34.63,33,0
35.05,34.63,33,0
35.18,34.62,33,0
35.3,34.61,33,0
35.42,34.6,33,0
35.54,34.6,33,0
35.66,34.59,33,0
35.79,34.58,33,0
35.91,34.56,33,0
36.03,34.55,33,0
36.15,34.55,33,0
36.28,34.54,33,0
36.4,34.53,33,0
36.52,34.51,33,0
36.64,34.51,33,0
36.76,34.52,33,0
36.88,34.5,33,0
37.01,34.49,33,0
37.13,34.48,33,0
37.25,34.47,33,0
37.37,34.46,33,0
37.5,34.46,33,0
37.62,34.45,33,0
37.74,34.45,33,0
37.86,34.43,33,0
37.99,34.42,33,0
38.11,34.41,33,0
38.23,34.41,33,0
38.35,34.4,33,0
38.47,34.39,33,0
38.6,34.38,33,0
38.72,34.37,33,0
38.84,34.37,33,0
38.96,34.36,33,0
39.08,34.34,33,0
39.21,34.34,33,0
39.33,34.34,33,0
39.45,34.32,33,0
39.57,34.32,33,0
39.7,34.32,33,0
39.82,34.31,33,0
39.94,34.29,33,0
40.06,34.29,33,0
40.18,34.28,33,0
40.31,34.26,33,0
40.43,34.26,33,0
40.55,34.25,33,0
40.67,34.25,33,0
40.79,34.23,33,0
40.92,34.23,33,0
41.04,34.22,33,0
41.16,34.21,33,0
41.28,34.2,33,0
41.4,34.2,33,0
41.53,34.19,33,0
41.65,34.18,33,0
41.77,34.17,33,0
41.89,34.16,33,0
42.02,34.16,33,0
42.14,34.14,33,0
42.26,34.13,33,0
42.38,34.14,33,0
42.51,34.13,33,0
42.63,34.12,33,0
42.75,34.11,33,0
42.87,34.12,33,0
42.99,34.1,33,0
43.12,34.09,33,0
43.24,34.08,33,0
43.36,34.07,33,0
43.48,34.07,33,0
43.6,34.06,33,0
43.73,34.04,33,0
43.85,34.05,33,0
43.97,34.03,33,0
44.09,34.02,33,0
44.22,34.03,33,0
44.34,34.01,33,0
44.46,34.01,33,0
44.58,34.01,33,0
44.7,34.0,33,0
44.83,33.98,33,0
44.95,33.98,33,0
45.07,33.97,33,0
45.19,33.97,33,0
45.31,33.96,33,0
45.44,33.96,33,0
45.56,33.94,33,0
45.68,33.93,33,0
45.8,33.93,33,0
45.93,33.93,33,0
46.05,33.92,33,0
46.17,33.91,33,0
46.29,33.9,33,0
46.41,33.89,33,0
46.54,33.89,33,0
46.66,33.88,33,0
46.78,33.87,33,0
46.9,33.86,33,0
47.03,33.86,33,0
47.15,33.86,33,0
47.27,33.85,33,0
47.39,33.84,33,0
47.51,33.83,33,0
47.63,33.82,33,0
47.76,33.82,33,0
47.88,33.81,33,0
48.0,33.8,33,0
48.12,33.8,33,0
48.25,33.79,33,0
48.37,33.78,33,0
48.49,33.78,33,0
48.61,33.77,33,0
48.74,33.76,33,0
48.86,33.75,33,0
48.98,33.74,33,0
49.1,33.74,33,0
49.22,33.73,33,0
49.35,33.73,33,0
49.47,33.72,33,0
49.59,33.71,33,0
49.71,33.71,33,0
49.83,33.7,33,0
49.96,33.7,33,0
50.08,33.69,33,0
50.2,33.68,33,0
50.32,33.67,33,0
50.45,33.66,33,0
50.57,33.66,33,0
50.69,33.65,33,0
50.81,33.64,33,0
50.93,33.63,33,0
51.06,33.63,33,0
51.18,33.62,33,0
51.3,33.62,33,0
51.42,33.61,33,0
51.54,33.61,33,0
51.67,33.59,33,0
51.79,33.59,33,0
51.91,33.59,33,0
52.03,33.58,33,0
52.15,33.56,33,0
52.28,33.56,33,0
52.4,33.56,33,0
52.52,33.55,33,0
52.64,33.54,33,0
52.77,33.54,33,0
52.89,33.53,33,0
53.01,33.52,33,0
53.13,33.52,33,0
53.26,33.52,33,0
53.38,33.51,33,0
53.5,33.5,33,0
53.62,33.49,33,0
53.74,33.49,33,0
53.87,33.48,33,0
53.99,33.47,33,0
54.11,33.47,33,0
54.23,33.46,33,0
54.35,33.46,33,0
54.47,33.45,33,0
54.6,33.44,33,0
54.72,33.44,33,0
54.84,33.44,33,0
54.97,33.42,33,0
55.09,33.42,33,0
55.21,33.41,33,0
55.33,33.4,33,0
55.45,33.4,33,0
55.58,33.39,33,0
55.7,33.39,33,0
55.82,33.37,33,0
55.94,33.37,33,0
56.06,33.36,33,0
56.19,33.35,33,0
56.31,33.35,33,0
56.43,33.36,33,0
56.55,33.34,33,0
56.68,33.34,33,0
56.8,33.33,33,0
56.92,33.32,33,0
57.04,33.31,33,0
57.16,33.31,33,0
57.29,33.3,33,0
57.41,33.29,33,0
57.53,33.3,33,0
57.65,33.28,33,0
57.77,33.28,33,0
57.9,33.27,33,0
58.02,33.27,33,0
58.14,33.27,33,0
58.26,33.25,33,0
58.38,33.26,33,0
58.51,33.25,33,0
58.63,33.24,33,0
58.75,33.23,33,0
58.87,33.23,33,0
59.0,33.22,33,0
59.12,33.21,33,0
59.24,33.21,33,0
59.36,33.2,33,0
59.48,33.2,33,0
59.61,33.19,33,0
59.73,33.19,33,0
59.85,33.17,33,0
59.97,33.16,33,0
60.1,33.16,33,0
60.22,33.16,33,0
60.34,33.15,33,0
60.46,33.16,33,0
60.58,33.14,33,0
60.71,33.14,33,0
60.83,33.13,33,0
60.95,33.13,33,0
61.07,33.12,33,0
61.2,33.11,33,0
61.32,33.1,33,0
61.44,33.1,33,0
61.56,33.1,33,0
61.68,33.1,33,0
61.81,33.09,33,0
61.93,33.08,33,0
62.05,33.08,33,0
62.17,33.08,33,0
62.29,33.07,33,0
62.42,33.06,33,0
62.54,33.05,33,0
62.66,33.04,33,0
62.78,33.04,33,0
62.9,33.03,33,0
63.03,33.03,33,0
63.15,33.02,33,0
63.27,33.03,33,0
63.39,33.02,33,0
63.52,33.02,33,0
63.64,33.01,33,0
63.76,33.0,33,0
63.88,32.99,33,0
64.0,32.99,33,0
64.13,32.98,33,0
64.25,32.98,33,0
64.37,32.97,33,0
64.49,32.97,33,0
64.61,32.96,33,0
64.74,32.95,33,0
64.86,32.95,33,0
64.98,32.95,33,0
65.1,32.93,33,0
65.22,32.95,33,0
65.35,32.93,33,0
65.47,32.92,33,0
65.59,32.91,33,0
65.71,32.92,33,0
65.84,32.91,33,0
65.96,32.91,33,0
66.08,32.9,33,0
66.2,32.89,33,0
66.32,32.88,33,0
66.45,32.88,33,0
66.57,32.87,33,0
66.69,32.87,33,0
66.81,32.86,33,0
66.93,32.86,33,0
67.06,32.85,33,0
67.18,32.84,33,0
67.3,32.84,33,0
67.43,32.84,33,0
67.55,32.83,33,0
67.67,32.83,33,0
67.79,32.83,33,0
67.91,32.82,33,0
68.04,32.82,33,0
68.16,32.81,33,0
68.28,32.81,33,0
68.4,32.8,33,0
68.52,32.79,33,0
68.65,32.8,33,0
68.77,32.79,33,0
68.89,32.78,33,0
69.01,32.77,33,0
69.13,32.77,33,0
69.26,32.77,33,0
69.38,32.76,33,0
69.5,32.76,33,0
69.62,32.75,33,0
69.75,32.74,33,0
69.87,32.73,33,0
69.99,32.74,33,0
70.11,32.72,33,0
70.23,32.71,33,0
70.36,32.71,33,0
70.48,32.72,33,0
70.6,32.71,33,0
70.72,32.7,33,0
70.84,32.7,33,0
70.97,32.7,33,0
71.09,32.69,33,0
71.21,32.69,33,0
71.33,32.68,33,0
71.45,32.68,33,0
71.58,32.67,33,0
71.7,32.66,33,0
71.82,32.66,33,0
71.94,32.66,33,0
72.07,32.65,33,0
72.19,32.65,33,0
72.31,32.64,33,0
72.43,32.64,33,0
72.55,32.63,33,0
72.68,32.63,33,0
72.8,32.63,33,0
72.92,32.63,33,0
73.04,32.62,33,0
73.16,32.61,33,0
73.29,32.61,33,0
73.41,32.61,33,0
73.53,32.6,33,0
73.65,32.6,33,0
73.78,32.6,33,0
73.9,32.58,33,0
74.02,32.58,33,0
74.14,32.58,33,0
74.26,32.57,33,0
74.39,32.57,33,0
74.51,32.57,33,0
74.63,32.56,33,0
74.75,32.55,33,0
74.88,32.55,33,0
75.0,32.55,33,0
75.12,32.54,33,0
75.24,32.54,33,0
75.36,32.53,33,0
75.49,32.53,33,0
75.61,32.52,33,0
75.73,32.52,33,0
75.85,32.51,33,0
75.97,32.51,33,0
76.1,32.51,33,0
76.22,32.5,33,0
76.34,32.5,33,0
76.46,32.5,33,0
76.59,32.5,33,0
76.71,32.48,33,0
76.83,32.48,33,0
76.95,32.47,33,0
77.07,32.48,33,0
77.2,32.46,33,0
77.32,32.46,33,0
77.44,32.45,33,0
77.56,32.44,33,0
77.68,32.45,33,0
77.81,32.44,33,0
77.93,32.44,33,0
78.05,32.44,33,0
78.17,32.43,33,0
78.3,32.43,33,0
78.42,32.42,33,0
78.54,32.41,33,0
78.66,32.42,33,0
78.79,32.41,33,0
78.91,32.41,33,0
79.03,32.4,33,0
79.15,32.4,33,0
79.27,32.39,33,0
79.39,32.38,33,0
79.52,32.38,33,0
79.64,32.37,33,0
79.76,32.38,33,0
79.88,32.37,33,0
80.01,32.37,33,0
80.13,32.36,33,0
80.25,32.35,33,0
80.37,32.35,33,0
80.5,32.35,33,0
80.62,32.34,33,0
80.74,32.33,33,0
80.86,32.33,33,0
80.98,32.33,33,0
81.11,32.33,33,0
81.23,32.33,33,0
81.35,32.32,33,0
81.47,32.31,33,0
81.59,32.3,33,0
81.72,32.31,33,0
81.84,32.3,33,0
81.96,32.29,33,0
82.08,32.29,33,0
82.2,32.28,33,0
82.33,32.28,33,0
82.45,32.28,33,0
82.57,32.28,33,0
82.69,32.26,33,0
82.82,32.27,33,0
82.94,32.26,33,0
83.06,32.26,33,0
83.18,32.25,33,0
83.3,32.25,33,0
83.43,32.25,33,0
83.55,32.25,33,0
83.67,32.24,33,0
83.79,32.24,33,0
83.91,32.23,33,0
84.04,32.22,33,0
84.16,32.23,33,0
84.28,32.21,33,0
84.4,32.21,33,0
84.53,32.21,33,0
84.65,32.21,33,0
84.77,32.2,33,0
84.89,32.21,33,0
85.01,32.2,33,0
85.14,32.19,33,0
85.26,32.17,33,0
85.38,32.17,33,0
85.5,32.17,33,0
85.62,32.18,33,0
85.75,32.17,33,0
85.87,32.16,33,0
85.99,32.15,33,0
86.11,32.15,33,0
86.24,32.15,33,0
86.36,32.14,33,0
86.48,32.15,33,0
86.6,32.14,33,0
86.72,32.13,33,0
86.85,32.14,33,0
86.97,32.13,33,0
87.09,32.13,33,0
87.21,32.12,33,0
87.34,32.11,33,0
87.46,32.11,33,0
87.58,32.1,33,0
87.7,32.11,33,0
87.82,32.1,33,0
87.95,32.1,33,0
88.07,32.1,33,0
88.19,32.09,33,0
88.31,32.08,33,0
88.43,32.08,33,0
88.56,32.07,33,0
88.68,32.08,33,0
88.8,32.07,33,0
88.92,32.06,33,0
89.05,32.06,33,0
89.17,32.06,33,0
89.29,32.06,33,0
89.41,32.05,33,0
89.54,32.05,33,0
89.66,32.04,33,0
89.78,32.04,33,0
89.9,32.04,33,0
90.02,32.04,33,0
90.14,32.03,33,0
90.27,32.02,33,0
90.39,32.02,33,0
90.51,32.02,33,0
90.63,32.01,33,0
90.76,32.02,33,0
90.88,32.01,33,0
91.0,32.0,33,0
91.12,31.99,33,0
91.25,32.0,33,0
91.37,31.99,33,0
91.49,31.99,33,0
91.61,31.98,33,0
91.73,31.98,33,0
91.86,31.97,33,0
91.98,31.98,33,0
92.1,31.98,33,0
92.22,31.96,33,0
92.34,31.96,33,0
92.47,31.96,33,0
92.59,31.96,33,0
92.71,31.95,33,0
92.83,31.95,33,0
92.95,31.95,33,0
93.08,31.94,33,0
93.2,31.95,33,0
93.32,31.94,33,0
93.44,31.93,33,0
93.56,31.93,33,0
93.69,31.92,33,0
93.81,31.92,33,0
93.93,31.92,33,0
94.05,31.92,33,0
94.18,31.91,33,0
94.3,31.91,33,0
94.42,31.91,33,0
94.54,31.9,33,0
94.66,31.9,33,0
94.79,31.89,33,0
94.91,31.89,33,0
95.03,31.88,33,0
95.15,31.88,33,0
95.28,31.88,33,0
95.4,31.87,33,0
95.52,31.86,33,0
95.64,31.86,33,0
95.76,31.88,33,0
95.89,31.86,33,0
96.01,31.86,33,0
96.13,31.85,33,0
96.25,31.85,33,0
96.37,31.84,33,0
96.5,31.84,33,0
96.62,31.85,33,0
96.74,31.84,33,0
96.86,31.84,33,0
96.99,31.82,33,0
97.11,31.83,33,0
97.23,31.83,33,0
97.35,31.82,33,0
97.47,31.82,33,0
97.6,31.81,33,0
97.72,31.81,33,0
97.84,31.81,33,0
97.96,31.8,33,0
98.08,31.8,33,0
98.21,31.8,33,0
98.33,31.8,33,0
98.45,31.79,33,0
98.57,31.79,33,0
98.7,31.78,33,0
98.82,31.77,33,0
98.94,31.77,33,0
99.06,31.77,33,0
99.18,31.77,33,0
99.31,31.77,33,0
99.43,31.76,33,0
99.55,31.76,33,0
99.67,31.76,33,0
99.79,31.75,33,0
99.92,31.74,33,0
100.04,31.74,33,0
100.16,31.75,33,0
100.29,31.74,33,0
100.41,31.74,33,0
100.53,31.74,33,0
100.65,31.73,33,0
100.77,31.73,33,0
100.89,31.72,33,0
101.02,31.72,33,0
101.14,31.72,33,0
101.26,31.71,33,0
101.38,31.71,33,0
101.51,31.7,33,0
101.63,31.7,33,0
101.75,31.7,33,0
101.87,31.69,33,0
102.0,31.7,33,0
102.12,31.7,33,0
102.24,31.68,33,0
102.36,31.68,33,0
102.48,31.69,33,0
102.61,31.68,33,0
102.73,31.67,33,0
102.85,31.68,33,0
102.97,31.67,33,0
103.1,31.67,33,0
103.22,31.67,33,0
103.34,31.66,33,0
103.46,31.67,33,0
103.58,31.65,33,0
103.71,31.65,33,0
103.83,31.64,33,0
103.95,31.65,33,0
104.07,31.64,33,0
104.2,31.64,33,0
104.32,31.64,33,0
104.44,31.63,33,0
104.56,31.63,33,0
104.68,31.62,33,0
104.81,31.63,33,0
104.93,31.62,33,0
105.05,31.62,33,0
105.17,31.6,33,0
105.29,31.62,33,0
105.42,31.61,33,0
105.54,31.6,33,0
105.66,31.6,33,0
105.78,31.6,33,0
105.91,31.61,33,0
106.03,31.6,33,0
106.15,31.59,33,0
106.27,31.59,33,0
106.39,31.58,33,0
106.52,31.58,33,0
106.64,31.58,33,0
106.76,31.58,33,0
106.88,31.57,33,0
107.0,31.58,33,0
107.13,31.56,33,0
107.25,31.56,33,0
107.37,31.55,33,0
107.5,31.57,33,0
107.62,31.56,33,0
107.74,31.54,33,0
107.86,31.55,33,0
107.98,31.55,33,0
108.11,31.55,33,0
108.23,31.54,33,0
108.35,31.54,33,0
108.47,31.53,33,0
108.59,31.53,33,0
108.72,31.53,33,0
108.84,31.52,33,0
108.96,31.53,33,0
109.08,31.52,33,0
109.21,31.51,33,0
109.33,31.52,33,0
109.45,31.51,33,0
109.57,31.52,33,0
109.69,31.51,33,0
109.82,31.5,33,0
109.94,31.5,33,0
110.06,31.5,33,0
110.18,31.49,33,0
110.31,31.5,33,0
110.43,31.49,33,0
110.55,31.5,33,0
110.67,31.48,33,0
110.79,31.48,33,0
110.92,31.48,33,0
111.04,31.49,33,0
111.16,31.47,33,0
111.28,31.47,33,0
111.41,31.47,33,0
111.53,31.46,33,0
111.65,31.46,33,0
111.77,31.46,33,0
111.89,31.46,33,0
112.02,31.46,33,0
112.14,31.45,33,0
112.26,31.45,33,0
112.38,31.45,33,0
112.5,31.44,33,0
112.63,31.44,33,0
112.75,31.44,33,0
112.87,31.43,33,0
112.99,31.44,33,0
113.12,31.44,33,0
113.24,31.43,33,0
113.36,31.43,33,0
113.48,31.42,33,0
113.61,31.42,33,0
113.73,31.42,33,0
113.85,31.42,33,0
113.97,31.41,33,0
114.09,31.41,33,0
114.22,31.41,33,0
114.34,31.41,33,0
114.46,31.41,33,0
114.58,31.4,33,0
114.7,31.4,33,0
114.83,31.39,33,0
114.95,31.4,33,0
115.07,31.39,33,0
115.19,31.38,33,0
115.32,31.39,33,0
115.44,31.39,33,0
115.56,31.38,33,0
115.68,31.37,33,0
115.8,31.38,33,0
115.93,31.38,33,0
116.05,31.37,33,0
116.17,31.37,33,0
116.29,31.37,33,0
116.42,31.37,33,0
116.54,31.36,33,0
116.66,31.36,33,0
116.78,31.36,33,0
116.9,31.35,33,0
117.03,31.35,33,0
117.15,31.35,33,0
117.27,31.35,33,0
117.39,31.34,33,0
117.52,31.35,33,0
117.64,31.34,33,0
117.76,31.33,33,0
117.88,31.34,33,0
118.0,31.33,33,0
118.13,31.33,33,0
118.25,31.32,33,0
118.37,31.33,33,0
118.49,31.32,33,0
118.62,31.32,33,0
118.74,31.32,33,0
118.86,31.31,33,0
118.98,31.31,33,0
119.1,31.31,33,0
119.23,31.31,33,0
119.35,31.31,33,0
119.47,31.3,33,0
119.59,31.3,33,0
119.71,31.3,33,0
119.84,31.3,33,0
119.96,31.3,33,0
120.08,31.3,33,0
120.2,31.29,33,0
120.33,31.29,33,0
120.45,31.28,33,0
120.57,31.28,33,0
120.69,31.29,33,0
120.81,31.27,33,0
120.94,31.27,33,0
121.06,31.27,33,0
121.18,31.27,33,0
121.3,31.27,33,0
121.43,31.26,33,0
121.55,31.27,33,0
121.67,31.25,33,0
121.79,31.25,33,0
121.91,31.26,33,0
122.04,31.25,33,0
122.16,31.26,33,0
122.28,31.24,33,0
122.4,31.24,33,0
122.53,31.25,33,0
122.65,31.24,33,0
122.77,31.24,33,0
122.89,31.24,33,0
123.01,31.24,33,0
123.14,31.23,33,0
123.26,31.24,33,0
123.38,31.23,33,0
123.5,31.23,33,0
123.63,31.23,33,0
123.75,31.22,33,0
123.87,31.22,33,0
123.99,31.22,33,0
124.11,31.22,33,0
124.24,31.22,33,0
124.36,31.22,33,0
124.48,31.21,33,0
124.6,31.21,33,0
124.73,31.21,33,0
124.85,31.21,33,0
124.97,31.2,33,0
125.09,31.22,33,0
125.21,31.2,33,0
125.34,31.2,33,0
125.46,31.19,33,0
125.58,31.19,33,0
125.7,31.2,33,0
125.83,31.18,33,0
125.95,31.19,33,0
126.07,31.18,33,0
126.19,31.19,33,0
126.31,31.17,33,0
126.44,31.18,33,0
126.56,31.17,33,0
126.68,31.17,33,0
126.8,31.17,33,0
126.93,31.17,33,0
127.05,31.16,33,0
127.17,31.17,33,0
127.29,31.17,33,0
127.41,31.16,33,0
127.54,31.16,33,0
127.66,31.16,33,0
127.78,31.16,33,0
127.9,31.15,33,0
128.02,31.15,33,0
128.15,31.15,33,0
128.27,31.15,33,0
128.39,31.14,33,0
128.51,31.15,33,0
128.64,31.14,33,0
128.76,31.14,33,0
128.88,31.13,33,0
129.0,31.14,33,0
129.13,31.13,33,0
129.25,31.13,33,0
129.37,31.13,33,0
129.49,31.13,33,0
129.61,31.13,33,0
129.74,31.13,33,0
129.86,31.12,33,0
129.98,31.12,33,0
130.1,31.12,33,0
130.23,31.12,33,0
130.35,31.11,33,0
130.47,31.11,33,0
130.59,31.11,33,0
130.71,31.11,33,0
130.84,31.11,33,0
130.96,31.1,33,0
131.08,31.1,33,0
131.2,31.1,33,0
131.32,31.09,33,0
131.45,31.1,33,0
131.57,31.1,33,0
131.69,31.09,33,0
131.81,31.09,33,0
131.94,31.09,33,0
132.06,31.07,33,0
132.18,31.07,33,0
132.3,31.08,33,0
132.42,31.08,33,0
132.55,31.08,33,0
132.67,31.09,33,0
132.79,31.08,33,0
132.91,31.08,33,0
133.04,31.08,33,0
133.16,31.08,33,0
133.28,31.08,33,0
133.4,31.07,33,0
133.52,31.07,33,0
133.65,31.08,33,0
133.77,31.07,33,0
133.89,31.06,33,0
134.01,31.08,33,0
134.13,31.06,33,0
134.26,31.06,33,0
134.38,31.05,33,0
134.5,31.05,33,0
134.62,31.05,33,0
134.75,31.05,33,0
134.87,31.05,33,0
134.99,31.05,33,0
135.11,31.05,33,0
135.24,31.05,33,0
135.36,31.04,33,0
135.48,31.04,33,0
135.6,31.04,33,0
135.72,31.03,33,0
135.85,31.03,33,0
135.97,31.03,33,0
136.09,31.03,33,0
136.21,31.03,33,0
136.33,31.02,33,0
136.46,31.03,33,0
136.58,31.02,33,0
136.7,31.03,33,0
136.82,31.02,33,0
136.95,31.01,33,0
137.07,31.01,33,0
137.19,31.02,33,0
137.31,31.01,33,0
137.43,31.0,33,0
137.56,31.0,33,0
137.68,31.0,33,0
137.8,31.0,33,0
137.92,31.01,33,0
138.05,31.0,33,0
138.17,31.0,33,0
138.29,31.0,33,0
138.41,31.0,33,0
138.53,31.0,33,0
138.66,31.0,33,0
138.78,30.99,33,0
138.9,30.99,33,0
139.02,30.99,33,0
139.14,30.99,33,0
139.27,30.99,33,0
139.39,30.98,33,0
139.51,30.97,33,0
139.63,30.99,33,0
139.76,30.98,33,0
139.88,30.98,33,0
140.0,30.97,33,0
140.12,30.97,33,0
140.24,30.96,33,0
140.37,30.96,33,0
140.49,30.97,33,0
140.61,30.97,33,0
140.73,30.97,33,0
140.86,30.97,33,0
140.98,30.96,33,0
141.1,30.97,33,0
141.22,30.96,33,0
141.34,30.96,33,0
141.47,30.96,33,0
141.59,30.95,33,0
141.71,30.96,33,0
141.83,30.95,33,0
141.96,30.95,33,0
142.08,30.95,33,0
142.2,30.94,33,0
142.32,30.94,33,0
142.44,30.94,33,0
142.57,30.93,33,0
142.69,30.94,33,0
142.81,30.93,33,0
142.93,30.93,33,0
143.05,30.93,33,0
143.18,30.93,33,0
143.3,30.94,33,0
143.42,30.93,33,0
143.54,30.93,33,0
143.67,30.92,33,0
143.79,30.92,33,0
143.91,30.92,33,0
144.03,30.92,33,0
144.15,30.92,33,0
144.28,30.91,33,0
144.4,30.92,33,0
144.52,30.92,33,0
144.64,30.92,33,0
144.77,30.92,33,0
144.89,30.91,33,0
145.01,30.9,33,0
145.13,30.9,33,0
145.25,30.9,33,0
145.38,30.9,33,0
145.5,30.9,33,0
145.62,30.89,33,0
145.74,30.89,33,0
145.86,30.89,33,0
145.99,30.9,33,0
146.11,30.9,33,0
146.23,30.9,33,0
146.35,30.89,33,0
146.48,30.9,33,0
146.6,30.88,33,0
146.72,30.9,33,0
146.84,30.88,33,0
146.96,30.89,33,0
147.09,30.88,33,0
147.21,30.89,33,0
147.33,30.88,33,0
147.45,30.9,33,0
147.58,30.88,33,0
147.7,30.87,33,0
147.82,30.87,33,0
147.94,30.87,33,0
148.06,30.86,33,0
148.19,30.87,33,0
148.31,30.86,33,0
148.43,30.86,33,0
148.55,30.86,33,0
148.68,30.87,33,0
148.8,30.86,33,0
148.92,30.86,33,0
149.04,30.86,33,0
149.16,30.85,33,0
149.29,30.85,33,0
149.41,30.85,33,0
149.53,30.86,33,0
149.65,30.85,33,0
149.77,30.85,33,0
149.9,30.86,33,0
150.02,30.84,33,0
150.14,30.84,33,0
150.26,30.84,33,0
150.39,30.85,33,0
150.51,30.84,33,0
150.63,30.83,33,0
150.75,30.84,33,0
150.88,30.83,33,0
151.0,30.84,33,0
151.12,30.83,33,0
151.24,30.83,33,0
151.36,30.84,33,0
151.49,30.83,33,0
151.61,30.83,33,0
151.73,30.82,33,0
151.85,30.83,33,0
151.97,30.83,33,0
152.1,30.82,33,0
152.22,30.83,33,0
152.34,30.82,33,0
152.46,30.82,33,0
152.59,30.82,33,0
152.71,30.81,33,0
152.83,30.81,33,0
152.95,30.81,33,0
153.07,30.81,33,0
153.2,30.8,33,0
153.32,30.81,33,0
153.44,30.8,33,0
153.56,30.81,33,0
153.69,30.8,33,0
153.81,30.81,33,0
153.93,30.8,33,0
154.05,30.79,33,0
154.17,30.8,33,0
154.3,30.79,33,0
154.42,30.79,33,0
154.54,30.79,33,0
154.66,30.79,33,0
154.79,30.79,33,0
154.91,30.79,33,0
155.03,30.79,33,0
155.15,30.78,33,0
155.27,30.79,33,0
155.4,30.79,33,0
155.52,30.78,33,0
155.64,30.78,33,0
155.76,30.78,33,0
155.88,30.79,33,0
156.01,30.78,33,0
156.13,30.77,33,0
156.25,30.78,33,0
156.37,30.77,33,0
156.5,30.77,33,0
156.62,30.76,33,0
156.74,30.77,33,0
156.86,30.76,33,0
156.99,30.77,33,0
157.11,30.77,33,0
157.23,30.76,33,0
157.35,30.76,33,0
157.47,30.76,33,0
157.6,30.76,33,0
157.72,30.76,33,0
157.84,30.75,33,0
157.96,30.75,33,0
158.09,30.76,33,0
158.21,30.75,33,0
158.33,30.75,33,0
158.45,30.75,33,0
158.57,30.74,33,0
158.7,30.74,33,0
158.82,30.74,33,0
158.94,30.75,33,0
159.06,30.74,33,0
159.18,30.74,33,0
159.31,30.73,33,0
159.43,30.74,33,0
159.55,30.73,33,0
159.67,30.74,33,0
159.8,30.74,33,0
159.92,30.73,33,0
160.04,30.73,33,0
160.16,30.72,33,0
160.28,30.73,33,0
160.41,30.73,33,0
160.53,30.73,33,0
160.65,30.72,33,0
160.77,30.72,33,0
160.9,30.71,33,0
161.02,30.72,33,0
161.14,30.72,33,0
161.26,30.72,33,0
161.38,30.71,33,0
161.51,30.71,33,0
161.63,30.7,33,0
161.75,30.71,33,0
161.87,30.71,33,0
162.0,30.71,33,0
162.12,30.71,33,0
162.24,30.7,33,0
162.36,30.7,33,0
162.48,30.7,33,0
162.61,30.69,33,0
162.73,30.69,33,0
162.85,30.69,33,0
162.97,30.69,33,0
163.1,30.69,33,0
163.22,30.69,33,0
163.34,30.69,33,0
163.46,30.69,33,0
163.58,30.68,33,0
163.71,30.68,33,0
163.83,30.68,33,0
163.95,30.68,33,0
164.07,30.68,33,0
164.2,30.67,33,0
164.32,30.67,33,0
164.44,30.67,33,0
164.56,30.68,33,0
164.68,30.67,33,0
164.81,30.67,33,0
164.93,30.66,33,0
165.05,30.67,33,0
165.17,30.66,33,0
165.3,30.67,33,0
165.42,30.66,33,0
165.54,30.66,33,0
165.66,30.66,33,0
165.78,30.66,33,0
165.91,30.66,33,0
166.03,30.66,33,0
166.15,30.65,33,0
166.27,30.66,33,0
166.39,30.66,33,0
166.52,30.65,33,0
166.64,30.65,33,0
166.76,30.64,33,0
166.88,30.65,33,0
167.01,30.64,33,0
167.13,30.64,33,0
167.25,30.64,33,0
167.37,30.65,33,0
167.49,30.64,33,0
167.62,30.63,33,0
167.74,30.64,33,0
167.86,30.64,33,0
167.98,30.64,33,0
168.11,30.64,33,0
168.23,30.63,33,0
168.35,30.63,33,0
168.47,30.63,33,0
168.6,30.63,33,0
168.72,30.63,33,0
168.84,30.63,33,0
168.96,30.62,33,0
169.08,30.62,33,0
169.21,30.62,33,0
169.33,30.61,33,0
169.45,30.62,33,0
169.57,30.62,33,0
169.7,30.62,33,0
169.82,30.6,33,0
169.94,30.61,33,0
170.06,30.62,33,0
170.18,30.61,33,0
170.3,30.61,33,0
170.43,30.61,33,0
170.55,30.61,33,0
170.67,30.6,33,0
170.8,30.6,33,0
170.92,30.6,33,0
171.04,30.6,33,0
171.16,30.61,33,0
171.28,30.6,33,0
171.41,30.6,33,0
171.53,30.6,33,0
171.65,30.6,33,0
171.77,30.6,33,0
171.89,30.59,33,0
172.02,30.6,33,0
172.14,30.6,33,0
172.26,30.6,33,0
172.38,30.6,33,0
172.51,30.6,33,0
172.63,30.58,33,0
172.75,30.59,33,0
172.87,30.59,33,0
172.99,30.59,33,0
173.12,30.58,33,0
173.24,30.58,33,0
173.36,30.58,33,0
173.48,30.59,33,0
173.61,30.58,33,0
173.73,30.59,33,0
173.85,30.57,33,0
173.97,30.57,33,0
174.09,30.57,33,0
174.22,30.57,33,0
174.34,30.57,33,0
174.46,30.58,33,0
174.58,30.58,33,0
174.71,30.56,33,0
174.83,30.56,33,0
174.95,30.57,33,0
175.07,30.57,33,0
175.19,30.58,33,0
175.32,30.56,33,0
175.44,30.55,33,0
175.56,30.57,33,0
175.68,30.57,33,0
175.8,30.56,33,0
175.93,30.56,33,0
176.05,30.55,33,0
176.17,30.56,33,0
176.29,30.56,33,0
176.42,30.56,33,0
176.54,30.55,33,0
176.66,30.56,33,0
176.78,30.55,33,0
176.91,30.55,33,0
177.03,30.55,33,0
177.15,30.55,33,0
177.27,30.55,33,0
177.39,30.55,33,0
177.52,30.55,33,0
177.64,30.55,33,0
177.76,30.54,33,0
177.88,30.55,33,0
178.0,30.54,33,0
178.13,30.54,33,0
178.25,30.53,33,0
178.37,30.54,33,0
178.49,30.54,33,0
178.62,30.54,33,0
178.74,30.53,33,0
178.86,30.54,33,0
178.98,30.54,33,0
179.1,30.52,33,0
179.23,30.53,33,0
179.35,30.53,33,0
179.47,30.53,33,0
179.59,30.53,33,0
179.72,30.52,33,0
179.84,30.52,33,0
179.96,30.52,33,0
180.08,30.53,33,0
180.2,30.52,33,0
180.33,30.51,33,0
180.45,30.51,33,0
180.57,30.51,33,0
180.69,30.52,33,0
180.82,30.52,33,0
180.94,30.52,33,0
181.06,30.52,33,0
181.18,30.51,33,0
181.3,30.51,33,0
181.43,30.51,33,0
181.55,30.52,33,0
181.67,30.51,33,0
181.79,30.51,33,0
181.91,30.5,33,0
182.04,30.51,33,0
182.16,30.51,33,0
182.28,30.51,33,0
182.41,30.5,33,0
182.53,30.51,33,0
182.65,30.5,33,0
182.77,30.51,33,0
182.89,30.5,33,0
183.02,30.5,33,0
183.14,30.49,33,0
183.26,30.49,33,0
183.38,30.5,33,0
183.5,30.49,33,0
183.63,30.5,33,0
183.75,30.49,33,0
183.87,30.48,33,0
183.99,30.49,33,0
184.12,30.5,33,0
184.24,30.49,33,0
184.36,30.48,33,0
184.48,30.49,33,0
184.6,30.49,33,0
184.73,30.48,33,0
184.85,30.49,33,0
184.97,30.48,33,0
185.09,30.48,33,0
185.22,30.48,33,0
185.34,30.48,33,0
185.46,30.48,33,0
185.58,30.48,33,0
185.7,30.48,33,0
185.83,30.47,33,0
185.95,30.47,33,0
186.07,30.48,33,0
186.19,30.48,33,0
186.32,30.48,33,0
186.44,30.46,33,0
186.56,30.47,33,0
186.68,30.46,33,0
186.8,30.46,33,0
186.93,30.47,33,0
187.05,30.47,33,0
187.17,30.47,33,0
187.29,30.47,33,0
187.41,30.47,33,0
187.54,30.46,33,0
187.66,30.46,33,0
187.78,30.46,33,0
187.9,30.46,33,0
188.03,30.47,33,0
188.15,30.46,33,0
188.27,30.45,33,0
188.39,30.46,33,0
188.52,30.46,33,0
188.64,30.46,33,0
188.76,30.45,33,0
188.88,30.46,33,0
189.0,30.45,33,0
189.13,30.45,33,0
189.25,30.45,33,0
189.37,30.45,33,0
189.49,30.45,33,0
189.62,30.45,33,0
189.74,30.45,33,0
189.86,30.45,33,0
189.98,30.44,33,0
190.1,30.44,33,0
190.23,30.44,33,0
190.35,30.43,33,0
190.47,30.44,33,0
190.59,30.43,33,0
190.71,30.44,33,0
190.84,30.44,33,0
190.96,30.44,33,0
191.08,30.44,33,0
191.2,30.44,33,0
191.33,30.44,33,0
191.45,30.43,33,0
191.57,30.44,33,0
191.69,30.43,33,0
191.82,30.43,33,0
191.94,30.43,33,0
192.06,30.43,33,0
192.18,30.43,33,0
192.3,30.42,33,0
192.43,30.43,33,0
192.55,30.42,33,0
192.67,30.42,33,0
192.79,30.43,33,0
192.91,30.42,33,0
193.04,30.42,33,0
193.16,30.41,33,0
193.28,30.42,33,0
193.4,30.42,33,0
193.52,30.42,33,0
193.65,30.42,33,0
193.77,30.42,33,0
193.89,30.41,33,0
194.02,30.42,33,0
194.14,30.42,33,0
194.26,30.42,33,0
194.38,30.42,33,0
194.5,30.4,33,0
194.63,30.41,33,0
194.75,30.41,33,0
194.87,30.41,33,0
194.99,30.42,33,0
195.12,30.41,33,0
195.24,30.41,33,0
195.36,30.41,33,0
195.48,30.4,33,0
195.6,30.4,33,0
195.73,30.41,33,0
195.85,30.39,33,0
195.97,30.4,33,0
196.09,30.39,33,0
196.21,30.4,33,0
196.34,30.4,33,0
196.46,30.41,33,0
196.58,30.4,33,0
196.7,30.4,33,0
196.83,30.41,33,0
196.95,30.4,33,0
197.07,30.4,33,0
197.19,30.39,33,0
197.31,30.4,33,0
197.44,30.39,33,0
197.56,30.39,33,0
197.68,30.39,33,0
197.8,30.39,33,0
197.93,30.39,33,0
198.05,30.4,33,0
198.17,30.39,33,0
198.29,30.38,33,0
198.41,30.39,33,0
198.54,30.39,33,0
198.66,30.38,33,0
198.78,30.38,33,0
198.9,30.39,33,0
199.02,30.39,33,0
199.15,30.38,33,0
199.27,30.39,33,0
199.39,30.38,33,0
199.51,30.39,33,0
199.64,30.38,33,0
199.76,30.38,33,0
199.88,30.38,33,0
200.0,30.38,33,0
200.13,30.38,33,0
200.25,30.37,33,0
200.37,30.38,33,0
200.49,30.37,33,0
200.61,30.37,33,0
200.74,30.37,33,0
200.86,30.37,33,0
200.98,30.37,33,0
201.1,30.37,33,0
201.23,30.37,33,0
201.35,30.37,33,0
201.47,30.37,33,0
201.59,30.37,33,0
201.71,30.36,33,0
201.84,30.37,33,0
201.96,30.37,33,0
202.08,30.36,33,0
202.2,30.36,33,0
202.32,30.36,33,0
202.45,30.37,33,0
202.57,30.37,33,0
202.69,30.37,33,0
202.81,30.36,33,0
202.94,30.36,33,0
203.06,30.36,33,0
203.18,30.36,33,0
203.3,30.36,33,0
203.43,30.36,33,0
203.55,30.35,33,0
203.67,30.35,33,0
203.79,30.35,33,0
203.91,30.36,33,0
204.04,30.36,33,0
204.16,30.35,33,0
204.28,30.35,33,0
204.4,30.34,33,0
204.52,30.34,33,0
204.65,30.35,33,0
204.77,30.35,33,0
204.89,30.35,33,0
205.01,30.35,33,0
205.13,30.35,33,0
0.12,30.42,0,1
0.24,30.44,0,1
0.36,30.45,0,1
0.49,30.47,0,1
0.61,30.48,0,1
0.73,30.5,0,1
0.86,30.52,29,1
0.98,30.53,79,1
1.1,30.55,122,1
1.22,30.56,151,1
1.35,30.58,170,1
1.47,30.62,183,1
1.59,30.65,183,1
1.72,30.73,183,1
1.84,30.8,183,1
1.96,30.89,183,1
2.08,31.02,183,1
2.2,31.16,183,1
2.33,31.3,183,1
2.45,31.46,183,1
2.57,31.65,183,1
2.69,31.83,183,1
2.81,32.03,183,1
2.94,32.24,183,1
3.06,32.46,183,1
3.18,32.67,183,1
3.3,32.89,183,1
3.43,33.13,183,1
3.55,33.37,183,1
3.67,33.62,183,1
3.79,33.86,183,1
3.91,34.11,183,1
4.03,34.36,183,1
4.16,34.62,183,1
4.28,34.88,183,1
4.4,35.14,183,1
4.52,35.39,183,1
4.65,35.66,183,1
4.77,35.92,183,1
4.89,36.19,183,1
5.01,36.45,183,1
5.14,36.7,183,1
5.26,36.97,183,1
5.38,37.23,183,1
5.5,37.48,183,1
5.62,37.74,183,1
5.75,38.01,183,1
5.87,38.26,183,1
5.99,38.5,183,1
6.11,38.76,183,1
6.23,39.02,183,1
6.36,39.27,183,1
6.48,39.51,183,1
6.6,39.78,183,1
6.72,40.03,183,1
6.84,40.27,183,1
6.97,40.52,183,1
7.09,40.76,183,1
7.21,41.0,183,1
7.33,41.24,183,1
7.46,41.47,183,1
7.58,41.71,183,1
0.12,48.07,0,1
0.24,48.08,0,1
0.36,48.07,0,1
0.49,48.06,0,1
0.61,48.04,0,1
0.73,48.01,0,1
0.85,47.98,0,1
0.98,47.93,0,1
1.1,47.88,0,1
1.22,47.83,0,1
1.34,47.78,0,1
1.47,47.71,0,1
1.59,47.65,0,1
1.71,47.59,0,1
1.83,47.52,65,0
1.95,47.45,65,0
2.08,47.38,65,0
2.2,47.3,65,0
2.32,47.22,65,0
2.44,47.14,65,0
2.56,47.05,65,0
2.69,46.96,65,0
2.81,46.87,65,0
2.93,46.77,65,0
3.05,46.67,65,0
3.18,46.56,65,0
3.3,46.47,65,0
3.42,46.36,65,0
3.54,46.26,65,0
3.66,46.16,65,0
3.79,46.05,65,0
3.91,45.94,65,0
4.03,45.84,65,0
4.15,45.73,65,0
4.27,45.63,65,0
4.4,45.51,65,0
4.52,45.4,65,0
4.64,45.31,65,0
4.76,45.19,65,0
4.88,45.09,65,0
5.01,44.99,65,0
5.13,44.88,65,0
5.25,44.79,65,0
5.37,44.68,65,0
5.49,44.59,65,0
5.62,44.47,65,0
5.74,44.39,65,0
5.86,44.29,65,0
5.98,44.21,65,0
6.11,44.1,65,0
6.23,44.01,65,0
6.35,43.92,65,0
6.47,43.83,65,0
6.59,43.74,65,0
6.72,43.65,65,0
6.84,43.56,65,0
6.96,43.47,65,0
7.08,43.39,65,0
7.2,43.31,65,0
7.33,43.22,65,0
7.45,43.15,65,0
7.57,43.05,65,0
7.69,42.97,65,0
7.81,42.9,65,0
7.94,42.81,65,0
8.06,42.74,65,0
8.18,42.66,65,0
8.3,42.59,65,0
8.43,42.53,65,0
8.55,42.44,65,0
8.67,42.37,65,0
8.79,42.3,65,0
8.91,42.22,65,0
9.03,42.15,65,0
9.16,42.09,65,0
9.28,42.02,65,0
9.4,41.94,65,0
9.52,41.89,65,0
9.65,41.82,65,0
9.77,41.75,65,0
9.89,41.69,65,0
10.01,41.62,65,0
10.13,41.57,65,0
10.26,41.5,65,0
10.38,41.43,65,0
10.5,41.38,65,0
10.62,41.33,65,0
10.74,41.27,65,0
10.87,41.21,65,0
10.99,41.15,65,0
11.11,41.1,65,0
11.23,41.04,65,0
11.36,40.99,65,0
11.48,40.94,65,0
11.6,40.87,65,0
11.72,40.82,65,0
11.84,40.77,65,0
11.97,40.71,65,0
12.09,40.66,65,0
12.21,40.61,65,0
12.33,40.56,65,0
12.46,40.5,65,0
12.58,40.45,65,0
12.7,40.41,65,0
12.82,40.36,65,0
12.94,40.31,65,0
13.07,40.26,65,0
13.19,40.22,65,0
13.31,40.16,65,0
13.43,40.12,65,0
13.55,40.08,65,0
13.68,40.03,65,0
13.8,39.99,65,0
13.92,39.94,65,0
14.04,39.89,65,0
14.17,39.85,65,0
14.29,39.81,65,0
14.41,39.77,65,0
14.53,39.72,65,0
14.65,39.69,65,0
14.78,39.64,65,0
14.9,39.59,65,0
15.02,39.55,65,0
15.14,39.51,65,0
15.26,39.48,65,0
15.39,39.44,65,0
15.51,39.39,65,0
15.63,39.36,65,0
15.75,39.32,65,0
15.88,39.27,65,0
16.0,39.25,65,0
16.12,39.19,65,0
16.24,39.16,65,0
16.36,39.13,65,0
16.49,39.08,65,0
16.61,39.05,65,0
16.73,39.01,65,0
16.85,38.96,65,0
16.97,38.93,65,0
17.1,38.9,65,0
17.22,38.86,65,0
17.34,38.83,65,0
17.46,38.79,65,0
17.59,38.75,65,0
17.71,38.72,65,0
17.83,38.69,65,0
17.95,38.65,65,0
18.07,38.61,65,0
18.2,38.58,65,0
18.32,38.55,65,0
18.44,38.51,65,0
18.56,38.48,65,0
18.68,38.44,65,0
18.81,38.41,65,0
18.93,38.39,65,0
19.05,38.34,65,0
19.17,38.32,65,0
19.3,38.28,65,0
19.42,38.25,65,0
19.54,38.22,65,0
19.66,38.18,65,0
19.78,38.16,65,0
19.91,38.13,65,0
20.03,38.09,65,0
20.15,38.05,65,0
20.27,38.03,65,0
20.4,37.99,65,0
20.52,37.96,65,0
20.64,37.93,65,0
20.76,37.9,65,0
20.88,37.86,65,0
21.01,37.84,65,0
21.13,37.8,65,0
21.25,37.79,65,0
21.37,37.74,65,0
21.49,37.72,65,0
21.62,37.69,65,0
21.74,37.66,65,0
21.86,37.62,65,0
21.98,37.59,65,0
22.11,37.57,65,0
22.23,37.54,65,0
22.35,37.51,65,0
22.47,37.48,65,0
22.59,37.46,65,0
22.72,37.42,65,0
22.84,37.39,65,0
22.96,37.36,65,0
23.08,37.33,65,0
23.2,37.31,65,0
23.33,37.27,65,0
23.45,37.25,65,0
23.57,37.22,65,0
23.69,37.19,65,0
23.82,37.16,65,0
23.94,37.13,65,0
24.06,37.11,65,0
24.18,37.08,65,0
24.3,37.06,65,0
24.43,37.02,65,0
24.55,36.99,65,0
24.67,36.97,65,0
24.79,36.93,65,0
24.92,36.92,65,0
25.04,36.89,65,0
25.16,36.85,65,0
25.28,36.84,65,0
25.4,36.81,65,0
25.53,36.78,65,0
25.65,36.75,65,0
25.77,36.72,65,0
25.89,36.69,65,0
26.01,36.68,65,0
26.14,36.65,65,0
26.26,36.62,65,0
26.38,36.6,65,0
26.5,36.56,65,0
26.63,36.54,65,0
26.75,36.51,65,0
26.87,36.48,65,0
26.99,36.47,65,0
27.11,36.43,65,0
27.24,36.41,65,0
27.36,36.39,65,0
27.48,36.36,65,0
27.6,36.34,65,0
27.72,36.31,65,0
27.85,36.28,65,0
27.97,36.26,65,0
28.09,36.23,65,0
28.21,36.2,65,0
28.34,36.18,65,0
28.46,36.15,65,0
28.58,36.13,65,0
28.7,36.11,65,0
28.82,36.08,65,0
28.95,36.06,65,0
29.07,36.03,65,0
29.19,36.01,65,0
29.31,35.99,65,0
29.43,35.96,65,0
29.56,35.93,65,0
29.68,35.91,65,0
29.8,35.88,65,0
29.92,35.86,65,0
30.05,35.84,65,0
30.17,35.81,65,0
30.29,35.79,65,0
30.41,35.76,65,0
30.53,35.73,65,0
30.66,35.71,65,0
30.78,35.69,65,0
30.9,35.66,65,0
31.02,35.64,65,0
31.14,35.61,65,0
31.27,35.6,65,0
31.39,35.57,65,0
31.51,35.55,65,0
31.63,35.53,65,0
31.76,35.51,65,0
31.88,35.47,65,0
32.0,35.46,65,0
32.12,35.43,65,0
32.24,35.4,65,0
32.37,35.39,65,0
32.49,35.36,65,0
32.61,35.34,65,0
32.73,35.32,65,0
32.86,35.29,65,0
32.98,35.27,65,0
33.1,35.25,65,0
33.22,35.23,65,0
33.34,35.2,65,0
33.47,35.19,65,0
33.59,35.16,65,0
33.71,35.13,65,0
33.83,35.11,65,0
33.95,35.1,65,0
34.08,35.08,65,0
34.2,35.05,65,0
34.32,35.03,65,0
34.44,35.0,65,0
34.57,34.98,65,0
34.69,34.96,65,0
34.81,34.94,65,0
34.93,34.92,65,0
35.05,34.89,65,0
35.18,34.87,65,0
35.3,34.85,65,0
35.42,34.83,65,0
35.54,34.81,65,0
35.66,34.78,65,0
35.79,34.76,65,0
35.91,34.74,65,0
36.03,34.72,65,0
36.15,34.7,65,0
36.28,34.68,65,0
36.4,34.65,65,0
36.52,34.62,65,0
36.64,34.62,65,0
36.76,34.59,65,0
36.89,34.57,65,0
37.01,34.55,65,0
37.13,34.52,65,0
37.25,34.5,65,0
37.38,34.48,65,0
37.5,34.47,65,0
37.62,34.44,65,0
37.74,34.42,65,0
37.86,34.41,65,0
37.99,34.38,65,0
38.11,34.36,65,0
38.23,34.34,65,0
38.35,34.32,65,0
38.47,34.3,65,0
38.6,34.27,65,0
38.72,34.26,65,0
38.84,34.24,65,0
38.96,34.22,65,0
39.09,34.2,65,0
39.21,34.17,65,0
39.33,34.15,65,0
39.45,34.13,65,0
39.57,34.11,65,0
39.7,34.1,65,0
39.82,34.07,65,0
39.94,34.06,65,0
40.06,34.04,65,0
40.18,34.02,65,0
40.31,34.0,65,0
40.43,33.97,65,0
40.55,33.96,65,0
40.67,33.94,65,0
40.8,33.91,65,0
40.92,33.89,65,0
41.04,33.88,65,0
41.16,33.86,65,0
41.28,33.84,65,0
41.41,33.82,65,0
41.53,33.81,65,0
41.65,33.78,65,0
41.77,33.76,65,0
41.89,33.74,65,0
42.02,33.73,65,0
42.14,33.7,65,0
42.26,33.68,65,0
42.38,33.65,65,0
42.51,33.64,65,0
42.63,33.63,65,0
42.75,33.6,65,0
42.87,33.59,65,0
42.99,33.57,65,0
43.12,33.55,65,0
43.24,33.54,65,0
43.36,33.51,65,0
43.48,33.5,65,0
43.61,33.47,65,0
43.73,33.45,65,0
43.85,33.44,65,0
43.97,33.43,65,0
44.09,33.41,65,0
44.22,33.38,65,0
44.34,33.37,65,0
44.46,33.35,65,0
44.58,33.33,65,0
44.7,33.31,65,0
44.83,33.29,65,0
44.95,33.27,65,0
45.07,33.26,65,0
45.19,33.24,65,0
45.32,33.23,65,0
45.44,33.21,65,0
45.56,33.18,65,0
45.68,33.16,65,0
45.8,33.15,65,0
45.93,33.13,65,0
46.05,33.11,65,0
46.17,33.09,65,0
46.29,33.07,65,0
46.41,33.06,65,0
46.54,33.04,65,0
46.66,33.02,65,0
46.78,33.0,65,0
46.9,32.98,65,0
47.03,32.96,65,0
47.15,32.96,65,0
47.27,32.94,65,0
47.39,32.91,65,0
47.51,32.9,65,0
47.64,32.88,65,0
47.76,32.86,65,0
47.88,32.84,65,0
48.0,32.83,65,0
48.12,32.81,65,0
48.25,32.79,65,0
48.37,32.78,65,0
48.49,32.76,65,0
48.61,32.75,65,0
48.74,32.73,65,0
48.86,32.71,65,0
48.98,32.69,65,0
49.1,32.68,65,0
49.22,32.66,65,0
49.35,32.64,65,0
49.47,32.63,65,0
49.59,32.61,65,0
49.71,32.6,65,0
49.84,32.57,65,0
49.96,32.56,65,0
50.08,32.54,65,0
50.2,32.52,65,0
50.32,32.51,65,0
50.45,32.5,65,0
50.57,32.48,65,0
50.69,32.47,65,0
50.81,32.45,65,0
50.93,32.43,65,0
51.06,32.41,65,0
51.18,32.4,65,0
51.3,32.38,65,0
51.42,32.36,65,0
51.55,32.35,65,0
51.67,32.33,65,0
51.79,32.32,65,0
51.91,32.3,65,0
52.03,32.28,65,0
52.16,32.26,65,0
52.28,32.25,65,0
52.4,32.24,65,0
52.52,32.22,65,0
52.64,32.2,65,0
52.77,32.19,65,0
52.89,32.17,65,0
53.01,32.15,65,0
53.13,32.15,65,0
53.26,32.13,65,0
53.38,32.11,65,0
53.5,32.09,65,0
53.62,32.08,65,0
53.74,32.06,65,0
53.87,32.05,65,0
53.99,32.03,65,0
54.11,32.01,65,0
54.23,32.0,65,0
54.35,31.99,65,0
54.48,31.96,65,0
54.6,31.95,65,0
54.72,31.93,65,0
54.84,31.92,65,0
54.97,31.9,65,0
55.09,31.89,65,0
55.21,31.88,65,0
55.33,31.86,65,0
55.45,31.84,65,0
55.58,31.83,65,0
55.7,31.82,65,0
55.82,31.81,65,0
55.94,31.79,65,0
56.07,31.77,65,0
56.19,31.76,65,0
56.31,31.73,65,0
56.43,31.72,65,0
56.55,31.71,65,0
56.68,31.69,65,0
56.8,31.68,65,0
56.92,31.66,65,0
57.04,31.65,65,0
57.16,31.63,65,0
57.29,31.62,65,0
57.41,31.6,65,0
57.53,31.6,65,0
57.65,31.57,65,0
57.78,31.55,65,0
57.9,31.55,65,0
58.02,31.53,65,0
58.14,31.52,65,0
58.26,31.5,65,0
58.39,31.49,65,0
58.51,31.47,65,0
58.63,31.46,65,0
58.75,31.44,65,0
58.87,31.43,65,0
59.0,31.42,65,0
59.12,31.41,65,0
59.24,31.39,65,0
59.36,31.37,65,0
59.49,31.37,65,0
59.61,31.35,65,0
59.73,31.33,65,0
59.85,31.33,65,0
59.97,31.3,65,0
60.1,31.3,65,0
60.22,31.28,65,0
60.34,31.26,65,0
60.46,31.25,65,0
60.58,31.24,65,0
60.71,31.22,65,0
60.83,31.21,65,0
60.95,31.2,65,0
61.07,31.18,65,0
61.2,31.16,65,0
61.32,31.15,65,0
61.44,31.14,65,0
61.56,31.12,65,0
61.68,31.11,65,0
61.81,31.09,65,0
61.93,31.08,65,0
62.05,31.08,65,0
62.17,31.06,65,0
62.3,31.04,65,0
62.42,31.04,65,0
62.54,31.02,65,0
62.66,31.01,65,0
62.78,30.99,65,0
62.91,30.98,65,0
63.03,30.96,65,0
63.15,30.95,65,0
63.27,30.93,65,0
63.39,30.92,65,0
63.52,30.91,65,0
63.64,30.9,65,0
63.76,30.89,65,0
63.88,30.88,65,0
64.01,30.85,65,0
64.13,30.84,65,0
64.25,30.82,65,0
64.37,30.82,65,0
64.49,30.8,65,0
64.62,30.79,65,0
64.74,30.77,65,0
64.86,30.76,65,0
64.98,30.75,65,0
65.1,30.73,65,0
65.23,30.72,65,0
65.35,30.72,65,0
65.47,30.69,65,0
65.59,30.7,65,0
65.72,30.67,65,0
65.84,30.65,65,0
65.96,30.65,65,0
66.08,30.64,65,0
66.2,30.62,65,0
66.33,30.62,65,0
66.45,30.6,65,0
66.57,30.58,65,0
66.69,30.57,65,0
66.81,30.55,65,0
66.94,30.53,65,0
67.06,30.53,65,0
67.18,30.51,65,0
67.3,30.51,65,0
67.43,30.48,65,0
67.55,30.49,65,0
67.67,30.46,65,0
67.79,30.46,65,0
67.91,30.44,65,0
68.04,30.44,65,0
68.16,30.42,65,0
68.28,30.41,65,0
68.4,30.4,65,0
68.53,30.38,65,0
68.65,30.38,65,0
68.77,30.35,65,0
68.89,30.35,65,0
69.01,30.33,65,0
69.14,30.33,65,0
69.26,30.31,65,0
69.38,30.3,65,0
69.5,30.28,65,0
69.62,30.27,65,0
69.75,30.25,65,0
69.87,30.24,65,0
69.99,30.24,65,0
70.11,30.22,65,0
70.24,30.2,65,0
70.36,30.2,65,0
70.48,30.19,65,0
70.6,30.17,65,0
70.72,30.17,65,0
70.85,30.16,65,0
70.97,30.13,65,0
71.09,30.12,65,0
71.21,30.11,65,0
71.33,30.12,65,0
71.46,30.1,65,0
71.58,30.08,65,0
71.7,30.08,65,0
71.82,30.06,65,0
71.95,30.04,65,0
72.07,30.04,65,0
72.19,30.02,65,0
72.31,30.02,65,0
72.43,30.0,65,0
72.56,29.99,65,0
72.68,29.98,65,0
72.8,29.97,65,0
72.92,29.95,65,0
73.04,29.94,65,0
73.17,29.94,65,0
73.29,29.93,65,0
73.41,29.9,65,0
73.53,29.9,65,0
73.66,29.89,65,0
73.78,29.88,65,0
73.9,29.87,65,0
74.02,29.85,65,0
74.14,29.85,65,0
74.27,29.84,65,0
74.39,29.82,65,0
74.51,29.81,65,0
74.63,29.81,65,0
74.76,29.78,65,0
74.88,29.78,65,0
75.0,29.77,65,0
75.12,29.77,65,0
75.24,29.74,65,0
75.37,29.73,65,0
75.49,29.72,65,0
75.61,29.71,65,0
75.73,29.7,65,0
75.85,29.69,65,0
75.98,29.69,65,0
76.1,29.68,65,0
76.22,29.66,65,0
76.34,29.64,65,0
76.47,29.64,65,0
76.59,29.61,65,0
76.71,29.62,65,0
76.83,29.61,65,0
76.95,29.59,65,0
77.08,29.57,65,0
77.2,29.57,65,0
77.32,29.55,65,0
77.44,29.56,65,0
77.56,29.55,65,0
77.69,29.54,65,0
77.81,29.51,65,0
77.93,29.51,65,0
78.05,29.51,65,0
78.18,29.48,65,0
78.3,29.49,65,0
78.42,29.46,65,0
78.54,29.45,65,0
78.66,29.44,65,0
78.79,29.42,65,0
78.91,29.43,65,0
79.03,29.42,65,0
79.15,29.4,65,0
79.27,29.39,65,0
79.4,29.38,65,0
79.52,29.37,65,0
79.64,29.37,65,0
79.76,29.35,65,0
79.89,29.34,65,0
80.01,29.33,65,0
80.13,29.31,65,0
80.25,29.31,65,0
80.37,29.29,65,0
80.5,29.28,65,0
80.62,29.27,65,0
80.74,29.27,65,0
80.86,29.26,65,0
80.99,29.24,65,0
81.11,29.23,65,0
81.23,29.23,65,0
81.35,29.22,65,0
81.47,29.2,65,0
81.6,29.2,65,0
81.72,29.19,65,0
81.84,29.17,65,0
81.96,29.17,65,0
82.08,29.16,65,0
82.21,29.15,65,0
82.33,29.13,65,0
82.45,29.13,65,0
82.57,29.12,65,0
82.7,29.1,65,0
82.82,29.1,65,0
82.94,29.09,65,0
83.06,29.08,65,0
83.18,29.07,65,0
83.31,29.05,65,0
83.43,29.05,65,0
83.55,29.04,65,0
83.67,29.04,65,0
83.79,29.02,65,0
83.92,29.01,65,0
84.04,29.0,65,0
84.16,28.99,65,0
84.28,28.98,65,0
84.41,28.98,65,0
84.53,28.96,65,0
84.65,28.96,65,0
84.77,28.94,65,0
84.89,28.94,65,0
85.02,28.93,65,0
85.14,28.91,65,0
85.26,28.9,65,0
85.38,28.9,65,0
85.5,28.89,65,0
85.63,28.88,65,0
85.75,28.87,65,0
85.87,28.86,65,0
85.99,28.85,65,0
86.12,28.85,65,0
86.24,28.83,65,0
86.36,28.82,65,0
86.48,28.81,65,0
86.6,28.8,65,0
86.73,28.79,65,0
86.85,28.79,65,0
86.97,28.78,65,0
87.09,28.77,65,0
87.22,28.75,65,0
87.34,28.75,65,0
87.46,28.75,65,0
87.58,28.72,65,0
87.7,28.72,65,0
87.83,28.71,65,0
87.95,28.7,65,0
88.07,28.7,65,0
88.19,28.69,65,0
88.31,28.67,65,0
88.44,28.67,65,0
88.56,28.66,65,0
88.68,28.66,65,0
88.8,28.63,65,0
88.93,28.64,65,0
89.05,28.61,65,0
89.17,28.62,65,0
89.29,28.61,65,0
89.41,28.57,65,0
89.54,28.58,65,0
89.66,28.58,65,0
89.78,28.57,65,0
89.9,28.56,65,0
90.02,28.55,65,0
90.15,28.55,65,0
90.27,28.53,65,0
90.39,28.52,65,0
90.51,28.52,65,0
90.64,28.52,65,0
90.76,28.5,65,0
90.88,28.5,65,0
91.0,28.49,65,0
91.12,28.47,65,0
91.25,28.48,65,0
91.37,28.45,65,0
91.49,28.46,65,0
91.61,28.45,65,0
91.73,28.43,65,0
91.86,28.43,65,0
91.98,28.42,65,0
92.1,28.42,65,0
92.22,28.4,65,0
92.35,28.39,65,0
92.47,28.39,65,0
92.59,28.38,65,0
92.71,28.37,65,0
92.83,28.36,65,0
92.96,28.36,65,0
93.08,28.34,65,0
93.2,28.34,65,0
93.32,28.33,65,0
93.45,28.32,65,0
93.57,28.31,65,0
93.69,28.3,65,0
93.81,28.29,65,0
93.93,28.28,65,0
94.06,28.28,65,0
94.18,28.27,65,0
94.3,28.26,65,0
94.42,28.25,65,0
94.54,28.24,65,0
94.67,28.24,65,0
94.79,28.23,65,0
94.91,28.22,65,0
95.03,28.21,65,0
95.16,28.2,65,0
95.28,28.2,65,0
95.4,28.18,65,0
95.52,28.18,65,0
95.64,28.17,65,0
95.77,28.16,65,0
95.89,28.15,65,0
96.01,28.15,65,0
96.13,28.14,65,0
96.25,28.13,65,0
96.38,28.12,65,0
96.5,28.12,65,0
96.62,28.11,65,0
96.74,28.09,65,0
96.87,28.09,65,0
96.99,28.09,65,0
97.11,28.08,65,0
97.23,28.07,65,0
97.35,28.07,65,0
97.48,28.04,65,0
97.6,28.05,65,0
97.72,28.04,65,0
97.84,28.04,65,0
97.96,28.02,65,0
98.09,28.01,65,0
98.21,28.01,65,0
98.33,28.0,65,0
98.45,28.0,65,0
98.58,27.99,65,0
98.7,27.97,65,0
98.82,27.97,65,0
98.94,27.96,65,0
99.06,27.96,65,0
99.19,27.95,65,0
99.31,27.94,65,0
99.43,27.93,65,0
99.55,27.92,65,0
99.68,27.91,65,0
99.8,27.92,65,0
99.92,27.91,65,0
100.04,27.9,65,0
100.16,27.89,65,0
100.29,27.88,65,0
100.41,27.88,65,0
100.53,27.87,65,0
100.65,27.85,65,0
100.77,27.85,65,0
100.9,27.85,65,0
101.02,27.84,65,0
101.14,27.83,65,0
101.26,27.82,65,0
101.39,27.81,65,0
101.51,27.81,65,0
101.63,27.79,65,0
101.75,27.79,65,0
101.87,27.78,65,0
102.0,27.79,65,0
102.12,27.77,65,0
102.24,27.76,65,0
102.36,27.76,65,0
102.49,27.75,65,0
102.61,27.75,65,0
102.73,27.74,65,0
102.85,27.73,65,0
102.97,27.72,65,0
103.1,27.72,65,0
103.22,27.71,65,0
103.34,27.71,65,0
103.46,27.69,65,0
103.58,27.69,65,0
103.71,27.68,65,0
103.83,27.67,65,0
103.95,27.67,65,0
104.07,27.66,65,0
104.2,27.65,65,0
104.32,27.65,65,0
104.44,27.65,65,0
104.56,27.65,65,0
104.68,27.62,65,0
104.81,27.62,65,0
104.93,27.61,65,0
105.05,27.6,65,0
105.18,27.6,65,0
105.3,27.59,65,0
105.42,27.59,65,0
105.54,27.58,65,0
105.66,27.58,65,0
105.79,27.57,65,0
105.91,27.56,65,0
106.03,27.56,65,0
106.15,27.56,65,0
106.27,27.54,65,0
106.4,27.53,65,0
106.52,27.54,65,0
106.64,27.51,65,0
106.76,27.51,65,0
106.88,27.5,65,0
107.01,27.5,65,0
107.13,27.49,65,0
107.25,27.49,65,0
107.37,27.48,65,0
107.5,27.48,65,0
107.62,27.46,65,0
107.74,27.45,65,0
107.86,27.45,65,0
107.98,27.45,65,0
108.11,27.45,65,0
108.23,27.43,65,0
108.35,27.43,65,0
108.47,27.41,65,0
108.6,27.42,65,0
108.72,27.41,65,0
108.84,27.39,65,0
108.96,27.4,65,0
109.08,27.39,65,0
109.21,27.38,65,0
109.33,27.37,65,0
109.45,27.36,65,0
109.57,27.37,65,0
109.7,27.35,65,0
109.82,27.33,65,0
109.94,27.34,65,0
110.06,27.33,65,0
110.18,27.34,65,0
110.31,27.34,65,0
110.43,27.32,65,0
110.55,27.31,65,0
110.67,27.31,65,0
110.79,27.3,65,0
110.92,27.29,65,0
111.04,27.3,65,0
111.16,27.28,65,0
111.29,27.27,65,0
111.41,27.27,65,0
111.53,27.26,65,0
111.65,27.25,65,0
111.77,27.25,65,0
111.89,27.24,65,0
112.02,27.23,65,0
112.14,27.23,65,0
112.26,27.23,65,0
112.38,27.22,65,0
112.51,27.21,65,0
112.63,27.23,65,0
112.75,27.2,65,0
112.87,27.19,65,0
113.0,27.18,65,0
113.12,27.19,65,0
113.24,27.18,65,0
113.36,27.17,65,0
113.48,27.16,65,0
113.61,27.15,65,0
113.73,27.16,65,0
113.85,27.14,65,0
113.97,27.14,65,0
114.1,27.14,65,0
114.22,27.13,65,0
114.34,27.16,65,0
114.46,27.12,65,0
114.58,27.07,65,0
114.71,27.09,65,0
114.83,27.1,65,0
114.95,27.09,65,0
115.07,27.09,65,0
115.19,27.08,65,0
115.32,27.07,65,0
115.44,27.05,65,0
115.56,27.08,65,0
115.68,27.06,65,0
115.81,27.07,65,0
115.93,27.05,65,0
116.05,27.04,65,0
116.17,27.05,65,0
116.29,27.02,65,0
116.42,27.02,65,0
116.54,27.02,65,0
116.66,27.02,65,0
116.78,27.01,65,0
116.9,27.0,65,0
117.03,26.98,65,0
117.15,26.99,65,0
117.27,26.98,65,0
117.39,26.97,65,0
117.52,26.97,65,0
117.64,26.96,65,0
117.76,26.96,65,0
117.88,26.96,65,0
118.0,26.95,65,0
118.13,26.93,65,0
118.25,26.94,65,0
118.37,26.92,65,0
118.5,26.91,65,0
118.62,26.91,65,0
118.74,26.92,65,0
118.86,26.91,65,0
118.98,26.93,65,0
119.11,26.91,65,0
119.23,26.89,65,0
119.35,26.9,65,0
119.47,26.87,65,0
119.59,26.87,65,0
119.72,26.87,65,0
119.84,26.88,65,0
119.96,26.87,65,0
120.08,26.85,65,0
120.21,26.84,65,0
120.33,26.84,65,0
120.45,26.84,65,0
120.57,26.83,65,0
120.69,26.82,65,0
120.82,26.81,65,0
120.94,26.8,65,0
121.06,26.83,65,0
121.18,26.8,65,0
121.31,26.79,65,0
121.43,26.76,65,0
121.55,26.83,65,0
121.67,26.81,65,0
121.79,26.81,65,0
121.92,26.81,65,0
122.04,26.79,65,0
122.16,26.8,65,0
122.28,26.73,65,0
122.4,26.77,65,0
122.53,26.74,65,0
122.65,26.75,65,0
122.77,26.76,65,0
122.89,26.71,65,0
123.02,26.72,65,0
123.14,26.74,65,0
123.26,26.74,65,0
123.38,26.72,65,0
123.5,26.72,65,0
123.63,26.71,65,0
123.75,26.7,65,0
123.87,26.69,65,0
124.0,26.67,65,0
124.12,26.68,65,0
124.24,26.67,65,0
124.36,26.68,65,0
124.48,26.67,65,0
124.61,26.66,65,0
124.73,26.66,65,0
124.85,26.64,65,0
124.97,26.64,65,0
125.09,26.62,65,0
125.22,26.64,65,0
125.34,26.66,65,0
125.46,26.63,65,0
125.58,26.61,65,0
125.7,26.61,65,0
125.83,26.6,65,0
125.95,26.6,65,0
126.07,26.61,65,0
126.19,26.58,65,0
126.32,26.57,65,0
126.44,26.59,65,0
126.56,26.58,65,0
126.68,26.57,65,0
126.81,26.58,65,0
126.93,26.57,65,0
127.05,26.55,65,0
127.17,26.56,65,0
127.29,26.54,65,0
127.42,26.53,65,0
127.54,26.52,65,0
127.66,26.52,65,0
127.78,26.51,65,0
127.9,26.53,65,0
128.03,26.51,65,0
128.15,26.53,65,0
128.27,26.51,65,0
128.39,26.5,65,0
128.52,26.49,65,0
128.64,26.48,65,0
128.76,26.49,65,0
128.88,26.52,65,0
129.01,26.49,65,0
129.13,26.47,65,0
129.25,26.45,65,0
129.37,26.46,65,0
129.49,26.46,65,0
129.62,26.44,65,0
129.74,26.44,65,0
129.86,26.44,65,0
129.98,26.44,65,0
130.11,26.44,65,0
130.23,26.43,65,0
130.35,26.42,65,0
130.47,26.41,65,0
130.59,26.41,65,0
130.72,26.41,65,0
130.84,26.39,65,0
130.96,26.38,65,0
131.08,26.4,65,0
131.21,26.39,65,0
131.33,26.38,65,0
131.45,26.38,65,0
131.57,26.38,65,0
131.69,26.37,65,0
131.82,26.35,65,0
131.94,26.36,65,0
132.06,26.35,65,0
132.18,26.35,65,0
132.3,26.35,65,0
132.43,26.35,65,0
132.55,26.33,65,0
132.67,26.34,65,0
132.79,26.33,65,0
132.92,26.32,65,0
133.04,26.31,65,0
133.16,26.31,65,0
133.28,26.31,65,0
133.41,26.3,65,0
133.53,26.3,65,0
133.65,26.29,65,0
133.77,26.29,65,0
133.89,26.28,65,0
134.02,26.28,65,0
134.14,26.28,65,0
134.26,26.27,65,0
134.38,26.26,65,0
134.51,26.26,65,0
134.63,26.25,65,0
134.75,26.26,65,0
134.87,26.25,65,0
134.99,26.25,65,0
135.12,26.24,65,0
135.24,26.24,65,0
135.36,26.23,65,0
135.48,26.23,65,0
135.61,26.22,65,0
135.73,26.22,65,0
135.85,26.21,65,0
135.97,26.21,65,0
136.09,26.21,65,0
136.22,26.21,65,0
136.34,26.19,65,0
136.46,26.19,65,0
136.58,26.19,65,0
136.71,26.19,65,0
136.83,26.18,65,0
136.95,26.18,65,0
137.07,26.17,65,0
137.19,26.16,65,0
137.32,26.15,65,0
137.44,26.16,65,0
137.56,26.15,65,0
137.68,26.14,65,0
137.8,26.14,65,0
137.93,26.14,65,0
138.05,26.13,65,0
138.17,26.13,65,0
138.29,26.13,65,0
138.42,26.13,65,0
138.54,26.11,65,0
138.66,26.11,65,0
138.78,26.12,65,0
138.9,26.12,65,0
139.03,26.11,65,0
139.15,26.11,65,0
139.27,26.1,65,0
139.39,26.09,65,0
139.52,26.09,65,0
139.64,26.09,65,0
139.76,26.09,65,0
139.88,26.08,65,0
140.0,26.09,65,0
140.13,26.07,65,0
140.25,26.08,65,0
140.37,26.07,65,0
140.49,26.05,65,0
140.62,26.03,65,0
140.74,26.04,65,0
140.86,26.04,65,0
140.98,26.05,65,0
141.1,26.02,65,0
141.23,26.06,65,0
141.35,26.04,65,0
141.47,26.01,65,0
141.59,26.0,65,0
141.72,26.02,65,0
141.84,26.01,65,0
141.96,26.0,65,0
142.08,26.0,65,0
142.2,26.0,65,0
142.33,25.99,65,0
142.45,25.99,65,0
142.57,25.96,65,0
142.69,25.97,65,0
142.82,25.97,65,0
142.94,25.96,65,0
143.06,25.96,65,0
143.18,25.95,65,0
143.3,25.95,65,0
143.43,25.94,65,0
143.55,25.93,65,0
143.67,25.94,65,0
143.79,25.94,65,0
143.91,25.94,65,0
144.04,25.93,65,0
144.16,25.92,65,0
144.28,25.93,65,0
144.4,25.91,65,0
144.53,25.91,65,0
144.65,25.92,65,0
144.77,25.9,65,0
144.89,25.89,65,0
145.01,25.89,65,0
145.14,25.89,65,0
145.26,25.89,65,0
145.38,25.89,65,0
145.5,25.88,65,0
145.63,25.88,65,0
145.75,25.86,65,0
145.87,25.87,65,0
145.99,25.85,65,0
146.11,25.86,65,0
146.24,25.86,65,0
146.36,25.86,65,0
146.48,25.86,65,0
146.6,25.84,65,0
146.73,25.84,65,0
146.85,25.84,65,0
146.97,25.83,65,0
147.09,25.82,65,0
147.22,25.83,65,0
147.34,25.82,65,0
147.46,25.81,65,0
147.58,25.81,65,0
147.7,25.81,65,0
147.83,25.81,65,0
147.95,25.81,65,0
148.07,25.8,65,0
148.19,25.79,65,0
148.32,25.79,65,0
148.44,25.79,65,0
148.56,25.78,65,0
148.68,25.77,65,0
148.8,25.78,65,0
148.93,25.78,65,0
149.05,25.77,65,0
149.17,25.76,65,0
149.29,25.77,65,0
149.41,25.75,65,0
149.54,25.76,65,0
149.66,25.75,65,0
149.78,25.75,65,0
149.9,25.73,65,0
150.03,25.74,65,0
150.15,25.73,65,0
150.27,25.74,65,0
150.39,25.74,65,0
150.51,25.72,65,0
150.64,25.71,65,0
150.76,25.72,65,0
150.88,25.71,65,0
151.0,25.71,65,0
151.13,25.71,65,0
151.25,25.71,65,0
151.37,25.69,65,0
151.49,25.69,65,0
151.61,25.69,65,0
151.74,25.69,65,0
151.86,25.68,65,0
151.98,25.68,65,0
152.1,25.68,65,0
152.23,25.67,65,0
152.35,25.67,65,0
152.47,25.66,65,0
152.59,25.66,65,0
152.71,25.66,65,0
152.84,25.65,65,0
152.96,25.65,65,0
153.08,25.65,65,0
153.2,25.65,65,0
153.33,25.63,65,0
153.45,25.64,65,0
153.57,25.65,65,0
153.69,25.62,65,0
153.82,25.63,65,0
153.94,25.62,65,0
154.06,25.62,65,0
154.18,25.62,65,0
154.3,25.61,65,0
154.43,25.61,65,0
154.55,25.6,65,0
154.67,25.6,65,0
154.79,25.6,65,0
154.91,25.6,65,0
155.04,25.6,65,0
155.16,25.59,65,0
155.28,25.58,65,0
155.4,25.58,65,0
155.53,25.58,65,0
155.65,25.58,65,0
155.77,25.58,65,0
155.89,25.58,65,0
156.01,25.57,65,0
156.14,25.56,65,0
156.26,25.56,65,0
156.38,25.56,65,0
156.5,25.55,65,0
156.63,25.55,65,0
156.75,25.55,65,0
156.87,25.54,65,0
156.99,25.53,65,0
157.11,25.53,65,0
157.24,25.53,65,0
157.36,25.53,65,0
157.48,25.51,65,0
157.6,25.52,65,0
157.73,25.51,65,0
157.85,25.52,65,0
157.97,25.5,65,0
158.09,25.51,65,0
158.21,25.5,65,0
158.34,25.49,65,0
158.46,25.5,65,0
158.58,25.49,65,0
158.7,25.5,65,0
158.83,25.48,65,0
158.95,25.48,65,0
159.07,25.48,65,0
159.19,25.48,65,0
159.31,25.48,65,0
159.44,25.47,65,0
159.56,25.46,65,0
159.68,25.46,65,0
159.8,25.47,65,0
159.93,25.45,65,0
160.05,25.45,65,0
160.17,25.45,65,0
160.29,25.44,65,0
160.41,25.44,65,0
160.54,25.44,65,0
160.66,25.44,65,0
160.78,25.43,65,0
160.9,25.43,65,0
161.02,25.43,65,0
161.15,25.42,65,0
161.27,25.42,65,0
161.39,25.42,65,0
161.51,25.42,65,0
161.64,25.41,65,0
161.76,25.41,65,0
161.88,25.41,65,0
162.0,25.41,65,0
162.13,25.4,65,0
162.25,25.4,65,0
162.37,25.39,65,0
162.49,25.38,65,0
162.61,25.39,65,0
162.74,25.38,65,0
162.86,25.38,65,0
162.98,25.37,65,0
163.1,25.37,65,0
163.23,25.37,65,0
163.35,25.37,65,0
163.47,25.36,65,0
163.59,25.36,65,0
163.71,25.36,65,0
163.84,25.35,65,0
163.96,25.35,65,0
164.08,25.34,65,0
164.2,25.34,65,0
164.33,25.34,65,0
164.45,25.34,65,0
164.57,25.33,65,0
164.69,25.33,65,0
164.81,25.32,65,0
164.94,25.32,65,0
165.06,25.32,65,0
165.18,25.32,65,0
165.3,25.31,65,0
165.43,25.31,65,0
165.55,25.3,65,0
165.67,25.31,65,0
165.79,25.3,65,0
165.91,25.29,65,0
166.04,25.29,65,0
166.16,25.29,65,0
166.28,25.29,65,0
166.4,25.29,65,0
166.52,25.28,65,0
166.65,25.28,65,0
166.77,25.27,65,0
166.89,25.27,65,0
167.01,25.27,65,0
167.14,25.26,65,0
167.26,25.26,65,0
167.38,25.26,65,0
167.5,25.26,65,0
167.63,25.26,65,0
167.75,25.25,65,0
167.87,25.25,65,0
167.99,25.25,65,0
168.11,25.24,65,0
168.24,25.23,65,0
168.36,25.23,65,0
168.48,25.23,65,0
168.6,25.22,65,0
168.73,25.22,65,0
168.85,25.22,65,0
168.97,25.23,65,0
169.09,25.22,65,0
169.21,25.22,65,0
169.34,25.22,65,0
169.46,25.21,65,0
169.58,25.21,65,0
169.7,25.2,65,0
169.83,25.2,65,0
169.95,25.2,65,0
170.07,25.19,65,0
170.19,25.2,65,0
170.31,25.19,65,0
170.44,25.19,65,0
170.56,25.19,65,0
170.68,25.19,65,0
170.8,25.17,65,0
170.93,25.17,65,0
171.05,25.17,65,0
171.17,25.17,65,0
171.29,25.16,65,0
171.41,25.15,65,0
171.54,25.17,65,0
171.66,25.16,65,0
171.78,25.16,65,0
171.9,25.16,65,0
172.02,25.15,65,0
172.15,25.15,65,0
172.27,25.15,65,0
172.39,25.14,65,0
172.51,25.13,65,0
172.64,25.14,65,0
172.76,25.14,65,0
172.88,25.13,65,0
173.0,25.13,65,0
173.12,25.13,65,0
173.25,25.12,65,0
173.37,25.13,65,0
173.49,25.12,65,0
173.61,25.12,65,0
173.74,25.12,65,0
173.86,25.11,65,0
173.98,25.11,65,0
174.1,25.1,65,0
174.22,25.1,65,0
174.35,25.11,65,0
174.47,25.09,65,0
174.59,25.09,65,0
174.71,25.09,65,0
174.84,25.09,65,0
174.96,25.09,65,0
175.08,25.09,65,0
175.2,25.08,65,0
175.32,25.07,65,0
175.45,25.08,65,0
175.57,25.08,65,0
175.69,25.08,65,0
175.81,25.08,65,0
175.94,25.06,65,0
176.06,25.07,65,0
176.18,25.07,65,0
176.3,25.06,65,0
176.42,25.06,65,0
176.55,25.05,65,0
176.67,25.05,65,0
176.79,25.04,65,0
176.91,25.04,65,0
177.04,25.05,65,0
177.16,25.04,65,0
177.28,25.03,65,0
177.4,25.03,65,0
177.52,25.03,65,0
177.65,25.03,65,0
177.77,25.03,65,0
177.89,25.02,65,0
178.01,25.03,65,0
178.13,25.01,65,0
178.26,25.02,65,0
178.38,25.01,65,0
178.5,25.02,65,0
178.62,25.02,65,0
178.75,25.0,65,0
178.87,25.01,65,0
178.99,25.01,65,0
179.11,25.01,65,0
179.23,25.0,65,0
179.36,25.0,65,0
179.48,25.0,65,0
179.6,24.99,65,0
179.72,24.98,65,0
179.85,24.97,65,0
179.97,24.98,65,0
180.09,24.99,65,0
180.21,24.98,65,0
180.34,24.99,65,0
180.46,24.98,65,0
180.58,24.97,65,0
180.7,24.97,65,0
180.82,24.97,65,0
180.95,24.97,65,0
181.07,24.96,65,0
181.19,24.97,65,0
181.31,24.96,65,0
181.44,24.96,65,0
181.56,24.95,65,0
181.68,24.95,65,0
181.8,24.95,65,0
181.92,24.95,65,0
182.05,24.95,65,0
182.17,24.95,65,0
182.29,24.94,65,0
182.41,24.93,65,0
182.54,24.94,65,0
182.66,24.93,65,0
182.78,24.93,65,0
182.9,24.93,65,0
183.02,24.93,65,0
183.15,24.92,65,0
183.27,24.93,65,0
183.39,24.92,65,0
183.51,24.92,65,0
183.63,24.91,65,0
183.76,24.91,65,0
183.88,24.91,65,0
184.0,24.91,65,0
184.12,24.9,65,0
184.25,24.91,65,0
184.37,24.9,65,0
184.49,24.91,65,0
184.61,24.9,65,0
184.73,24.9,65,0
184.86,24.89,65,0
184.98,24.89,65,0
185.1,24.88,65,0
185.22,24.88,65,0
185.35,24.87,65,0
185.47,24.89,65,0
185.59,24.87,65,0
185.71,24.88,65,0
185.83,24.88,65,0
185.96,24.87,65,0
186.08,24.87,65,0
186.2,24.87,65,0
186.32,24.85,65,0
186.44,24.86,65,0
186.57,24.86,65,0
186.69,24.86,65,0
186.81,24.85,65,0
186.93,24.85,65,0
187.06,24.85,65,0
187.18,24.86,65,0
187.3,24.85,65,0
187.42,24.86,65,0
187.54,24.85,65,0
187.67,24.84,65,0
187.79,24.84,65,0
187.91,24.84,65,0
188.03,24.84,65,0
188.16,24.84,65,0
188.28,24.84,65,0
188.4,24.83,65,0
188.52,24.83,65,0
188.64,24.83,65,0
188.77,24.83,65,0
188.89,24.82,65,0
189.01,24.82,65,0
189.13,24.82,65,0
189.26,24.82,65,0
189.38,24.82,65,0
189.5,24.82,65,0
189.62,24.81,65,0
189.74,24.82,65,0
189.87,24.81,65,0
189.99,24.81,65,0
190.11,24.8,65,0
190.23,24.8,65,0
190.36,24.8,65,0
190.48,24.79,65,0
190.6,24.79,65,0
190.72,24.79,65,0
190.84,24.79,65,0
190.97,24.78,65,0
191.09,24.78,65,0
191.21,24.78,65,0
191.33,24.78,65,0
191.46,24.78,65,0
191.58,24.78,65,0
191.7,24.77,65,0
191.82,24.77,65,0
191.94,24.77,65,0
192.07,24.77,65,0
192.19,24.76,65,0
192.31,24.76,65,0
192.43,24.76,65,0
192.56,24.76,65,0
192.68,24.75,65,0
192.8,24.76,65,0
192.92,24.75,65,0
193.04,24.75,65,0
193.17,24.75,65,0
193.29,24.74,65,0
193.41,24.75,65,0
193.53,24.74,65,0
193.66,24.73,65,0
193.78,24.73,65,0
193.9,24.73,65,0
194.02,24.73,65,0
194.14,24.73,65,0
194.27,24.73,65,0
194.39,24.73,65,0
194.51,24.72,65,0
194.63,24.72,65,0
194.76,24.72,65,0
194.88,24.72,65,0
195.0,24.72,65,0
195.12,24.71,65,0
195.24,24.71,65,0
195.37,24.71,65,0
195.49,24.7,65,0
195.61,24.7,65,0
195.73,24.7,65,0
195.86,24.7,65,0
195.98,24.7,65,0
196.1,24.69,65,0
196.22,24.69,65,0
196.34,24.69,65,0
196.47,24.69,65,0
196.59,24.68,65,0
196.71,24.69,65,0
196.83,24.68,65,0
196.96,24.68,65,0
197.08,24.68,65,0
197.2,24.68,65,0
197.32,24.68,65,0
197.44,24.67,65,0
197.57,24.67,65,0
197.69,24.67,65,0
197.81,24.66,65,0
197.93,24.66,65,0
198.05,24.66,65,0
198.18,24.66,65,0
198.3,24.65,65,0
198.42,24.65,65,0
198.54,24.65,65,0
198.67,24.64,65,0
198.79,24.65,65,0
198.91,24.64,65,0
199.03,24.65,65,0
199.16,24.64,65,0
199.28,24.63,65,0
199.4,24.63,65,0
199.52,24.64,65,0
199.64,24.63,65,0
199.77,24.63,65,0
199.89,24.63,65,0
200.01,24.62,65,0
200.13,24.62,65,0
200.26,24.62,65,0
200.38,24.62,65,0
200.5,24.61,65,0
200.62,24.61,65,0
200.74,24.61,65,0
200.87,24.61,65,0
200.99,24.61,65,0
201.11,24.6,65,0
201.23,24.61,65,0
201.36,24.6,65,0
201.48,24.6,65,0
201.6,24.59,65,0
201.72,24.6,65,0
201.84,24.6,65,0
201.97,24.59,65,0
202.09,24.59,65,0
202.21,24.59,65,0
202.33,24.59,65,0
202.46,24.58,65,0
202.58,24.57,65,0
202.7,24.58,65,0
202.82,24.57,65,0
202.94,24.57,65,0
203.07,24.57,65,0
203.19,24.57,65,0
203.31,24.56,65,0
203.43,24.56,65,0
203.55,24.57,65,0
203.68,24.57,65,0
203.8,24.56,65,0
203.92,24.56,65,0
204.04,24.56,65,0
204.17,24.55,65,0
204.29,24.55,65,0
204.41,24.55,65,0
204.53,24.55,65,0
204.65,24.54,65,0
204.78,24.54,65,0
204.9,24.54,65,0
205.02,24.54,65,0
205.14,24.54,65,0
205.27,24.53,65,0
205.39,24.53,65,0
205.51,24.54,65,0
205.63,24.53,65,0
205.76,24.53,65,0
205.88,24.52,65,0
206.0,24.52,65,0
206.12,24.52,65,0
206.24,24.52,65,0
206.37,24.52,65,0
206.49,24.52,65,0
206.61,24.52,65,0
206.73,24.51,65,0
206.86,24.51,65,0
206.98,24.51,65,0
207.1,24.5,65,0
207.22,24.52,65,0
207.34,24.5,65,0
207.47,24.5,65,0
207.59,24.5,65,0
207.71,24.5,65,0
207.83,24.5,65,0
207.95,24.49,65,0
208.08,24.5,65,0
208.2,24.48,65,0
208.32,24.49,65,0
208.44,24.49,65,0
208.57,24.48,65,0
208.69,24.48,65,0
208.81,24.48,65,0
208.93,24.48,65,0
209.05,24.48,65,0
209.18,24.48,65,0
209.3,24.48,65,0
209.42,24.47,65,0
209.54,24.47,65,0
209.67,24.47,65,0
209.79,24.47,65,0
209.91,24.47,65,0
210.03,24.47,65,0
210.15,24.46,65,0
210.28,24.46,65,0
210.4,24.46,65,0
210.52,24.46,65,0
210.64,24.45,65,0
210.77,24.45,65,0
210.89,24.45,65,0
211.01,24.45,65,0
211.13,24.45,65,0
211.25,24.45,65,0
211.38,24.44,65,0
211.5,24.45,65,0
211.62,24.43,65,0
211.74,24.44,65,0
211.87,24.44,65,0
211.99,24.44,65,0
212.11,24.44,65,0
212.23,24.43,65,0
212.36,24.43,65,0
212.48,24.43,65,0
212.6,24.43,65,0
212.72,24.43,65,0
212.84,24.42,65,0
212.97,24.42,65,0
213.09,24.42,65,0
213.21,24.42,65,0
213.33,24.43,65,0
213.45,24.42,65,0
0.12,24.51,0,1
0.24,24.54,0,1
0.37,24.57,0,1
0.49,24.6,0,1
0.61,24.63,0,1
0.73,24.66,0,1
0.85,24.69,0,1
0.98,24.73,0,1
1.1,24.76,0,1
1.22,24.79,0,1
1.34,24.83,0,1
1.47,24.85,0,1
1.59,24.9,0,1
1.71,24.93,0,1
1.83,24.96,0,1
1.95,24.99,0,1
2.08,25.03,0,1
2.2,25.06,0,1
2.32,25.09,0,1
2.44,25.12,0,1
2.57,25.16,0,1
2.69,25.19,0,1
2.81,25.23,0,1
2.93,25.26,0,1
3.05,25.29,0,1
3.18,25.33,0,0
3.3,25.36,0,0
3.42,25.39,0,0
3.54,25.42,0,0
3.66,25.45,0,0
3.79,25.48,0,0
3.91,25.52,0,0
4.03,25.55,0,0
4.15,25.58,0,0
4.28,25.6,0,0
4.4,25.63,0,0
4.52,25.67,0,0
4.64,25.69,0,0
4.76,25.72,0,0
4.89,25.75,0,0
5.01,25.78,0,0
5.13,25.81,0,0
5.25,25.85,0,0
5.37,25.86,0,0
5.5,25.9,0,0
5.62,25.92,0,0
5.74,25.95,0,0
5.86,25.98,0,0
5.98,26.01,0,0
6.11,26.03,0,0
6.23,26.06,0,0
6.35,26.09,0,0
6.47,26.11,0,0
6.59,26.14,0,0
6.72,26.17,0,0
6.84,26.19,0,0
6.96,26.21,0,0
7.08,26.24,0,0
7.2,26.26,0,0
7.33,26.29,0,0
7.45,26.31,0,0
7.57,26.34,0,0
7.69,26.36,0,0
7.82,26.39,0,0
7.94,26.41,0,0
8.06,26.43,0,0
8.18,26.46,0,0
8.3,26.48,0,0
8.43,26.5,0,0
8.55,26.53,0,0
8.67,26.55,0,0
8.79,26.57,0,0
8.91,26.6,0,0
9.03,26.62,0,0
9.16,26.64,0,0
9.28,26.67,0,0
9.4,26.69,0,0
9.52,26.71,0,0
9.65,26.73,0,0
9.77,26.75,0,0
9.89,26.78,0,0
10.01,26.8,0,0
10.13,26.82,0,0
10.26,26.84,0,0
10.38,26.86,0,0
10.5,26.88,0,0
10.62,26.91,0,0
10.74,26.93,0,0
10.87,26.95,0,0
10.99,26.97,0,0
11.11,26.99,0,0
11.23,27.01,0,0
11.35,27.03,0,0
11.48,27.05,0,0
11.6,27.07,0,0
11.72,27.09,0,0
11.84,27.11,0,0
11.97,27.13,0,0
12.09,27.15,0,0
12.21,27.17,0,0
12.33,27.19,0,0
12.45,27.21,0,0
12.57,27.23,0,0
12.7,27.25,0,0
12.82,27.27,0,0
12.94,27.29,0,0
13.06,27.3,0,0
13.19,27.32,0,0
13.31,27.35,0,0
13.43,27.36,0,0
13.55,27.38,0,0
13.67,27.4,0,0
13.8,27.42,0,0
13.92,27.44,0,0
14.04,27.45,0,0
14.16,27.48,0,0
14.28,27.49,0,0
14.41,27.51,0,0
14.53,27.53,0,0
14.65,27.54,0,0
14.77,27.56,0,0
14.9,27.58,0,0
15.02,27.6,0,0
15.14,27.61,0,0
15.26,27.63,0,0
15.38,27.65,0,0
15.51,27.67,0,0
15.63,27.69,0,0
15.75,27.7,0,0
15.87,27.72,0,0
15.99,27.73,0,0
16.12,27.75,0,0
16.24,27.77,0,0
16.36,27.79,0,0
16.48,27.81,0,0
16.6,27.82,0,0
16.73,27.84,0,0
16.85,27.86,0,0
16.97,27.87,0,0
17.09,27.89,0,0
17.21,27.91,0,0
17.34,27.92,0,0
17.46,27.94,0,0
17.58,27.95,0,0
17.7,27.97,0,0
17.82,27.99,0,0
17.95,28.0,0,0
18.07,28.02,0,0
18.19,28.04,0,0
18.31,28.05,0,0
18.44,28.07,0,0
18.56,28.09,0,0
18.68,28.1,0,0
18.8,28.12,0,0
18.92,28.13,0,0
19.05,28.15,0,0
19.17,28.17,0,0
19.29,28.19,0,0
19.41,28.2,0,0
19.53,28.21,0,0
19.66,28.23,0,0
19.78,28.25,0,0
19.9,28.26,0,0
20.02,28.28,0,0
20.15,28.29,0,0
20.27,28.31,0,0
20.39,28.33,0,0
20.51,28.34,0,0
20.63,28.36,0,0
20.76,28.37,0,0
20.88,28.39,0,0
21.0,28.4,0,0
21.12,28.42,0,0
21.24,28.43,0,0
21.37,28.45,0,0
21.49,28.46,0,0
21.61,28.48,0,0
21.73,28.49,0,0
21.85,28.51,0,0
21.98,28.52,0,0
22.1,28.54,0,0
22.22,28.55,0,0
22.34,28.57,0,0
22.46,28.58,0,0
22.59,28.6,0,0
22.71,28.61,0,0
22.83,28.63,0,0
22.95,28.64,0,0
23.07,28.66,0,0
23.2,28.67,0,0
23.32,28.68,0,0
23.44,28.69,0,0
0.12,29.25,0,1
0.24,29.26,0,1
0.37,29.28,0,0
0.49,29.29,0,0
0.61,29.3,0,0
0.73,29.31,0,0
0.85,29.32,0,0
0.98,29.34,0,0
1.1,29.35,0,0
1.22,29.37,0,0
1.34,29.38,0,0
1.46,29.39,0,0
1.59,29.4,0,0
1.71,29.42,0,0
1.83,29.43,0,0
1.95,29.44,0,0
2.07,29.45,0,0
2.2,29.47,0,0
2.32,29.48,0,0
2.44,29.49,0,0
2.56,29.51,98,0
2.68,29.53,98,0
2.81,29.53,98,0
2.93,29.54,98,0
3.05,29.55,98,0
3.17,29.55,98,0
3.3,29.54,98,0
3.42,29.53,98,0
3.54,29.52,98,0
3.66,29.5,98,0
3.78,29.48,98,0
3.91,29.45,98,0
4.03,29.42,98,0
4.15,29.4,98,0
4.27,29.36,98,0
4.39,29.32,98,0
4.51,29.29,98,0
4.64,29.25,98,0
4.76,29.22,98,0
4.88,29.17,98,0
5.0,29.14,98,0
5.13,29.09,98,0
5.25,29.06,98,0
5.37,29.01,98,0
5.49,28.99,98,0
5.61,28.94,98,0
5.74,28.9,98,0
5.86,28.86,98,0
5.98,28.8,98,0
6.1,28.77,98,0
6.22,28.73,98,0
6.35,28.69,98,0
6.47,28.65,98,0
6.59,28.61,98,0
6.71,28.57,98,0
6.84,28.53,98,0
6.96,28.49,98,0
7.08,28.45,98,0
7.2,28.4,98,0
7.32,28.38,98,0
7.45,28.32,98,0
7.57,28.3,98,0
7.69,28.26,98,0
7.81,28.22,98,0
7.93,28.18,98,0
8.06,28.14,98,0
8.18,28.11,98,0
8.3,28.07,98,0
8.42,28.03,98,0
8.55,27.98,98,0
8.67,27.95,98,0
8.79,27.92,98,0
8.91,27.89,98,0
9.03,27.85,98,0
9.15,27.81,98,0
9.28,27.77,98,0
9.4,27.75,98,0
9.52,27.71,98,0
9.64,27.69,98,0
9.77,27.64,98,0
9.89,27.61,98,0
10.01,27.58,98,0
10.13,27.55,98,0
10.25,27.52,98,0
10.38,27.48,98,0
10.5,27.45,98,0
10.62,27.41,98,0
10.74,27.38,98,0
10.86,27.36,98,0
10.99,27.32,98,0
11.11,27.3,98,0
11.23,27.27,98,0
11.35,27.24,98,0
11.48,27.21,98,0
11.6,27.18,98,0
11.72,27.16,98,0
11.84,27.12,98,0
11.96,27.09,98,0
12.09,27.06,98,0
12.21,27.04,98,0
12.33,27.01,98,0
12.45,26.98,98,0
12.57,26.95,98,0
12.7,26.92,98,0
12.82,26.89,98,0
12.94,26.87,98,0
13.06,26.85,98,0
13.19,26.83,98,0
13.31,26.79,98,0
13.43,26.77,98,0
13.55,26.74,98,0
13.68,26.71,98,0
13.8,26.68,98,0
13.92,26.66,98,0
14.04,26.64,98,0
14.16,26.61,98,0
14.28,26.59,98,0
14.41,26.56,98,0
14.53,26.53,98,0
14.65,26.51,98,0
14.77,26.49,98,0
14.9,26.46,98,0
15.02,26.44,98,0
15.14,26.42,98,0
15.26,26.39,98,0
15.39,26.38,98,0
15.51,26.35,98,0
15.63,26.32,98,0
15.75,26.29,98,0
15.87,26.28,98,0
16.0,26.26,98,0
16.12,26.23,98,0
16.24,26.21,98,0
16.36,26.18,98,0
16.48,26.17,98,0
16.61,26.14,98,0
16.73,26.11,98,0
16.85,26.1,98,0
16.97,26.08,98,0
17.09,26.06,98,0
17.22,26.04,98,0
17.34,26.02,98,0
17.46,26.0,98,0
17.58,25.97,98,0
17.7,25.95,98,0
17.83,25.94,98,0
17.95,25.9,98,0
18.07,25.89,98,0
18.19,25.87,98,0
18.32,25.83,98,0
18.44,25.82,98,0
18.56,25.8,98,0
18.68,25.79,98,0
18.8,25.75,98,0
18.93,25.74,98,0
19.05,25.72,98,0
19.17,25.7,98,0
19.29,25.69,98,0
19.42,25.67,98,0
19.54,25.65,98,0
19.66,25.62,98,0
19.78,25.61,98,0
19.9,25.58,98,0
20.03,25.55,98,0
20.15,25.54,98,0
20.27,25.53,98,0
20.39,25.5,98,0
20.51,25.49,98,0
20.64,25.47,98,0
20.76,25.44,98,0
20.88,25.42,98,0
21.0,25.41,98,0
21.13,25.4,98,0
21.25,25.36,98,0
21.37,25.34,98,0
21.49,25.33,98,0
21.61,25.31,98,0
21.74,25.29,98,0
21.86,25.26,98,0
21.98,25.24,98,0
22.1,25.24,98,0
22.22,25.22,98,0
22.35,25.19,98,0
22.47,25.18,98,0
22.59,25.16,98,0
22.71,25.14,98,0
22.84,25.13,98,0
22.96,25.1,98,0
23.08,25.09,98,0
23.2,25.07,98,0
23.32,25.05,98,0
23.45,25.04,98,0
23.57,25.01,98,0
23.69,25.0,98,0
23.81,24.97,98,0
23.94,24.96,98,0
24.06,24.94,98,0
24.18,24.92,98,0
24.3,24.92,98,0
24.42,24.89,98,0
24.55,24.87,98,0
24.67,24.85,98,0
24.79,24.85,98,0
24.91,24.83,98,0
25.03,24.82,98,0
25.16,24.8,98,0
25.28,24.77,98,0
25.4,24.76,98,0
25.52,24.74,98,0
25.65,24.72,98,0
25.77,24.71,98,0
25.89,24.68,98,0
26.01,24.68,98,0
26.13,24.66,98,0
26.26,24.64,98,0
26.38,24.62,98,0
26.5,24.61,98,0
26.62,24.58,98,0
26.75,24.58,98,0
26.87,24.56,98,0
26.99,24.54,98,0
27.11,24.52,98,0
27.23,24.5,98,0
27.36,24.49,98,0
27.48,24.47,98,0
27.6,24.46,98,0
27.72,24.45,98,0
27.84,24.43,98,0
27.97,24.42,98,0
28.09,24.4,98,0
28.21,24.39,98,0
28.33,24.37,98,0
28.45,24.35,98,0
28.58,24.34,98,0
28.7,24.31,98,0
28.82,24.3,98,0
28.94,24.29,98,0
29.07,24.28,98,0
29.19,24.26,98,0
29.31,24.25,98,0
29.43,24.23,98,0
29.55,24.22,98,0
29.68,24.2,98,0
29.8,24.19,98,0
29.92,24.16,98,0
30.04,24.16,98,0
30.17,24.14,98,0
30.29,24.12,98,0
30.41,24.11,98,0
30.53,24.1,98,0
30.65,24.08,98,0
30.78,24.06,98,0
30.9,24.05,98,0
31.02,24.04,98,0
31.14,24.02,98,0
31.26,24.01,98,0
31.39,24.0,98,0
31.51,23.98,98,0
31.63,23.96,98,0
31.75,23.94,98,0
31.88,23.92,98,0
32.0,23.92,98,0
32.12,23.91,98,0
32.24,23.89,98,0
32.37,23.88,98,0
32.49,23.85,98,0
32.61,23.84,98,0
32.73,23.83,98,0
32.85,23.83,98,0
32.97,23.8,98,0
33.1,23.79,98,0
33.22,23.78,98,0
33.34,23.77,98,0
33.46,23.76,98,0
33.59,23.74,98,0
33.71,23.72,98,0
33.83,23.71,98,0
33.95,23.7,98,0
34.08,23.69,98,0
34.2,23.67,98,0
34.32,23.66,98,0
34.44,23.65,98,0
34.56,23.63,98,0
34.69,23.63,98,0
34.81,23.6,98,0
34.93,23.6,98,0
35.05,23.59,98,0
35.17,23.57,98,0
35.3,23.55,98,0
35.42,23.54,98,0
35.54,23.52,98,0
35.66,23.51,98,0
35.79,23.49,98,0
35.91,23.48,98,0
36.03,23.48,98,0
36.15,23.46,98,0
36.27,23.44,98,0
36.4,23.43,98,0
36.52,23.42,98,0
36.64,23.41,98,0
36.76,23.39,98,0
36.88,23.37,98,0
37.01,23.36,98,0
37.13,23.34,98,0
37.25,23.33,98,0
37.37,23.32,98,0
37.5,23.3,98,0
37.62,23.29,98,0
37.74,23.27,98,0
37.86,23.27,98,0
37.98,23.26,98,0
38.11,23.25,98,0
38.23,23.23,98,0
38.35,23.22,98,0
38.47,23.2,98,0
38.6,23.19,98,0
38.72,23.18,98,0
38.84,23.17,98,0
38.96,23.15,98,0
39.08,23.14,98,0
39.21,23.12,98,0
39.33,23.12,98,0
39.45,23.11,98,0
39.57,23.08,98,0
39.69,23.08,98,0
39.82,23.06,98,0
39.94,23.06,98,0
40.06,23.04,98,0
40.18,23.02,98,0
40.31,23.01,98,0
40.43,23.0,98,0
40.55,22.98,98,0
40.67,22.98,98,0
40.79,22.96,98,0
40.92,22.95,98,0
41.04,22.93,98,0
41.16,22.92,98,0
41.28,22.91,98,0
41.4,22.89,98,0
41.53,22.88,98,0
41.65,22.87,98,0
41.77,22.86,98,0
41.89,22.85,98,0
42.02,22.84,98,0
42.14,22.82,98,0
42.26,22.81,98,0
42.38,22.8,98,0
42.5,22.79,98,0
42.63,22.77,98,0
42.75,22.76,98,0
42.87,22.74,98,0
42.99,22.74,98,0
43.11,22.72,98,0
43.24,22.71,98,0
43.36,22.69,98,0
43.48,22.69,98,0
43.6,22.67,98,0
43.72,22.67,98,0
43.85,22.66,98,0
43.97,22.64,98,0
44.09,22.63,98,0
44.21,22.61,98,0
44.34,22.61,98,0
44.46,22.6,98,0
44.58,22.58,98,0
44.7,22.57,98,0
44.82,22.55,98,0
44.95,22.55,98,0
45.07,22.53,98,0
45.19,22.52,98,0
45.31,22.52,98,0
45.44,22.5,98,0
45.56,22.49,98,0
45.68,22.48,98,0
45.8,22.47,98,0
45.92,22.46,98,0
46.05,22.44,98,0
46.17,22.43,98,0
46.29,22.42,98,0
46.41,22.41,98,0
46.54,22.39,98,0
46.66,22.38,98,0
46.78,22.37,98,0
46.9,22.36,98,0
47.02,22.35,98,0
47.15,22.34,98,0
47.27,22.33,98,0
47.39,22.31,98,0
47.51,22.3,98,0
47.63,22.29,98,0
47.76,22.28,98,0
47.88,22.27,98,0
48.0,22.26,98,0
48.12,22.24,98,0
48.25,22.24,98,0
48.37,22.23,98,0
48.49,22.21,98,0
48.61,22.2,98,0
48.73,22.19,98,0
48.86,22.18,98,0
48.98,22.17,98,0
49.1,22.16,98,0
49.22,22.15,98,0
49.34,22.14,98,0
49.47,22.12,98,0
49.59,22.12,98,0
49.71,22.1,98,0
49.83,22.1,98,0
49.96,22.08,98,0
50.08,22.07,98,0
50.2,22.05,98,0
50.32,22.04,98,0
50.44,22.03,98,0
50.57,22.02,98,0
50.69,22.01,98,0
50.81,22.0,98,0
50.93,22.0,98,0
51.05,21.99,98,0
51.18,21.98,98,0
51.3,21.96,98,0
51.42,21.95,98,0
51.54,21.95,98,0
51.67,21.94,98,0
51.79,21.91,98,0
51.91,21.9,98,0
52.03,21.89,98,0
52.15,21.88,98,0
52.28,21.89,98,0
52.4,21.87,98,0
52.52,21.86,98,0
52.64,21.84,98,0
52.77,21.84,98,0
52.89,21.83,98,0
53.01,21.82,98,0
53.13,21.81,98,0
53.25,21.8,98,0
53.38,21.8,98,0
53.5,21.77,98,0
53.62,21.77,98,0
53.74,21.76,98,0
53.86,21.75,98,0
53.99,21.73,98,0
54.11,21.73,98,0
54.23,21.72,98,0
54.35,21.71,98,0
54.47,21.69,98,0
54.6,21.69,98,0
54.72,21.68,98,0
54.84,21.67,98,0
54.96,21.65,98,0
55.09,21.64,98,0
55.21,21.63,98,0
55.33,21.62,98,0
55.45,21.62,98,0
55.57,21.61,98,0
55.7,21.6,98,0
55.82,21.58,98,0
55.94,21.58,98,0
56.06,21.57,98,0
56.19,21.57,98,0
56.31,21.55,98,0
56.43,21.54,98,0
56.55,21.53,98,0
56.67,21.52,98,0
56.8,21.51,98,0
56.92,21.5,98,0
57.04,21.49,98,0
57.16,21.49,98,0
57.28,21.47,98,0
57.41,21.46,98,0
57.53,21.46,98,0
57.65,21.45,98,0
57.77,21.44,98,0
57.9,21.43,98,0
58.02,21.42,98,0
58.14,21.41,98,0
58.26,21.4,98,0
58.38,21.39,98,0
58.51,21.38,98,0
58.63,21.38,98,0
58.75,21.37,98,0
58.87,21.36,98,0
59.0,21.36,98,0
59.12,21.32,98,0
59.24,21.34,98,0
59.36,21.33,98,0
59.48,21.3,98,0
59.61,21.31,98,0
59.73,21.29,98,0
59.85,21.28,98,0
59.97,21.28,98,0
60.09,21.28,98,0
60.22,21.26,98,0
60.34,21.26,98,0
60.46,21.24,98,0
60.58,21.23,98,0
60.71,21.23,98,0
60.83,21.22,98,0
60.95,21.21,98,0
61.07,21.19,98,0
61.19,21.18,98,0
61.32,21.18,98,0
61.44,21.17,98,0
61.56,21.16,98,0
61.68,21.16,98,0
61.8,21.14,98,0
61.93,21.14,98,0
62.05,21.13,98,0
62.17,21.12,98,0
62.29,21.1,98,0
62.42,21.11,98,0
62.54,21.1,98,0
62.66,21.08,98,0
62.78,21.07,98,0
62.9,21.07,98,0
63.03,21.05,98,0
63.15,21.05,98,0
63.27,21.04,98,0
63.39,21.03,98,0
63.51,21.04,98,0
63.64,21.02,98,0
63.76,21.01,98,0
63.88,21.0,98,0
64.0,20.99,98,0
64.12,20.99,98,0
64.25,20.97,98,0
64.37,20.96,98,0
64.49,20.96,98,0
64.61,20.95,98,0
64.74,20.93,98,0
64.86,20.92,98,0
64.98,20.91,98,0
65.1,20.91,98,0
65.22,20.91,98,0
65.35,20.9,98,0
65.47,20.89,98,0
65.59,20.88,98,0
65.71,20.87,98,0
65.84,20.87,98,0
65.96,20.86,98,0
66.08,20.84,98,0
66.2,20.84,98,0
66.32,20.83,98,0
66.45,20.83,98,0
66.57,20.82,98,0
66.69,20.81,98,0
66.81,20.8,98,0
66.93,20.79,98,0
67.06,20.79,98,0
67.18,20.78,98,0
67.3,20.77,98,0
67.42,20.76,98,0
67.55,20.75,98,0
67.67,20.75,98,0
67.79,20.74,98,0
67.91,20.73,98,0
68.03,20.72,98,0
68.16,20.71,98,0
68.28,20.71,98,0
68.4,20.7,98,0
68.52,20.69,98,0
68.64,20.68,98,0
68.77,20.67,98,0
68.89,20.67,98,0
69.01,20.66,98,0
69.13,20.66,98,0
69.26,20.65,98,0
69.38,20.65,98,0
69.5,20.62,98,0
69.62,20.62,98,0
69.74,20.63,98,0
69.87,20.61,98,0
69.99,20.61,98,0
70.11,20.59,98,0
70.23,20.58,98,0
70.36,20.57,98,0
70.48,20.57,98,0
70.6,20.55,98,0
70.72,20.56,98,0
70.84,20.54,98,0
70.97,20.54,98,0
71.09,20.53,98,0
71.21,20.52,98,0
71.33,20.52,98,0
71.45,20.52,98,0
71.58,20.51,98,0
71.7,20.49,98,0
71.82,20.5,98,0
71.94,20.48,98,0
72.07,20.48,98,0
72.19,20.47,98,0
72.31,20.48,98,0
72.43,20.47,98,0
72.55,20.45,98,0
72.68,20.45,98,0
72.8,20.44,98,0
72.92,20.43,98,0
73.04,20.43,98,0
73.16,20.42,98,0
73.29,20.4,98,0
73.41,20.4,98,0
73.53,20.39,98,0
73.65,20.39,98,0
73.78,20.38,98,0
73.9,20.38,98,0
74.02,20.36,98,0
74.14,20.36,98,0
74.26,20.35,98,0
74.39,20.34,98,0
74.51,20.33,98,0
74.63,20.32,98,0
74.75,20.32,98,0
74.87,20.32,98,0
75.0,20.31,98,0
75.12,20.3,98,0
75.24,20.29,98,0
75.36,20.29,98,0
75.49,20.28,98,0
75.61,20.27,98,0
75.73,20.26,98,0
75.85,20.25,98,0
75.97,20.25,98,0
76.1,20.24,98,0
76.22,20.24,98,0
76.34,20.22,98,0
76.46,20.22,98,0
76.58,20.21,98,0
76.71,20.21,98,0
76.83,20.2,98,0
76.95,20.2,98,0
77.07,20.19,98,0
77.2,20.18,98,0
77.32,20.17,98,0
77.44,20.17,98,0
77.56,20.16,98,0
77.68,20.15,98,0
77.81,20.14,98,0
77.93,20.14,98,0
78.05,20.13,98,0
78.17,20.13,98,0
78.3,20.13,98,0
78.42,20.11,98,0
78.54,20.1,98,0
78.66,20.11,98,0
78.78,20.1,98,0
78.91,20.09,98,0
79.03,20.09,98,0
79.15,20.07,98,0
79.27,20.07,98,0
79.39,20.07,98,0
79.52,20.06,98,0
79.64,20.05,98,0
79.76,20.04,98,0
79.88,20.04,98,0
80.01,20.03,98,0
80.13,20.02,98,0
80.25,20.02,98,0
80.37,20.01,98,0
80.49,20.0,98,0
80.62,20.0,98,0
80.74,19.99,98,0
80.86,19.99,98,0
80.98,19.98,98,0
81.1,19.97,98,0
81.23,19.97,98,0
81.35,19.96,98,0
81.47,19.95,98,0
81.59,19.94,98,0
81.72,19.94,98,0
81.84,19.93,98,0
81.96,19.93,98,0
82.08,19.92,98,0
82.2,19.92,98,0
82.33,19.92,98,0
82.45,19.9,98,0
82.57,19.9,98,0
82.69,19.9,98,0
82.82,19.88,98,0
82.94,19.88,98,0
83.06,19.88,98,0
83.18,19.88,98,0
83.3,19.88,98,0
83.43,19.86,98,0
83.55,19.86,98,0
83.67,19.85,98,0
83.79,19.85,98,0
83.91,19.83,98,0
84.04,19.84,98,0
84.16,19.83,98,0
84.28,19.82,98,0
84.4,19.81,98,0
84.53,19.81,98,0
84.65,19.8,98,0
84.77,19.8,98,0
84.89,19.79,98,0
85.01,19.77,98,0
85.14,19.77,98,0
85.26,19.77,98,0
85.38,19.77,98,0
85.5,19.76,98,0
85.62,19.75,98,0
85.75,19.75,98,0
85.87,19.75,98,0
85.99,19.73,98,0
86.11,19.73,98,0
86.24,19.73,98,0
86.36,19.72,98,0
86.48,19.7,98,0
86.6,19.71,98,0
86.72,19.7,98,0
86.85,19.69,98,0
86.97,19.68,98,0
87.09,19.67,98,0
87.21,19.68,98,0
87.33,19.67,98,0
87.46,19.67,98,0
87.58,19.66,98,0
87.7,19.65,98,0
87.82,19.65,98,0
87.95,19.64,98,0
88.07,19.64,98,0
88.19,19.62,98,0
88.31,19.63,98,0
88.43,19.62,98,0
88.56,19.62,98,0
88.68,19.62,98,0
88.8,19.61,98,0
88.92,19.6,98,0
89.05,19.59,98,0
89.17,19.59,98,0
89.29,19.58,98,0
89.41,19.57,98,0
89.53,19.56,98,0
89.66,19.56,98,0
89.78,19.56,98,0
89.9,19.55,98,0
90.02,19.55,98,0
90.14,19.54,98,0
90.27,19.53,98,0
90.39,19.53,98,0
90.51,19.51,98,0
90.63,19.53,98,0
90.76,19.52,98,0
90.88,19.5,98,0
91.0,19.5,98,0
91.12,19.49,98,0
91.24,19.49,98,0
91.37,19.48,98,0
91.49,19.49,98,0
91.61,19.47,98,0
91.73,19.47,98,0
91.85,19.46,98,0
91.98,19.46,98,0
92.1,19.46,98,0
92.22,19.45,98,0
92.34,19.45,98,0
92.47,19.43,98,0
92.59,19.44,98,0
92.71,19.43,98,0
92.83,19.43,98,0
92.95,19.42,98,0
93.08,19.41,98,0
93.2,19.41,98,0
93.32,19.4,98,0
93.44,19.4,98,0
93.56,19.39,98,0
93.69,19.38,98,0
93.81,19.38,98,0
93.93,19.37,98,0
94.05,19.36,98,0
94.18,19.36,98,0
94.3,19.35,98,0
94.42,19.35,98,0
94.54,19.35,98,0
94.66,19.34,98,0
94.79,19.33,98,0
94.91,19.33,98,0
95.03,19.33,98,0
95.15,19.32,98,0
95.28,19.31,98,0
95.4,19.3,98,0
95.52,19.31,98,0
95.64,19.29,98,0
95.76,19.29,98,0
95.89,19.28,98,0
96.01,19.28,98,0
96.13,19.27,98,0
96.25,19.27,98,0
96.37,19.27,98,0
96.5,19.26,98,0
96.62,19.26,98,0
96.74,19.25,98,0
96.86,19.25,98,0
96.99,19.25,98,0
97.11,19.24,98,0
97.23,19.23,98,0
97.35,19.22,98,0
97.47,19.23,98,0
97.6,19.22,98,0
97.72,19.22,98,0
97.84,19.21,98,0
97.96,19.2,98,0
98.08,19.19,98,0
98.21,19.19,98,0
98.33,19.19,98,0
98.45,19.18,98,0
98.57,19.18,98,0
98.7,19.18,98,0
98.82,19.16,98,0
98.94,19.16,98,0
99.06,19.15,98,0
99.18,19.13,98,0
99.31,19.14,98,0
99.43,19.13,98,0
99.55,19.13,98,0
99.67,19.12,98,0
99.79,19.13,98,0
99.92,19.12,98,0
100.04,19.11,98,0
100.16,19.1,98,0
100.28,19.11,98,0
100.41,19.1,98,0
100.53,19.09,98,0
100.65,19.09,98,0
100.77,19.09,98,0
100.89,19.1,98,0
101.02,19.08,98,0
101.14,19.07,98,0
101.26,19.06,98,0
101.38,19.07,98,0
101.51,19.05,98,0
101.63,19.06,98,0
101.75,19.03,98,0
101.87,19.04,98,0
101.99,19.03,98,0
102.12,19.03,98,0
102.24,19.01,98,0
102.36,19.02,98,0
102.48,19.02,98,0
102.6,19.02,98,0
102.73,19.01,98,0
102.85,18.99,98,0
102.97,18.99,98,0
103.09,18.98,98,0
103.22,18.98,98,0
103.34,18.97,98,0
103.46,18.98,98,0
103.58,18.98,98,0
103.7,18.98,98,0
103.83,18.97,98,0
103.95,18.97,98,0
104.07,18.96,98,0
104.19,18.97,98,0
104.31,18.96,98,0
104.44,18.95,98,0
104.56,18.94,98,0
104.68,18.94,98,0
104.8,18.93,98,0
104.93,18.93,98,0
105.05,18.93,98,0
105.17,18.93,98,0
105.29,18.93,98,0
105.41,18.92,98,0
105.54,18.91,98,0
105.66,18.9,98,0
105.78,18.91,98,0
105.9,18.91,98,0
106.02,18.89,98,0
106.15,18.87,98,0
106.27,18.87,98,0
106.39,18.9,98,0
106.51,18.89,98,0
106.64,18.87,98,0
106.76,18.89,98,0
106.88,18.87,98,0
107.0,18.87,98,0
107.12,18.85,98,0
107.25,18.85,98,0
107.37,18.86,98,0
107.49,18.85,98,0
107.61,18.82,98,0
107.74,18.83,98,0
107.86,18.84,98,0
107.98,18.82,98,0
108.1,18.84,98,0
108.22,18.84,98,0
108.35,18.84,98,0
108.47,18.82,98,0
108.59,18.81,98,0
108.71,18.81,98,0
108.83,18.81,98,0
108.96,18.81,98,0
109.08,18.81,98,0
109.2,18.81,98,0
109.32,18.79,98,0
109.45,18.79,98,0
109.57,18.79,98,0
109.69,18.79,98,0
109.81,18.77,98,0
109.93,18.78,98,0
110.06,18.79,98,0
110.18,18.79,98,0
110.3,18.77,98,0
110.42,18.77,98,0
110.54,18.77,98,0
110.67,18.76,98,0
110.79,18.75,98,0
110.91,18.74,98,0
111.04,18.73,98,0
111.16,18.74,98,0
111.28,18.73,98,0
111.4,18.74,98,0
111.52,18.74,98,0
111.64,18.74,98,0
111.77,18.72,98,0
111.89,18.72,98,0
112.01,18.71,98,0
112.13,18.71,98,0
112.26,18.7,98,0
112.38,18.71,98,0
112.5,18.71,98,0
112.62,18.71,98,0
112.75,18.69,98,0
112.87,18.68,98,0
112.99,18.69,98,0
113.11,18.68,98,0
113.23,18.67,98,0
113.36,18.68,98,0
113.48,18.66,98,0
113.6,18.66,98,0
113.72,18.66,98,0
113.84,18.64,98,0
113.97,18.65,98,0
114.09,18.63,98,0
114.21,18.63,98,0
114.33,18.63,98,0
114.45,18.63,98,0
114.58,18.63,98,0
114.7,18.63,98,0
114.82,18.62,98,0
114.94,18.61,98,0
115.07,18.61,98,0
115.19,18.61,98,0
115.31,18.62,98,0
115.43,18.59,98,0
115.55,18.59,98,0
115.68,18.59,98,0
115.8,18.59,98,0
115.92,18.59,98,0
116.04,18.58,98,0
116.17,18.58,98,0
116.29,18.57,98,0
116.41,18.56,98,0
116.53,18.56,98,0
116.65,18.55,98,0
116.78,18.55,98,0
116.9,18.55,98,0
117.02,18.54,98,0
117.14,18.55,98,0
117.26,18.53,98,0
117.39,18.54,98,0
117.51,18.53,98,0
117.63,18.55,98,0
117.75,18.52,98,0
117.88,18.52,98,0
118.0,18.53,98,0
118.12,18.52,98,0
118.24,18.52,98,0
118.36,18.5,98,0
118.49,18.5,98,0
118.61,18.49,98,0
118.73,18.49,98,0
118.85,18.49,98,0
118.98,18.48,98,0
119.1,18.49,98,0
119.22,18.47,98,0
119.34,18.47,98,0
119.46,18.48,98,0
119.59,18.48,98,0
119.71,18.47,98,0
119.83,18.46,98,0
119.95,18.46,98,0
120.07,18.45,98,0
120.2,18.45,98,0
120.32,18.45,98,0
120.44,18.45,98,0
120.56,18.43,98,0
120.69,18.43,98,0
120.81,18.43,98,0
120.93,18.43,98,0
121.05,18.44,98,0
121.18,18.44,98,0
121.3,18.43,98,0
121.42,18.42,98,0
121.54,18.42,98,0
121.66,18.42,98,0
121.79,18.42,98,0
121.91,18.41,98,0
122.03,18.41,98,0
122.15,18.41,98,0
122.27,18.42,98,0
122.4,18.4,98,0
122.52,18.41,98,0
122.64,18.39,98,0
122.76,18.39,98,0
122.89,18.4,98,0
123.01,18.39,98,0
123.13,18.4,98,0
123.25,18.38,98,0
123.37,18.39,98,0
123.5,18.38,98,0
123.62,18.39,98,0
123.74,18.38,98,0
123.86,18.37,98,0
123.98,18.37,98,0
124.11,18.36,98,0
124.23,18.37,98,0
124.35,18.37,98,0
124.47,18.36,98,0
124.6,18.36,98,0
124.72,18.36,98,0
124.84,18.36,98,0
124.96,18.35,98,0
125.08,18.35,98,0
125.21,18.34,98,0
125.33,18.34,98,0
125.45,18.34,98,0
125.57,18.34,98,0
125.7,18.35,98,0
125.82,18.32,98,0
125.94,18.33,98,0
126.06,18.33,98,0
126.18,18.32,98,0
126.31,18.33,98,0
126.43,18.32,98,0
126.55,18.32,98,0
126.67,18.32,98,0
126.79,18.31,98,0
126.92,18.31,98,0
127.04,18.31,98,0
127.16,18.31,98,0
127.28,18.3,98,0
127.41,18.31,98,0
127.53,18.31,98,0
127.65,18.29,98,0
127.77,18.3,98,0
127.89,18.3,98,0
128.02,18.29,98,0
128.14,18.28,98,0
128.26,18.28,98,0
128.38,18.29,98,0
128.51,18.29,98,0
128.63,18.28,98,0
128.75,18.27,98,0
128.87,18.26,98,0
129.0,18.27,98,0
129.12,18.27,98,0
129.24,18.27,98,0
129.36,18.26,98,0
129.48,18.26,98,0
129.61,18.26,98,0
129.73,18.26,98,0
129.85,18.25,98,0
129.97,18.24,98,0
130.1,18.24,98,0
130.22,18.24,98,0
130.34,18.24,98,0
130.46,18.23,98,0
130.58,18.24,98,0
130.71,18.24,98,0
130.83,18.23,98,0
130.95,18.22,98,0
131.07,18.23,98,0
131.19,18.22,98,0
131.32,18.22,98,0
131.44,18.21,98,0
131.56,18.21,98,0
131.68,18.21,98,0
131.8,18.2,98,0
131.93,18.21,98,0
132.05,18.19,98,0
132.17,18.2,98,0
132.29,18.19,98,0
132.42,18.18,98,0
132.54,18.18,98,0
132.66,18.17,98,0
132.78,18.18,98,0
132.9,18.18,98,0
133.03,18.16,98,0
133.15,18.16,98,0
133.27,18.16,98,0
133.39,18.17,98,0
133.52,18.16,98,0
133.64,18.16,98,0
133.76,18.16,98,0
133.88,18.14,98,0
134.0,18.15,98,0
134.13,18.15,98,0
134.25,18.16,98,0
134.37,18.14,98,0
134.49,18.13,98,0
134.62,18.13,98,0
134.74,18.14,98,0
134.86,18.12,98,0
134.98,18.11,98,0
135.1,18.12,98,0
135.23,18.12,98,0
135.35,18.11,98,0
135.47,18.11,98,0
135.59,18.12,98,0
135.71,18.11,98,0
135.84,18.11,98,0
135.96,18.11,98,0
136.08,18.09,98,0
136.2,18.1,98,0
136.33,18.1,98,0
136.45,18.09,98,0
136.57,18.1,98,0
136.69,18.08,98,0
136.81,18.09,98,0
136.94,18.08,98,0
137.06,18.08,98,0
137.18,18.07,98,0
137.3,18.07,98,0
137.43,18.06,98,0
137.55,18.06,98,0
137.67,18.05,98,0
137.79,18.05,98,0
137.91,18.04,98,0
138.04,18.04,98,0
138.16,18.04,98,0
138.28,18.04,98,0
138.4,18.03,98,0
138.52,18.03,98,0
138.65,18.03,98,0
138.77,18.03,98,0
138.89,18.03,98,0
139.01,18.04,98,0
139.14,18.02,98,0
139.26,18.03,98,0
139.38,18.03,98,0
139.5,18.02,98,0
139.62,18.02,98,0
139.75,18.01,98,0
139.87,18.01,98,0
139.99,18.0,98,0
140.11,18.0,98,0
140.23,17.99,98,0
140.36,17.99,98,0
140.48,17.98,98,0
140.6,17.98,98,0
140.72,17.98,98,0
140.85,17.97,98,0
140.97,17.97,98,0
141.09,17.98,98,0
141.21,17.97,98,0
141.33,17.97,98,0
141.46,17.96,98,0
141.58,17.97,98,0
141.7,17.96,98,0
141.82,17.97,98,0
141.95,17.95,98,0
142.07,17.96,98,0
142.19,17.96,98,0
142.31,17.93,98,0
142.43,17.92,98,0
142.56,17.95,98,0
142.68,17.95,98,0
142.8,17.94,98,0
142.92,17.95,98,0
143.04,17.94,98,0
143.17,17.93,98,0
143.29,17.94,98,0
143.41,17.93,98,0
143.53,17.92,98,0
143.66,17.93,98,0
143.78,17.92,98,0
143.9,17.92,98,0
144.02,17.91,98,0
144.14,17.91,98,0
144.27,17.91,98,0
144.39,17.9,98,0
144.51,17.9,98,0
144.63,17.89,98,0
144.76,17.9,98,0
144.88,17.88,98,0
145.0,17.9,98,0
145.12,17.89,98,0
145.24,17.89,98,0
145.37,17.89,98,0
145.49,17.88,98,0
145.61,17.89,98,0
145.73,17.87,98,0
145.86,17.87,98,0
145.98,17.88,98,0
146.1,17.87,98,0
146.22,17.87,98,0
146.34,17.86,98,0
146.47,17.86,98,0
146.59,17.86,98,0
146.71,17.86,98,0
146.83,17.85,98,0
146.95,17.85,98,0
147.08,17.85,98,0
147.2,17.86,98,0
147.32,17.85,98,0
147.44,17.84,98,0
147.57,17.84,98,0
147.69,17.82,98,0
147.81,17.83,98,0
147.93,17.82,98,0
148.05,17.83,98,0
148.18,17.83,98,0
148.3,17.84,98,0
148.42,17.83,98,0
148.54,17.83,98,0
148.66,17.82,98,0
148.79,17.82,98,0
148.91,17.83,98,0
149.03,17.81,98,0
149.15,17.82,98,0
0.12,17.98,0,1
0.24,18.03,0,1
0.36,18.07,0,1
0.49,18.12,0,1
0.61,18.17,0,1
0.73,18.22,0,1
0.85,18.27,0,1
0.98,18.32,0,1
1.1,18.37,0,1
1.22,18.42,0,1
1.34,18.48,0,1
1.47,18.52,0,0
1.59,18.58,0,0
1.71,18.63,0,0
1.83,18.69,0,0
1.95,18.74,0,0
2.08,18.79,0,0
2.2,18.84,0,0
2.32,18.89,0,0
2.44,18.95,0,0
2.56,18.99,0,0
2.69,19.05,0,0
2.81,19.1,0,0
2.93,19.14,0,0
3.05,19.2,0,0
3.17,19.24,0,0
3.3,19.29,0,0
3.42,19.34,0,0
3.54,19.39,0,0
3.66,19.44,0,0
3.78,19.49,0,0
3.91,19.54,0,0
4.03,19.58,0,0
4.15,19.64,0,0
4.27,19.68,0,0
4.39,19.73,0,0
4.51,19.77,0,0
4.64,19.82,0,0
4.76,19.86,0,0
4.88,19.9,0,0
5.0,19.95,0,0
5.13,19.99,0,0
5.25,20.04,0,0
5.37,20.08,0,0
5.49,20.13,0,0
5.61,20.17,0,0
5.74,20.21,0,0
5.86,20.25,0,1
5.98,20.29,0,1
6.1,20.33,0,1
6.22,20.37,0,1
6.35,20.42,0,1
6.47,20.45,0,1
6.59,20.5,0,1
6.71,20.53,0,1
6.84,20.57,0,1
6.96,20.61,0,1
7.08,20.65,0,1
7.2,20.69,0,1
7.32,20.73,0,1
7.45,20.77,0,1
7.57,20.8,0,1
7.69,20.84,0,1
7.81,20.88,0,1
7.93,20.92,0,1
8.06,20.95,0,1
8.18,20.99,0,1
8.3,21.03,0,1
8.42,21.07,0,1
8.54,21.1,0,1
8.67,21.14,0,1
8.79,21.18,0,1
8.91,21.21,0,1
9.03,21.25,0,1
9.15,21.29,0,1
9.27,21.31,0,1
9.4,21.35,0,1
9.52,21.38,0,1
9.64,21.42,0,1
9.76,21.45,9,1
9.89,21.48,54,1
10.01,21.5,117,1
10.13,21.55,117,1
10.26,21.58,117,1
10.38,21.62,117,1
10.5,21.68,117,1
10.62,21.76,117,1
10.74,21.84,117,1
10.87,21.92,126,1
10.99,22.03,126,1
11.11,22.16,126,1
11.23,22.28,126,1
11.35,22.4,126,1
11.48,22.57,126,1
11.6,22.72,126,1
11.72,22.88,126,1
11.84,23.06,126,1
11.97,23.23,126,1
12.09,23.42,126,1
12.21,23.6,126,1
12.33,23.78,126,1
12.45,23.96,126,1
12.58,24.16,126,1
12.7,24.35,126,1
12.82,24.54,126,1
12.94,24.75,126,1
13.07,24.95,126,1
13.19,25.15,126,1
13.31,25.35,126,1
13.43,25.55,126,1
13.55,25.76,126,1
13.68,25.97,126,1
13.8,26.17,126,1
13.92,26.37,126,1
14.04,26.57,126,1
14.17,26.77,126,1
14.29,26.97,126,1
14.41,27.18,126,1
14.53,27.37,126,1
14.65,27.57,126,1
14.78,27.76,126,1
14.9,27.96,126,1
15.02,28.16,126,1
15.14,28.36,126,1
15.27,28.54,126,1
15.39,28.74,126,1
15.51,28.93,126,1
15.63,29.13,126,1
15.76,29.31,126,1
15.88,29.5,126,1
16.0,29.69,126,1
16.12,29.88,126,1
16.24,30.07,126,1
16.36,30.25,126,1
16.49,30.42,126,1
16.61,30.6,126,1
16.73,30.78,126,1
16.85,30.96,126,1
16.98,31.14,126,1
17.1,31.31,126,1
17.22,31.48,126,1
17.34,31.65,126,1
17.46,31.83,126,1
17.59,31.98,126,1
17.71,32.18,126,1
17.83,32.33,126,1
17.95,32.49,126,1
18.08,32.67,126,1
18.2,32.83,126,1
18.32,32.98,126,1
18.44,33.14,126,1
18.56,33.32,126,1
18.69,33.48,126,1
18.81,33.64,126,1
18.93,33.8,126,1
19.05,33.95,126,1
19.18,34.11,126,1
19.3,34.27,126,1
19.42,34.43,126,1
19.54,34.58,126,1
19.66,34.72,126,1
19.79,34.9,126,1
19.91,35.04,126,1
20.03,35.21,126,1
20.15,35.38,126,1
20.28,35.5,126,1
20.4,35.67,126,1
20.52,35.82,126,1
20.64,35.98,126,1
20.76,36.13,126,1
20.89,36.26,126,1
21.01,36.43,126,1
21.13,36.56,126,1
21.25,36.7,126,1
21.38,36.86,126,1
21.5,37.01,126,1
21.62,37.15,126,1
21.74,37.28,126,1
21.86,37.43,126,1
21.99,37.57,126,1
22.11,37.72,126,1
22.23,37.86,126,1
22.35,37.99,126,1
22.47,38.13,126,1
22.6,38.27,126,1
22.72,38.4,126,1
22.84,38.55,126,1
22.96,38.69,126,1
23.09,38.81,126,1
23.21,38.95,126,1
23.33,39.1,126,1
23.45,39.22,126,1
23.57,39.36,126,1
23.7,39.49,126,1
23.82,39.61,126,1
23.94,39.75,126,1
24.06,39.88,126,1
24.19,40.02,126,1
24.31,40.15,126,1
24.43,40.28,126,1
24.55,40.4,126,1
24.68,40.53,126,1
24.8,40.67,126,1
24.92,40.79,126,1
25.04,40.91,126,1
25.16,41.05,126,1
25.29,41.17,126,1
25.41,41.29,126,1
25.53,41.42,126,1
25.65,41.54,126,1
25.78,41.68,126,1
25.9,41.78,126,1
26.02,41.91,126,1
26.14,42.04,126,1
26.26,42.16,126,1
26.39,42.28,126,1
26.51,42.41,126,1
26.63,42.53,126,1
26.75,42.65,126,1
26.87,42.78,126,1
27.0,42.89,126,1
27.12,43.02,126,1
27.24,43.13,126,1
27.36,43.25,126,1
27.49,43.37,126,1
27.61,43.49,126,1
27.73,43.61,126,1
27.85,43.71,126,1
27.97,43.84,126,1
28.1,43.95,126,1
28.22,44.06,126,1
28.34,44.18,126,1
28.46,44.31,126,1
28.59,44.42,126,1
28.71,44.53,126,1
28.83,44.64,126,1
28.95,44.76,126,1
29.07,44.86,126,1
29.2,44.99,126,1
29.32,45.1,126,1
29.44,45.21,126,1
29.56,45.32,126,1
29.69,45.43,126,1
29.81,45.54,126,1
0.12,48.81,0,1
0.24,48.78,0,1
0.36,48.74,0,1
0.49,48.7,0,1
0.61,48.66,0,1
0.73,48.61,0,1
0.85,48.55,0,1
0.98,48.5,0,1
1.1,48.43,0,1
1.22,48.37,0,1
1.34,48.3,0,1
1.47,48.24,0,1
1.59,48.17,0,1
1.71,48.09,0,1
1.83,48.03,0,1
1.95,47.95,0,1
2.08,47.88,0,1
2.2,47.8,0,1
2.32,47.73,0,1
2.44,47.65,0,1
2.57,47.58,0,0
2.69,47.5,0,0
2.81,47.42,130,0
2.93,47.34,130,0
3.05,47.26,130,0
3.18,47.2,130,0
3.3,47.1,130,0
3.42,47.02,130,0
3.54,46.92,130,0
3.66,46.81,130,0
3.79,46.71,130,0
3.91,46.59,130,0
4.03,46.47,130,0
4.15,46.36,130,0
4.28,46.25,130,0
4.4,46.13,130,0
4.52,45.98,130,0
4.64,45.87,130,0
4.76,45.74,130,0
4.89,45.6,130,0
5.01,45.47,130,0
5.13,45.34,130,0
5.25,45.2,130,0
5.37,45.08,130,0
5.5,44.96,130,0
5.62,44.83,130,0
5.74,44.7,130,0
5.86,44.56,130,0
5.99,44.43,130,0
6.11,44.31,130,0
6.23,44.18,130,0
6.35,44.05,130,0
6.47,43.93,130,0
6.6,43.8,130,0
6.72,43.68,130,0
6.84,43.55,130,0
6.96,43.43,130,0
7.09,43.31,130,0
7.21,43.18,130,0
7.33,43.06,130,0
7.45,42.95,130,0
7.57,42.84,130,0
7.7,42.72,130,0
7.82,42.61,130,0
7.94,42.5,130,0
8.06,42.39,130,0
8.18,42.28,130,0
8.31,42.16,130,0
8.43,42.05,130,0
8.55,41.95,130,0
8.67,41.83,130,0
8.8,41.74,130,0
8.92,41.63,130,0
9.04,41.52,130,0
9.16,41.42,130,0
9.28,41.32,130,0
9.41,41.22,130,0
9.53,41.12,130,0
9.65,41.03,130,0
9.77,40.92,130,0
9.89,40.84,130,0
10.02,40.73,130,0
10.14,40.64,130,0
10.26,40.55,130,0
10.38,40.45,130,0
10.51,40.36,130,0
10.63,40.27,130,0
10.75,40.19,130,0
10.87,40.09,130,0
10.99,39.99,130,0
11.12,39.91,130,0
11.24,39.82,130,0
11.36,39.74,130,0
11.48,39.66,130,0
11.61,39.57,130,0
11.73,39.5,130,0
11.85,39.4,130,0
11.97,39.33,130,0
12.09,39.24,130,0
12.22,39.16,130,0
12.34,39.09,130,0
12.46,39.0,130,0
12.58,38.93,130,0
12.71,38.85,130,0
12.83,38.77,130,0
12.95,38.69,130,0
13.07,38.61,130,0
13.19,38.54,130,0
13.32,38.46,130,0
13.44,38.4,130,0
13.56,38.33,130,0
13.68,38.25,130,0
13.81,38.18,130,0
13.93,38.1,130,0
14.05,38.04,130,0
14.17,37.96,130,0
14.3,37.9,130,0
14.42,37.84,130,0
14.54,37.76,130,0
14.66,37.67,130,0
14.78,37.62,130,0
14.9,37.54,130,0
15.03,37.49,130,0
15.15,37.41,130,0
15.27,37.34,130,0
15.39,37.28,130,0
15.52,37.21,130,0
15.64,37.14,130,0
15.76,37.08,130,0
15.88,37.01,130,0
16.0,36.96,130,0
16.13,36.88,130,0
16.25,36.82,130,0
16.37,36.76,130,0
16.49,36.7,130,0
16.62,36.64,130,0
16.74,36.57,130,0
16.86,36.51,130,0
16.98,36.45,130,0
17.1,36.39,130,0
17.23,36.33,130,0
17.35,36.27,130,0
17.47,36.2,130,0
17.59,36.15,130,0
17.72,36.09,130,0
17.84,36.03,130,0
17.96,35.97,130,0
18.08,35.91,130,0
18.2,35.84,130,0
18.33,35.79,130,0
18.45,35.73,130,0
18.57,35.67,130,0
18.69,35.62,130,0
18.82,35.56,130,0
18.94,35.5,130,0
19.06,35.44,130,0
19.18,35.38,130,0
19.3,35.34,130,0
19.43,35.28,130,0
19.55,35.23,130,0
19.67,35.17,130,0
19.79,35.11,130,0
19.92,35.06,130,0
20.04,35.01,130,0
20.16,34.95,130,0
20.28,34.89,130,0
20.4,34.83,130,0
20.53,34.79,130,0
20.65,34.74,130,0
20.77,34.68,130,0
20.89,34.62,130,0
21.02,34.56,130,0
21.14,34.52,130,0
21.26,34.46,130,0
21.38,34.41,130,0
21.5,34.37,130,0
21.63,34.31,130,0
21.75,34.25,130,0
21.87,34.21,130,0
21.99,34.16,130,0
22.12,34.1,130,0
22.24,34.05,130,0
22.36,34.0,130,0
22.48,33.96,130,0
22.6,33.9,130,0
22.73,33.85,130,0
22.85,33.8,130,0
22.97,33.76,130,0
23.09,33.7,130,0
23.22,33.64,130,0
23.34,33.6,130,0
23.46,33.55,130,0
23.58,33.5,130,0
23.7,33.45,130,0
23.83,33.4,130,0
23.95,33.35,130,0
24.07,33.3,130,0
24.19,33.27,130,0
24.31,33.22,130,0
24.44,33.17,130,0
24.56,33.11,130,0
24.68,33.07,130,0
24.8,33.01,130,0
24.93,32.97,130,0
25.05,32.92,130,0
25.17,32.88,130,0
25.29,32.84,130,0
25.42,32.79,130,0
25.54,32.74,130,0
25.66,32.7,130,0
25.78,32.65,130,0
25.9,32.61,130,0
26.02,32.57,130,0
26.15,32.51,130,0
26.27,32.47,130,0
26.39,32.43,130,0
26.51,32.38,130,0
26.64,32.33,130,0
26.76,32.28,130,0
26.88,32.24,130,0
27.0,32.2,130,0
27.12,32.14,130,0
27.25,32.09,130,0
27.37,32.05,130,0
27.49,32.01,130,0
27.61,31.98,130,0
27.74,31.92,130,0
27.86,31.88,130,0
27.98,31.84,130,0
28.1,31.79,130,0
28.22,31.74,130,0
28.35,31.71,130,0
28.47,31.66,130,0
28.59,31.61,130,0
28.71,31.57,130,0
28.84,31.53,130,0
28.96,31.5,130,0
29.08,31.46,130,0
29.2,31.41,130,0
29.32,31.36,130,0
29.45,31.32,130,0
29.57,31.28,130,0
29.69,31.23,130,0
29.81,31.19,130,0
29.94,31.15,130,0
30.06,31.11,130,0
30.18,31.05,130,0
30.3,31.02,130,0
30.42,30.99,130,0
30.55,30.94,130,0
30.67,30.9,130,0
30.79,30.85,130,0
30.91,30.82,130,0
31.04,30.77,130,0
31.16,30.73,130,0
31.28,30.69,130,0
31.4,30.64,130,0
31.52,30.61,130,0
31.65,30.56,130,0
31.77,30.53,130,0
31.89,30.48,130,0
32.01,30.46,130,0
32.14,30.4,130,0
32.26,30.36,130,0
32.38,30.32,130,0
32.5,30.29,130,0
32.62,30.24,130,0
32.75,30.2,130,0
32.87,30.16,130,0
32.99,30.12,130,0
33.11,30.08,130,0
33.24,30.04,130,0
33.36,30.0,130,0
33.48,29.97,130,0
33.6,29.93,130,0
33.72,29.88,130,0
33.85,29.86,130,0
33.97,29.8,130,0
34.09,29.76,130,0
34.21,29.72,130,0
34.34,29.69,130,0
34.46,29.65,130,0
34.58,29.61,130,0
34.7,29.57,130,0
34.83,29.53,130,0
34.95,29.49,130,0
35.07,29.45,130,0
35.19,29.42,130,0
35.31,29.38,130,0
35.44,29.35,130,0
35.56,29.31,130,0
35.68,29.26,130,0
35.8,29.22,130,0
35.92,29.19,130,0
36.05,29.16,130,0
36.17,29.12,130,0
36.29,29.07,130,0
36.41,29.04,130,0
36.54,28.99,130,0
36.66,28.97,130,0
36.78,28.93,130,0
36.9,28.9,130,0
37.02,28.86,130,0
37.15,28.83,130,0
37.27,28.78,130,0
37.39,28.75,130,0
37.51,28.71,130,0
37.63,28.68,130,0
37.76,28.64,130,0
37.88,28.6,130,0
38.0,28.57,130,0
38.12,28.53,130,0
38.25,28.49,130,0
38.37,28.46,130,0
38.49,28.42,130,0
38.61,28.4,130,0
38.73,28.36,130,0
38.86,28.32,130,0
38.98,28.29,130,0
39.1,28.25,130,0
39.22,28.21,130,0
39.35,28.17,130,0
39.47,28.14,130,0
39.59,28.12,130,0
39.71,28.07,130,0
39.83,28.03,130,0
39.96,28.01,130,0
40.08,27.97,130,0
40.2,27.94,130,0
40.32,27.9,130,0
40.45,27.86,130,0
40.57,27.82,130,0
40.69,27.8,130,0
40.81,27.76,130,0
40.93,27.72,130,0
41.06,27.69,130,0
41.18,27.66,130,0
41.3,27.63,130,0
41.42,27.6,130,0
41.54,27.56,130,0
41.67,27.53,130,0
41.79,27.5,130,0
41.91,27.46,130,0
42.03,27.43,130,0
42.16,27.4,130,0
42.28,27.36,130,0
42.4,27.33,130,0
42.52,27.3,130,0
42.65,27.27,130,0
42.77,27.24,130,0
42.89,27.2,130,0
43.01,27.17,130,0
43.13,27.13,130,0
43.26,27.1,130,0
43.38,27.07,130,0
43.5,27.04,130,0
43.62,27.01,130,0
43.75,26.98,130,0
43.87,26.94,130,0
43.99,26.9,130,0
44.11,26.87,130,0
44.23,26.84,130,0
44.36,26.82,130,0
44.48,26.77,130,0
44.6,26.74,130,0
44.72,26.72,130,0
44.85,26.68,130,0
44.97,26.65,130,0
45.09,26.62,130,0
45.21,26.59,130,0
45.33,26.55,130,0
45.46,26.52,130,0
45.58,26.49,130,0
45.7,26.47,130,0
45.82,26.43,130,0
45.94,26.39,130,0
46.07,26.36,130,0
46.19,26.34,130,0
46.31,26.3,130,0
46.43,26.27,130,0
46.56,26.24,130,0
46.68,26.21,130,0
46.8,26.18,130,0
46.92,26.16,130,0
47.04,26.13,130,0
47.17,26.09,130,0
47.29,26.06,130,0
47.41,26.04,130,0
47.53,26.0,130,0
47.65,25.97,130,0
47.78,25.94,130,0
47.9,25.92,130,0
48.02,25.88,130,0
48.14,25.84,130,0
48.27,25.81,130,0
48.39,25.78,130,0
48.51,25.76,130,0
48.63,25.73,130,0
48.76,25.68,130,0
48.88,25.67,130,0
49.0,25.64,130,0
49.12,25.6,130,0
49.24,25.58,130,0
49.37,25.55,130,0
49.49,25.52,130,0
49.61,25.49,130,0
49.73,25.46,130,0
49.86,25.43,130,0
49.98,25.4,130,0
50.1,25.37,130,0
50.22,25.34,130,0
50.34,25.31,130,0
50.47,25.29,130,0
50.59,25.25,130,0
50.71,25.22,130,0
50.83,25.19,130,0
50.96,25.17,130,0
51.08,25.13,130,0
51.2,25.11,130,0
51.32,25.08,130,0
51.44,25.05,130,0
51.57,25.02,130,0
51.69,25.0,130,0
51.81,24.97,130,0
51.93,24.94,130,0
52.06,24.91,130,0
52.18,24.88,130,0
52.3,24.84,130,0
52.42,24.84,130,0
52.54,24.8,130,0
52.67,24.77,130,0
52.79,24.74,130,0
52.91,24.71,130,0
53.03,24.68,130,0
53.15,24.67,130,0
53.28,24.63,130,0
53.4,24.6,130,0
53.52,24.56,130,0
53.64,24.54,130,0
53.77,24.52,130,0
53.89,24.49,130,0
54.01,24.46,130,0
54.13,24.44,130,0
54.26,24.41,130,0
54.38,24.38,130,0
54.5,24.35,130,0
54.62,24.32,130,0
54.74,24.31,130,0
54.87,24.28,130,0
54.99,24.24,130,0
55.11,24.22,130,0
55.23,24.2,130,0
55.36,24.17,130,0
55.48,24.16,130,0
55.6,24.12,130,0
55.72,24.1,130,0
55.84,24.07,130,0
55.97,24.03,130,0
56.09,24.01,130,0
56.21,23.99,130,0
56.33,23.96,130,0
56.46,23.94,130,0
56.58,23.91,130,0
56.7,23.88,130,0
56.82,23.86,130,0
56.94,23.83,130,0
57.06,23.81,130,0
57.19,23.78,130,0
57.31,23.75,130,0
57.43,23.73,130,0
57.55,23.71,130,0
57.68,23.68,130,0
57.8,23.63,130,0
57.92,23.61,130,0
58.04,23.6,130,0
58.17,23.58,130,0
58.29,23.55,130,0
58.41,23.52,130,0
58.53,23.49,130,0
58.65,23.46,130,0
58.78,23.45,130,0
58.9,23.43,130,0
59.02,23.4,130,0
59.14,23.37,130,0
59.27,23.34,130,0
59.39,23.32,130,0
59.51,23.3,130,0
59.63,23.27,130,0
59.75,23.24,130,0
59.88,23.22,130,0
60.0,23.19,130,0
60.12,23.17,130,0
60.24,23.15,130,0
60.36,23.12,130,0
60.49,23.11,130,0
60.61,23.05,130,0
60.73,23.04,130,0
60.85,23.02,130,0
60.98,23.0,130,0
61.1,22.98,130,0
61.22,22.95,130,0
61.34,22.94,130,0
61.46,22.9,130,0
61.59,22.88,130,0
61.71,22.85,130,0
61.83,22.83,130,0
61.95,22.8,130,0
62.08,22.78,130,0
62.2,22.77,130,0
62.32,22.73,130,0
62.44,22.71,130,0
62.56,22.69,130,0
62.69,22.66,130,0
62.81,22.65,130,0
62.93,22.62,130,0
63.05,22.6,130,0
63.18,22.58,130,0
63.3,22.55,130,0
63.42,22.51,130,0
63.54,22.51,130,0
63.66,22.48,130,0
63.79,22.46,130,0
63.91,22.44,130,0
64.03,22.4,130,0
64.15,22.38,130,0
64.27,22.37,130,0
64.4,22.34,130,0
64.52,22.31,130,0
64.64,22.28,130,0
64.76,22.27,130,0
64.89,22.24,130,0
65.01,22.22,130,0
65.13,22.2,130,0
65.25,22.18,130,0
65.37,22.15,130,0
65.5,22.13,130,0
65.62,22.1,130,0
65.74,22.08,130,0
65.86,22.05,130,0
65.99,22.04,130,0
66.11,22.01,130,0
66.23,21.99,130,0
66.35,21.97,130,0
66.47,21.96,130,0
66.6,21.93,130,0
66.72,21.9,130,0
66.84,21.88,130,0
66.96,21.86,130,0
67.09,21.84,130,0
67.21,21.81,130,0
67.33,21.8,130,0
67.45,21.77,130,0
67.57,21.75,130,0
67.7,21.72,130,0
67.82,21.71,130,0
67.94,21.68,130,0
68.06,21.66,130,0
68.19,21.64,130,0
68.31,21.61,130,0
68.43,21.59,130,0
68.55,21.57,130,0
68.67,21.54,130,0
68.8,21.53,130,0
68.92,21.5,130,0
69.04,21.49,130,0
69.16,21.47,130,0
69.29,21.44,130,0
69.41,21.42,130,0
69.53,21.4,130,0
69.65,21.37,130,0
69.77,21.36,130,0
69.9,21.35,130,0
70.02,21.32,130,0
70.14,21.29,130,0
70.26,21.28,130,0
70.38,21.26,130,0
70.51,21.23,130,0
70.63,21.22,130,0
70.75,21.19,130,0
70.87,21.17,130,0
71.0,21.14,130,0
71.12,21.12,130,0
71.24,21.1,130,0
71.36,21.07,130,0
71.48,21.06,130,0
71.61,21.04,130,0
71.73,21.02,130,0
71.85,20.99,130,0
71.97,20.98,130,0
72.09,20.96,130,0
72.22,20.93,130,0
72.34,20.91,130,0
72.46,20.9,130,0
72.58,20.88,130,0
72.71,20.86,130,0
72.83,20.84,130,0
72.95,20.83,130,0
73.07,20.81,130,0
73.19,20.79,130,0
73.32,20.76,130,0
73.44,20.74,130,0
73.56,20.72,130,0
73.68,20.7,130,0
73.8,20.68,130,0
73.93,20.66,130,0
74.05,20.64,130,0
74.17,20.61,130,0
74.29,20.59,130,0
74.42,20.58,130,0
74.54,20.57,130,0
74.66,20.54,130,0
74.78,20.52,130,0
74.9,20.5,130,0
75.03,20.47,130,0
75.15,20.45,130,0
75.27,20.42,130,0
75.39,20.43,130,0
75.52,20.39,130,0
75.64,20.39,130,0
75.76,20.35,130,0
75.88,20.34,130,0
76.0,20.32,130,0
76.13,20.3,130,0
76.25,20.28,130,0
76.37,20.26,130,0
76.49,20.24,130,0
76.62,20.23,130,0
76.74,20.21,130,0
76.86,20.2,130,0
76.98,20.14,130,0
77.11,20.17,130,0
77.23,20.13,130,0
77.35,20.1,130,0
77.47,20.09,130,0
77.59,20.1,130,0
77.72,20.07,130,0
77.84,20.02,130,0
77.96,20.03,130,0
78.08,20.02,130,0
78.2,19.99,130,0
78.33,19.96,130,0
78.45,19.94,130,0
78.57,19.93,130,0
78.69,19.91,130,0
78.82,19.89,130,0
78.94,19.87,130,0
79.06,19.85,130,0
79.18,19.83,130,0
79.3,19.82,130,0
79.43,19.8,130,0
79.55,19.78,130,0
79.67,19.76,130,0
79.79,19.74,130,0
79.92,19.73,130,0
80.04,19.7,130,0
80.16,19.69,130,0
80.28,19.67,130,0
80.4,19.65,130,0
80.53,19.63,130,0
80.65,19.62,130,0
80.77,19.6,130,0
80.89,19.58,130,0
81.01,19.56,130,0
81.14,19.55,130,0
81.26,19.53,130,0
81.38,19.5,130,0
81.5,19.49,130,0
81.63,19.46,130,0
81.75,19.44,130,0
81.87,19.43,130,0
81.99,19.42,130,0
82.11,19.41,130,0
82.24,19.38,130,0
82.36,19.35,130,0
82.48,19.35,130,0
82.6,19.33,130,0
82.72,19.32,130,0
82.85,19.29,130,0
82.97,19.28,130,0
83.09,19.26,130,0
83.21,19.25,130,0
83.34,19.23,130,0
83.46,19.21,130,0
83.58,19.18,130,0
83.7,19.17,130,0
83.82,19.16,130,0
83.95,19.14,130,0
84.07,19.13,130,0
84.19,19.11,130,0
84.31,19.09,130,0
84.43,19.08,130,0
84.56,19.05,130,0
84.68,19.03,130,0
84.8,19.02,130,0
84.92,19.0,130,0
85.05,19.0,130,0
85.17,18.97,130,0
85.29,18.96,130,0
85.41,18.94,130,0
85.54,18.92,130,0
85.66,18.9,130,0
85.78,18.88,130,0
85.9,18.88,130,0
86.02,18.85,130,0
86.15,18.85,130,0
86.27,18.83,130,0
86.39,18.82,130,0
86.51,18.8,130,0
86.63,18.8,130,0
86.76,18.76,130,0
86.88,18.75,130,0
87.0,18.73,130,0
87.12,18.7,130,0
87.25,18.69,130,0
87.37,18.68,130,0
87.49,18.67,130,0
87.61,18.64,130,0
87.73,18.62,130,0
87.86,18.61,130,0
87.98,18.6,130,0
88.1,18.58,130,0
88.22,18.56,130,0
88.34,18.56,130,0
88.47,18.54,130,0
88.59,18.51,130,0
88.71,18.5,130,0
88.83,18.49,130,0
88.96,18.49,130,0
89.08,18.45,130,0
89.2,18.44,130,0
89.32,18.43,130,0
89.44,18.44,130,0
89.57,18.4,130,0
89.69,18.38,130,0
89.81,18.36,130,0
89.93,18.34,130,0
90.05,18.32,130,0
90.18,18.3,130,0
90.3,18.31,130,0
90.42,18.29,130,0
90.54,18.26,130,0
90.67,18.26,130,0
90.79,18.24,130,0
90.91,18.23,130,0
91.03,18.21,130,0
91.15,18.2,130,0
91.28,18.19,130,0
91.4,18.16,130,0
91.52,18.16,130,0
91.64,18.13,130,0
91.77,18.12,130,0
91.89,18.11,130,0
92.01,18.09,130,0
92.13,18.06,130,0
92.25,18.04,130,0
92.38,18.03,130,0
92.5,18.01,130,0
92.62,18.0,130,0
92.74,17.99,130,0
92.86,17.98,130,0
92.99,17.96,130,0
93.11,17.96,130,0
93.23,17.93,130,0
93.36,17.93,130,0
93.48,17.92,130,0
93.6,17.9,130,0
93.72,17.89,130,0
93.84,17.86,130,0
93.96,17.86,130,0
94.09,17.84,130,0
94.21,17.82,130,0
94.33,17.81,130,0
94.45,17.81,130,0
94.58,17.78,130,0
94.7,17.77,130,0
94.82,17.76,130,0
94.94,17.75,130,0
95.06,17.73,130,0
95.19,17.72,130,0
95.31,17.69,130,0
95.43,17.69,130,0
95.55,17.67,130,0
95.68,17.64,130,0
95.8,17.63,130,0
95.92,17.62,130,0
96.04,17.6,130,0
96.16,17.59,130,0
96.29,17.59,130,0
96.41,17.57,130,0
96.53,17.56,130,0
96.65,17.54,130,0
96.78,17.53,130,0
96.9,17.52,130,0
97.02,17.5,130,0
97.14,17.49,130,0
97.26,17.48,130,0
97.39,17.46,130,0
97.51,17.44,130,0
97.63,17.43,130,0
97.75,17.43,130,0
97.87,17.39,130,0
98.0,17.38,130,0
98.12,17.37,130,0
98.24,17.35,130,0
98.36,17.35,130,0
98.49,17.33,130,0
98.61,17.32,130,0
98.73,17.33,130,0
98.85,17.3,130,0
98.97,17.28,130,0
99.1,17.29,130,0
99.22,17.25,130,0
99.34,17.25,130,0
99.46,17.23,130,0
99.58,17.21,130,0
99.71,17.19,130,0
99.83,17.19,130,0
99.95,17.19,130,0
100.07,17.17,130,0
100.2,17.14,130,0
100.32,17.14,130,0
100.44,17.11,130,0
100.56,17.11,130,0
100.68,17.09,130,0
100.81,17.09,130,0
100.93,17.07,130,0
101.05,17.06,130,0
101.17,17.06,130,0
101.3,17.04,130,0
101.42,17.03,130,0
101.54,17.01,130,0
101.66,17.0,130,0
101.79,16.98,130,0
101.91,16.96,130,0
102.03,16.96,130,0
102.15,16.94,130,0
102.27,16.93,130,0
102.4,16.92,130,0
102.52,16.9,130,0
102.64,16.89,130,0
102.76,16.88,130,0
102.88,16.87,130,0
103.01,16.85,130,0
103.13,16.85,130,0
103.25,16.82,130,0
103.37,16.82,130,0
103.5,16.8,130,0
103.62,16.79,130,0
103.74,16.78,130,0
103.86,16.77,130,0
103.98,16.76,130,0
104.11,16.76,130,0
104.23,16.73,130,0
104.35,16.72,130,0
104.47,16.71,130,0
104.6,16.7,130,0
104.72,16.68,130,0
104.84,16.67,130,0
104.96,16.66,130,0
105.08,16.65,130,0
105.21,16.64,130,0
105.33,16.62,130,0
105.45,16.61,130,0
105.57,16.6,130,0
105.7,16.59,130,0
105.82,16.57,130,0
105.94,16.56,130,0
106.06,16.54,130,0
106.18,16.54,130,0
106.31,16.51,130,0
106.43,16.52,130,0
106.55,16.5,130,0
106.67,16.49,130,0
106.8,16.47,130,0
106.92,16.47,130,0
107.04,16.45,130,0
107.16,16.44,130,0
107.29,16.44,130,0
107.41,16.42,130,0
107.53,16.4,130,0
107.65,16.4,130,0
107.77,16.38,130,0
107.89,16.37,130,0
108.02,16.35,130,0
108.14,16.34,130,0
108.26,16.33,130,0
108.38,16.32,130,0
108.51,16.31,130,0
108.63,16.29,130,0
108.75,16.28,130,0
108.87,16.27,130,0
109.0,16.25,130,0
109.12,16.24,130,0
109.24,16.24,130,0
109.36,16.22,130,0
109.48,16.21,130,0
109.61,16.2,130,0
109.73,16.2,130,0
109.85,16.19,130,0
109.97,16.18,130,0
110.1,16.16,130,0
110.22,16.16,130,0
110.34,16.14,130,0
110.46,16.13,130,0
110.58,16.12,130,0
110.71,16.11,130,0
110.83,16.1,130,0
110.95,16.08,130,0
111.07,16.07,130,0
111.2,16.05,130,0
111.32,16.05,130,0
111.44,16.03,130,0
111.56,16.02,130,0
111.68,16.0,130,0
111.81,16.0,130,0
111.93,15.98,130,0
112.05,15.98,130,0
112.17,15.96,130,0
112.29,15.95,130,0
112.42,15.94,130,0
112.54,15.93,130,0
112.66,15.93,130,0
112.79,15.92,130,0
112.91,15.9,130,0
113.03,15.89,130,0
113.15,15.89,130,0
113.27,15.87,130,0
113.39,15.86,130,0
113.52,15.86,130,0
113.64,15.84,130,0
113.76,15.83,130,0
113.88,15.82,130,0
114.01,15.81,130,0
114.13,15.79,130,0
114.25,15.77,130,0
114.37,15.77,130,0
114.5,15.76,130,0
114.62,15.75,130,0
114.74,15.74,130,0
114.86,15.73,130,0
114.98,15.71,130,0
115.11,15.71,130,0
115.23,15.69,130,0
115.35,15.7,130,0
115.47,15.68,130,0
115.6,15.68,130,0
115.72,15.66,130,0
115.84,15.65,130,0
115.96,15.65,130,0
116.08,15.63,130,0
116.21,15.62,130,0
116.33,15.61,130,0
116.45,15.61,130,0
116.57,15.6,130,0
116.7,15.57,130,0
116.82,15.56,130,0
116.94,15.56,130,0
117.06,15.53,130,0
117.18,15.54,130,0
117.31,15.53,130,0
117.43,15.52,130,0
117.55,15.49,130,0
117.67,15.5,130,0
117.79,15.48,130,0
117.92,15.48,130,0
118.04,15.45,130,0
118.16,15.45,130,0
118.28,15.44,130,0
118.41,15.44,130,0
118.53,15.43,130,0
118.65,15.43,130,0
118.77,15.4,130,0
118.89,15.4,130,0
119.02,15.39,130,0
119.14,15.38,130,0
119.26,15.36,130,0
119.38,15.35,130,0
119.51,15.35,130,0
119.63,15.33,130,0
119.75,15.33,130,0
119.87,15.3,130,0
120.0,15.31,130,0
120.12,15.3,130,0
120.24,15.29,130,0
120.36,15.26,130,0
120.48,15.28,130,0
120.61,15.25,130,0
120.73,15.24,130,0
120.85,15.22,130,0
120.97,15.23,130,0
121.1,15.22,130,0
121.22,15.22,130,0
121.34,15.19,130,0
121.46,15.2,130,0
121.58,15.17,130,0
121.71,15.17,130,0
121.83,15.16,130,0
121.95,15.16,130,0
122.07,15.15,130,0
122.19,15.13,130,0
122.32,15.12,130,0
122.44,15.11,130,0
122.56,15.1,130,0
122.68,15.08,130,0
122.81,15.08,130,0
122.93,15.08,130,0
123.05,15.06,130,0
123.17,15.05,130,0
123.29,15.05,130,0
123.42,15.04,130,0
123.54,15.02,130,0
123.66,15.0,130,0
123.78,15.01,130,0
123.91,15.0,130,0
124.03,15.0,130,0
124.15,14.97,130,0
124.27,14.98,130,0
124.39,14.95,130,0
124.52,14.95,130,0
124.64,14.95,130,0
124.76,14.95,130,0
124.88,14.92,130,0
125.01,14.91,130,0
125.13,14.91,130,0
125.25,14.89,130,0
125.37,14.9,130,0
125.5,14.88,130,0
125.62,14.88,130,0
125.74,14.85,130,0
125.86,14.86,130,0
125.98,14.84,130,0
126.11,14.84,130,0
126.23,14.82,130,0
126.35,14.82,130,0
126.47,14.79,130,0
126.59,14.81,130,0
126.72,14.8,130,0
126.84,14.78,130,0
126.96,14.78,130,0
127.08,14.78,130,0
127.21,14.77,130,0
127.33,14.74,130,0
127.45,14.75,130,0
127.57,14.74,130,0
127.69,14.74,130,0
127.82,14.7,130,0
127.94,14.71,130,0
128.06,14.7,130,0
128.18,14.69,130,0
128.31,14.67,130,0
128.43,14.67,130,0
128.55,14.65,130,0
128.67,14.64,130,0
128.8,14.64,130,0
128.92,14.64,130,0
129.04,14.61,130,0
129.16,14.62,130,0
129.28,14.61,130,0
129.41,14.61,130,0
129.53,14.59,130,0
129.65,14.59,130,0
129.77,14.57,130,0
129.9,14.57,130,0
130.02,14.57,130,0
130.14,14.55,130,0
130.26,14.55,130,0
130.38,14.54,130,0
130.51,14.54,130,0
130.63,14.52,130,0
130.75,14.52,130,0
130.87,14.51,130,0
131.0,14.5,130,0
131.12,14.49,130,0
131.24,14.49,130,0
131.36,14.46,130,0
131.48,14.47,130,0
131.61,14.45,130,0
131.73,14.46,130,0
131.85,14.45,130,0
131.97,14.44,130,0
132.09,14.42,130,0
132.22,14.43,130,0
132.34,14.41,130,0
132.46,14.41,130,0
132.58,14.39,130,0
132.71,14.39,130,0
132.83,14.38,130,0
132.95,14.38,130,0
133.07,14.37,130,0
133.19,14.36,130,0
133.32,14.35,130,0
133.44,14.34,130,0
133.56,14.33,130,0
133.68,14.33,130,0
133.81,14.33,130,0
133.93,14.32,130,0
134.05,14.32,130,0
134.17,14.28,130,0
134.3,14.29,130,0
134.42,14.28,130,0
134.54,14.28,130,0
134.66,14.26,130,0
134.78,14.26,130,0
134.91,14.25,130,0
135.03,14.24,130,0
135.15,14.25,130,0
135.27,14.24,130,0
135.4,14.25,130,0
135.52,14.21,130,0
135.64,14.21,130,0
135.76,14.22,130,0
135.88,14.19,130,0
136.01,14.19,130,0
136.13,14.17,130,0
136.25,14.17,130,0
136.37,14.16,130,0
136.5,14.16,130,0
136.62,14.17,130,0
136.74,14.14,130,0
136.86,14.13,130,0
136.98,14.11,130,0
137.11,14.11,130,0
137.23,14.12,130,0
137.35,14.12,130,0
137.47,14.11,130,0
137.6,14.08,130,0
137.72,14.07,130,0
137.84,14.08,130,0
137.96,14.06,130,0
138.08,14.07,130,0
138.21,14.06,130,0
138.33,14.05,130,0
138.45,14.04,130,0
138.57,14.04,130,0
138.7,14.03,130,0
138.82,14.03,130,0
138.94,14.01,130,0
139.06,14.01,130,0
139.18,14.0,130,0
139.31,14.0,130,0
139.43,14.0,130,0
139.55,14.0,130,0
139.67,13.98,130,0
139.8,13.96,130,0
139.92,13.94,130,0
140.04,13.95,130,0
140.16,13.94,130,0
140.28,13.91,130,0
140.41,13.94,130,0
140.53,13.9,130,0
140.65,13.92,130,0
140.77,13.9,130,0
140.9,13.91,130,0
141.02,13.89,130,0
141.14,13.88,130,0
141.26,13.88,130,0
141.38,13.88,130,0
141.51,13.87,130,0
141.63,13.87,130,0
141.75,13.85,130,0
141.87,13.86,130,0
142.0,13.84,130,0
142.12,13.85,130,0
142.24,13.83,130,0
142.36,13.82,130,0
142.48,13.82,130,0
142.61,13.81,130,0
142.73,13.8,130,0
142.85,13.8,130,0
142.97,13.8,130,0
143.1,13.78,130,0
143.22,13.78,130,0
143.34,13.77,130,0
143.46,13.75,130,0
143.58,13.76,130,0
143.71,13.73,130,0
143.83,13.75,130,0
143.95,13.74,130,0
144.07,13.74,130,0
144.2,13.72,130,0
144.32,13.72,130,0
144.44,13.72,130,0
144.56,13.71,130,0
144.69,13.7,130,0
144.81,13.7,130,0
144.93,13.69,130,0
145.05,13.68,130,0
145.17,13.68,130,0
145.3,13.67,130,0
145.42,13.67,130,0
145.54,13.66,130,0
145.66,13.65,130,0
145.78,13.64,130,0
145.91,13.64,130,0
146.03,13.63,130,0
146.15,13.61,130,0
146.27,13.61,130,0
146.4,13.61,130,0
146.52,13.6,130,0
146.64,13.61,130,0
146.76,13.59,130,0
146.88,13.58,130,0
147.01,13.58,130,0
147.13,13.58,130,0
147.25,13.56,130,0
147.37,13.56,130,0
147.5,13.56,130,0
147.62,13.55,130,0
147.74,13.55,130,0
147.86,13.53,130,0
147.99,13.53,130,0
148.11,13.52,130,0
148.23,13.52,130,0
148.35,13.51,130,0
148.47,13.5,130,0
148.6,13.49,130,0
148.72,13.49,130,0
148.84,13.49,130,0
148.96,13.49,130,0
149.09,13.47,130,0
149.21,13.46,130,0
149.33,13.47,130,0
149.45,13.45,130,0
149.57,13.45,130,0
149.7,13.45,130,0
149.82,13.43,130,0
149.94,13.42,130,0
150.06,13.42,130,0
150.19,13.43,130,0
150.31,13.41,130,0
150.43,13.42,130,0
150.55,13.41,130,0
150.68,13.4,130,0
150.8,13.39,130,0
150.92,13.4,130,0
151.04,13.39,130,0
151.16,13.38,130,0
151.29,13.37,130,0
151.41,13.36,130,0
151.53,13.36,130,0
151.65,13.35,130,0
151.77,13.35,130,0
151.9,13.34,130,0
152.02,13.33,130,0
152.14,13.32,130,0
152.26,13.32,130,0
152.39,13.31,130,0
152.51,13.3,130,0
152.63,13.31,130,0
152.75,13.3,130,0
152.88,13.28,130,0
153.0,13.29,130,0
153.12,13.28,130,0
153.24,13.28,130,0
153.36,13.27,130,0
153.49,13.27,130,0
153.61,13.26,130,0
153.73,13.26,130,0
153.85,13.25,130,0
153.98,13.24,130,0
154.1,13.23,130,0
154.22,13.23,130,0
154.34,13.23,130,0
154.47,13.22,130,0
154.59,13.21,130,0
154.71,13.21,130,0
154.83,13.19,130,0
154.95,13.19,130,0
155.08,13.18,130,0
155.2,13.18,130,0
155.32,13.18,130,0
155.44,13.17,130,0
155.57,13.16,130,0
155.69,13.15,130,0
155.81,13.16,130,0
155.93,13.14,130,0
156.05,13.14,130,0
156.18,13.14,130,0
156.3,13.13,130,0
156.42,13.12,130,0
156.54,13.12,130,0
156.66,13.12,130,0
156.79,13.1,130,0
156.91,13.1,130,0
157.03,13.1,130,0
157.15,13.09,130,0
157.28,13.09,130,0
157.4,13.09,130,0
157.52,13.07,130,0
157.64,13.07,130,0
157.77,13.07,130,0
157.89,13.06,130,0
158.01,13.05,130,0
158.13,13.03,130,0
158.26,13.05,130,0
158.38,13.03,130,0
158.5,13.04,130,0
158.62,13.01,130,0
158.74,13.03,130,0
158.87,13.02,130,0
158.99,13.01,130,0
159.11,13.01,130,0
159.23,13.0,130,0
159.35,12.99,130,0
159.48,12.99,130,0
159.6,12.99,130,0
159.72,12.98,130,0
159.84,12.97,130,0
159.97,12.97,130,0
160.09,12.97,130,0
160.21,12.96,130,0
160.33,12.97,130,0
160.46,12.95,130,0
160.58,12.94,130,0
160.7,12.94,130,0
160.82,12.93,130,0
160.94,12.94,130,0
161.07,12.93,130,0
161.19,12.91,130,0
161.31,12.91,130,0
161.43,12.91,130,0
161.55,12.91,130,0
161.68,12.9,130,0
161.8,12.89,130,0
161.92,12.89,130,0
162.04,12.88,130,0
162.17,12.88,130,0
162.29,12.87,130,0
162.41,12.86,130,0
162.53,12.86,130,0
162.66,12.86,130,0
162.78,12.85,130,0
162.9,12.84,130,0
163.02,12.84,130,0
163.14,12.84,130,0
163.27,12.84,130,0
163.39,12.82,130,0
163.51,12.82,130,0
163.63,12.81,130,0
163.76,12.81,130,0
163.88,12.8,130,0
164.0,12.8,130,0
164.12,12.8,130,0
164.25,12.78,130,0
164.37,12.78,130,0
164.49,12.78,130,0
164.61,12.78,130,0
164.73,12.78,130,0
164.86,12.76,130,0
164.98,12.76,130,0
165.1,12.76,130,0
165.22,12.75,130,0
165.35,12.75,130,0
165.47,12.74,130,0
165.59,12.74,130,0
165.71,12.73,130,0
165.83,12.73,130,0
165.96,12.71,130,0
166.08,12.72,130,0
166.2,12.71,130,0
166.32,12.7,130,0
166.45,12.7,130,0
166.57,12.69,130,0
166.69,12.68,130,0
166.81,12.67,130,0
166.94,12.68,130,0
167.06,12.67,130,0
167.18,12.66,130,0
167.3,12.66,130,0
167.42,12.66,130,0
167.55,12.66,130,0
167.67,12.66,130,0
167.79,12.66,130,0
167.91,12.65,130,0
168.04,12.64,130,0
168.16,12.63,130,0
168.28,12.63,130,0
168.4,12.62,130,0
168.52,12.61,130,0
168.65,12.61,130,0
168.77,12.61,130,0
168.89,12.6,130,0
169.01,12.6,130,0
169.14,12.59,130,0
169.26,12.58,130,0
169.38,12.58,130,0
169.5,12.58,130,0
169.63,12.58,130,0
169.75,12.56,130,0
169.87,12.56,130,0
169.99,12.56,130,0
170.11,12.57,130,0
170.24,12.56,130,0
170.36,12.54,130,0
170.48,12.54,130,0
170.6,12.54,130,0
170.73,12.52,130,0
170.85,12.54,130,0
170.97,12.53,130,0
171.09,12.52,130,0
171.21,12.5,130,0
171.34,12.51,130,0
171.46,12.5,130,0
171.58,12.5,130,0
171.7,12.5,130,0
171.83,12.48,130,0
171.95,12.48,130,0
172.07,12.49,130,0
172.19,12.48,130,0
172.32,12.48,130,0
172.44,12.48,130,0
172.56,12.46,130,0
172.68,12.47,130,0
172.8,12.46,130,0
172.93,12.45,130,0
173.05,12.45,130,0
173.17,12.44,130,0
173.29,12.44,130,0
173.41,12.43,130,0
173.54,12.43,130,0
173.66,12.43,130,0
173.78,12.43,130,0
173.9,12.43,130,0
174.03,12.42,130,0
174.15,12.42,130,0
174.27,12.41,130,0
174.39,12.41,130,0
174.52,12.4,130,0
174.64,12.4,130,0
174.76,12.39,130,0
174.88,12.39,130,0
175.01,12.39,130,0
175.13,12.37,130,0
175.25,12.37,130,0
175.37,12.37,130,0
175.49,12.37,130,0
175.62,12.37,130,0
175.74,12.36,130,0
175.86,12.35,130,0
175.98,12.35,130,0
176.11,12.34,130,0
176.23,12.34,130,0
176.35,12.34,130,0
176.47,12.34,130,0
176.59,12.33,130,0
176.72,12.33,130,0
176.84,12.33,130,0
176.96,12.33,130,0
177.08,12.32,130,0
177.21,12.31,130,0
177.33,12.32,130,0
177.45,12.29,130,0
177.57,12.3,130,0
177.7,12.3,130,0
177.82,12.3,130,0
177.94,12.31,130,0
178.06,12.29,130,0
178.18,12.29,130,0
178.31,12.27,130,0
178.43,12.29,130,0
178.55,12.28,130,0
178.67,12.27,130,0
178.8,12.27,130,0
178.92,12.26,130,0
179.04,12.26,130,0
179.16,12.27,130,0
179.28,12.25,130,0
179.41,12.25,130,0
179.53,12.25,130,0
179.65,12.24,130,0
179.77,12.24,130,0
179.9,12.23,130,0
180.02,12.24,130,0
180.14,12.23,130,0
180.26,12.23,130,0
180.38,12.23,130,0
180.51,12.22,130,0
180.63,12.22,130,0
180.75,12.21,130,0
180.87,12.22,130,0
181.0,12.21,130,0
181.12,12.21,130,0
181.24,12.2,130,0
181.36,12.19,130,0
181.49,12.19,130,0
181.61,12.2,130,0
181.73,12.19,130,0
181.85,12.19,130,0
181.98,12.19,130,0
182.1,12.18,130,0
182.22,12.17,130,0
182.34,12.17,130,0
182.46,12.17,130,0
182.59,12.17,130,0
182.71,12.17,130,0
182.83,12.16,130,0
182.95,12.15,130,0
183.08,12.15,130,0
183.2,12.15,130,0
183.32,12.13,130,0
183.44,12.15,130,0
183.56,12.14,130,0
183.69,12.13,130,0
183.81,12.13,130,0
183.93,12.13,130,0
184.05,12.12,130,0
184.18,12.12,130,0
184.3,12.12,130,0
184.42,12.11,130,0
184.54,12.11,130,0
184.66,12.11,130,0
184.79,12.11,130,0
184.91,12.1,130,0
185.03,12.11,130,0
185.15,12.09,130,0
185.28,12.08,130,0
185.4,12.08,130,0
185.52,12.07,130,0
185.64,12.08,130,0
185.76,12.06,130,0
185.89,12.08,130,0
186.01,12.07,130,0
186.13,12.06,130,0
186.25,12.04,130,0
186.38,12.06,130,0
186.5,12.05,130,0
186.62,12.06,130,0
186.74,12.04,130,0
186.86,12.05,130,0
186.99,12.04,130,0
187.11,12.03,130,0
187.23,12.03,130,0
187.35,12.03,130,0
187.48,12.03,130,0
187.6,12.03,130,0
187.72,12.03,130,0
187.84,12.01,130,0
187.97,12.01,130,0
188.09,12.03,130,0
188.21,12.0,130,0
188.33,12.0,130,0
188.45,12.0,130,0
188.58,11.99,130,0
188.7,11.99,130,0
188.82,11.97,130,0
188.94,11.99,130,0
189.07,11.98,130,0
189.19,11.99,130,0
189.31,11.98,130,0
189.43,11.97,130,0
189.55,11.96,130,0
189.68,11.97,130,0
189.8,11.95,130,0
189.92,11.96,130,0
190.04,11.95,130,0
190.16,11.96,130,0
190.29,11.95,130,0
190.41,11.94,130,0
190.53,11.95,130,0
190.65,11.94,130,0
190.78,11.95,130,0
190.9,11.94,130,0
191.02,11.93,130,0
191.14,11.92,130,0
191.27,11.92,130,0
191.39,11.92,130,0
191.51,11.9,130,0
191.63,11.93,130,0
191.75,11.9,130,0
191.88,11.9,130,0
192.0,11.9,130,0
192.12,11.9,130,0
192.24,11.89,130,0
192.37,11.9,130,0
192.49,11.89,130,0
192.61,11.89,130,0
192.73,11.89,130,0
192.85,11.88,130,0
192.98,11.87,130,0
193.1,11.87,130,0
193.22,11.87,130,0
193.34,11.87,130,0
193.47,11.86,130,0
193.59,11.86,130,0
193.71,11.86,130,0
193.83,11.87,130,0
193.95,11.84,130,0
194.08,11.85,130,0
194.2,11.85,130,0
194.32,11.84,130,0
194.44,11.83,130,0
194.57,11.83,130,0
194.69,11.83,130,0
194.81,11.82,130,0
194.93,11.82,130,0
195.05,11.83,130,0
195.18,11.81,130,0
195.3,11.82,130,0
195.42,11.82,130,0
195.54,11.81,130,0
195.66,11.81,130,0
195.79,11.8,130,0
195.91,11.8,130,0
196.03,11.8,130,0
196.16,11.79,130,0
196.28,11.79,130,0
196.4,11.79,130,0
196.52,11.78,130,0
196.64,11.78,130,0
196.77,11.78,130,0
196.89,11.77,130,0
197.01,11.76,130,0
197.13,11.76,130,0
197.26,11.76,130,0
197.38,11.76,130,0
197.5,11.76,130,0
197.62,11.75,130,0
197.74,11.75,130,0
197.87,11.74,130,0
197.99,11.75,130,0
198.11,11.75,130,0
198.23,11.73,130,0
198.36,11.73,130,0
198.48,11.73,130,0
198.6,11.72,130,0
198.72,11.72,130,0
198.85,11.71,130,0
198.97,11.71,130,0
199.09,11.72,130,0
199.21,11.71,130,0
199.33,11.71,130,0
199.46,11.69,130,0
199.58,11.7,130,0
199.7,11.71,130,0
199.82,11.69,130,0
199.95,11.68,130,0
200.07,11.68,130,0
200.19,11.68,130,0
200.31,11.68,130,0
200.43,11.67,130,0
200.56,11.66,130,0
200.68,11.66,130,0
200.8,11.66,130,0
200.92,11.66,130,0
201.05,11.66,130,0
201.17,11.65,130,0
201.29,11.65,130,0
201.41,11.65,130,0
201.54,11.64,130,0
201.66,11.64,130,0
201.78,11.64,130,0
201.9,11.63,130,0
202.02,11.64,130,0
202.15,11.63,130,0
202.27,11.62,130,0
202.39,11.62,130,0
202.51,11.61,130,0
202.64,11.62,130,0
202.76,11.6,130,0
202.88,11.61,130,0
203.0,11.6,130,0
203.12,11.6,130,0
203.25,11.6,130,0
203.37,11.59,130,0
203.49,11.59,130,0
203.61,11.59,130,0
203.74,11.58,130,0
203.86,11.57,130,0
203.98,11.57,130,0
204.1,11.56,130,0
204.23,11.57,130,0
204.35,11.57,130,0
204.47,11.56,130,0
204.59,11.56,130,0
204.72,11.56,130,0
204.84,11.55,130,0
204.96,11.56,130,0
205.08,11.55,130,0
205.2,11.55,130,0
205.33,11.55,130,0
205.45,11.54,130,0
205.57,11.53,130,0
205.69,11.53,130,0
205.81,11.53,130,0
205.94,11.52,130,0
206.06,11.52,130,0
206.18,11.52,130,0
206.3,11.51,130,0
206.43,11.51,130,0
206.55,11.51,130,0
206.67,11.51,130,0
206.79,11.5,130,0
206.91,11.5,130,0
207.04,11.5,130,0
207.16,11.48,130,0
207.28,11.49,130,0
207.4,11.5,130,0
207.53,11.48,130,0
207.65,11.48,130,0
207.77,11.48,130,0
207.89,11.48,130,0
208.02,11.47,130,0
208.14,11.47,130,0
208.26,11.47,130,0
208.38,11.46,130,0
208.5,11.46,130,0
208.63,11.47,130,0
208.75,11.46,130,0
208.87,11.46,130,0
208.99,11.46,130,0
209.12,11.45,130,0
209.24,11.45,130,0
209.36,11.44,130,0
209.48,11.45,130,0
209.61,11.44,130,0
209.73,11.43,130,0
209.85,11.43,130,0
209.97,11.43,130,0
210.09,11.43,130,0
210.22,11.41,130,0
210.34,11.42,130,0
210.46,11.42,130,0
210.58,11.41,130,0
210.71,11.41,130,0
210.83,11.41,130,0
210.95,11.42,130,0
211.07,11.41,130,0
211.19,11.41,130,0
211.32,11.4,130,0
211.44,11.4,130,0
211.56,11.4,130,0
211.68,11.39,130,0
211.81,11.4,130,0
211.93,11.39,130,0
212.05,11.39,130,0
212.17,11.39,130,0
212.3,11.38,130,0
212.42,11.37,130,0
212.54,11.38,130,0
212.66,11.38,130,0
212.78,11.37,130,0
212.91,11.37,130,0
213.03,11.36,130,0
213.15,11.36,130,0
213.27,11.36,130,0
213.4,11.36,130,0
213.52,11.36,130,0
213.64,11.35,130,0
213.76,11.35,130,0
213.88,11.35,130,0
214.01,11.34,130,0
214.13,11.34,130,0
214.25,11.34,130,0
214.37,11.35,130,0
214.5,11.34,130,0
214.62,11.33,130,0
214.74,11.33,130,0
214.86,11.32,130,0
214.99,11.32,130,0
215.11,11.32,130,0
215.23,11.33,130,0
215.35,11.31,130,0
215.47,11.3,130,0
215.6,11.3,130,0
215.72,11.3,130,0
215.84,11.31,130,0
215.96,11.3,130,0
216.09,11.29,130,0
216.21,11.3,130,0
216.33,11.29,130,0
216.45,11.29,130,0
216.57,11.29,130,0
216.7,11.28,130,0
216.82,11.27,130,0
216.94,11.27,130,0
217.06,11.27,130,0
217.19,11.27,130,0
217.31,11.26,130,0
217.43,11.27,130,0
217.55,11.27,130,0
217.67,11.27,130,0
217.8,11.25,130,0
217.92,11.26,130,0
218.04,11.25,130,0
218.16,11.26,130,0
218.29,11.25,130,0
218.41,11.25,130,0
218.53,11.24,130,0
218.65,11.24,130,0
218.77,11.24,130,0
218.9,11.24,130,0
219.02,11.23,130,0
219.14,11.23,130,0
219.26,11.24,130,0
219.39,11.23,130,0
219.51,11.23,130,0
219.63,11.22,130,0
219.75,11.22,130,0
219.88,11.22,130,0
220.0,11.21,130,0
220.12,11.22,130,0
220.24,11.2,130,0
220.36,11.22,130,0
220.49,11.21,130,0
220.61,11.21,130,0
220.73,11.2,130,0
220.85,11.2,130,0
220.98,11.21,130,0
221.1,11.2,130,0
221.22,11.2,130,0
221.34,11.2,130,0
221.46,11.2,130,0
221.59,11.19,130,0
221.71,11.19,130,0
221.83,11.19,130,0
221.95,11.19,130,0
222.08,11.17,130,0
222.2,11.18,130,0
222.32,11.17,130,0
222.44,11.17,130,0
222.57,11.17,130,0
222.69,11.16,130,0
222.81,11.17,130,0
222.93,11.17,130,0
223.05,11.15,130,0
223.18,11.16,130,0
223.3,11.15,130,0
223.42,11.15,130,0
223.54,11.15,130,0
223.67,11.15,130,0
223.79,11.15,130,0
223.91,11.15,130,0
224.03,11.14,130,0
224.15,11.14,130,0
224.28,11.14,130,0
224.4,11.15,130,0
224.52,11.14,130,0
224.64,11.14,130,0
224.77,11.13,130,0
224.89,11.13,130,0
225.01,11.13,130,0
225.13,11.13,130,0
225.26,11.13,130,0
225.38,11.13,130,0
225.5,11.11,130,0
225.62,11.12,130,0
225.74,11.12,130,0
225.87,11.12,130,0
225.99,11.12,130,0
226.11,11.12,130,0
226.23,11.11,130,0
226.36,11.11,130,0
226.48,11.11,130,0
226.6,11.12,130,0
226.72,11.11,130,0
226.84,11.11,130,0
226.97,11.11,130,0
227.09,11.1,130,0
227.21,11.11,130,0
227.33,11.1,130,0
227.46,11.1,130,0
227.58,11.1,130,0
227.7,11.09,130,0
227.82,11.08,130,0
227.94,11.09,130,0
228.07,11.09,130,0
228.19,11.07,130,0
228.31,11.09,130,0
228.43,11.08,130,0
228.55,11.09,130,0
228.68,11.07,130,0
228.8,11.09,130,0
228.92,11.07,130,0
229.05,11.08,130,0
229.17,11.06,130,0
229.29,11.08,130,0
229.41,11.08,130,0
229.53,11.07,130,0
229.66,11.07,130,0
229.78,11.07,130,0
229.9,11.08,130,0
230.02,11.08,130,0
230.15,11.07,130,0
230.27,11.04,130,0
230.39,11.06,130,0
230.51,11.05,130,0
230.63,11.04,130,0
230.76,11.06,130,0
230.88,11.05,130,0
231.0,11.04,130,0
231.12,11.05,130,0
231.24,11.03,130,0
231.37,11.04,130,0
231.49,11.04,130,0
231.61,11.04,130,0
231.73,11.04,130,0
231.86,11.03,130,0
231.98,11.03,130,0
232.1,11.04,130,0
232.22,11.04,130,0
232.34,11.03,130,0
232.47,11.04,130,0
232.59,11.02,130,0
232.71,11.03,130,0
232.83,11.03,130,0
232.96,11.02,130,0
233.08,11.01,130,0
233.2,11.02,130,0
233.32,11.02,130,0
233.45,11.01,130,0
233.57,11.0,130,0
233.69,11.01,130,0
233.81,11.01,130,0
233.93,11.0,130,0
234.05,11.0,130,0
234.18,11.0,130,0
234.3,10.99,130,0
234.42,11.0,130,0
234.55,10.99,130,0
234.67,10.99,130,0
234.79,10.99,130,0
234.91,10.98,130,0
235.03,10.98,130,0
235.16,10.99,130,0
235.28,10.99,130,0
235.4,10.98,130,0
235.52,10.98,130,0
235.64,10.97,130,0
235.77,10.97,130,0
235.89,10.97,130,0
236.01,10.97,130,0
236.13,10.99,130,0
236.26,10.96,130,0
236.38,10.96,130,0
236.5,10.95,130,0
236.62,10.96,130,0
236.75,10.94,130,0
236.87,10.96,130,0
236.99,10.95,130,0
237.11,10.94,130,0
237.23,10.94,130,0
237.36,10.95,130,0
237.48,10.94,130,0
237.6,10.94,130,0
237.72,10.94,130,0
237.85,10.94,130,0
237.97,10.94,130,0
238.09,10.94,130,0
238.21,10.94,130,0
238.33,10.94,130,0
238.46,10.93,130,0
238.58,10.93,130,0
238.7,10.93,130,0
238.82,10.93,130,0
238.95,10.93,130,0
239.07,10.92,130,0
239.19,10.91,130,0
239.31,10.91,130,0
239.43,10.92,130,0
239.56,10.91,130,0
239.68,10.91,130,0
239.8,10.9,130,0
239.92,10.91,130,0
240.05,10.9,130,0
240.17,10.89,130,0
240.29,10.9,130,0
240.41,10.9,130,0
240.54,10.89,130,0
240.66,10.9,130,0
240.78,10.89,130,0
240.9,10.89,130,0
241.02,10.89,130,0
241.15,10.89,130,0
241.27,10.9,130,0
241.39,10.88,130,0
241.51,10.89,130,0
241.63,10.88,130,0
241.76,10.89,130,0
241.88,10.89,130,0
242.0,10.89,130,0
242.12,10.88,130,0
242.25,10.87,130,0
242.37,10.88,130,0
242.49,10.87,130,0
242.61,10.87,130,0
242.74,10.87,130,0
242.86,10.87,130,0
242.98,10.87,130,0
243.1,10.86,130,0
243.22,10.87,130,0
243.35,10.86,130,0
243.47,10.86,130,0
243.59,10.85,130,0
243.71,10.86,130,0
243.84,10.85,130,0
243.96,10.86,130,0
244.08,10.85,130,0
244.2,10.85,130,0
244.32,10.85,130,0
244.45,10.83,130,0
244.57,10.85,130,0
244.69,10.84,130,0
244.81,10.85,130,0
244.94,10.85,130,0
245.06,10.84,130,0
245.18,10.87,130,0
245.3,10.83,130,0
245.43,10.84,130,0
245.55,10.84,130,0
245.67,10.84,130,0
245.79,10.83,130,0
245.91,10.84,130,0
246.04,10.84,130,0
246.16,10.82,130,0
246.28,10.83,130,0
246.4,10.82,130,0
246.52,10.83,130,0
246.65,10.82,130,0
246.77,10.83,130,0
246.89,10.83,130,0
247.01,10.83,130,0
247.14,10.82,130,0
247.26,10.82,130,0
247.38,10.82,130,0
247.5,10.82,130,0
247.63,10.82,130,0
247.75,10.81,130,0
247.87,10.82,130,0
247.99,10.82,130,0
248.11,10.81,130,0
248.24,10.81,130,0
248.36,10.82,130,0
248.48,10.81,130,0
248.6,10.8,130,0
248.73,10.8,130,0
248.85,10.8,130,0
248.97,10.8,130,0
249.09,10.79,130,0
249.21,10.8,130,0
249.34,10.79,130,0
249.46,10.79,130,0
249.58,10.8,130,0
249.7,10.79,130,0
249.83,10.8,130,0
249.95,10.79,130,0
250.07,10.8,130,0
250.19,10.79,130,0
250.31,10.79,130,0
250.44,10.79,130,0
250.56,10.79,130,0
250.68,10.78,130,0
250.8,10.79,130,0
250.93,10.79,130,0
251.05,10.78,130,0
251.17,10.77,130,0
251.29,10.77,130,0
251.41,10.76,130,0
251.54,10.77,130,0
251.66,10.77,130,0
251.78,10.77,130,0
251.9,10.77,130,0
252.03,10.75,130,0
252.15,10.77,130,0
252.27,10.77,130,0
252.39,10.76,130,0
252.52,10.77,130,0
252.64,10.76,130,0
252.76,10.76,130,0
252.88,10.76,130,0
253.0,10.75,130,0
253.13,10.76,130,0
253.25,10.76,130,0
253.37,10.75,130,0
253.49,10.74,130,0
253.62,10.75,130,0
253.74,10.75,130,0
253.86,10.75,130,0
253.98,10.75,130,0
254.1,10.74,130,0
254.23,10.73,130,0
254.35,10.73,130,0
254.47,10.74,130,0
254.59,10.74,130,0
254.72,10.72,130,0
254.84,10.73,130,0
254.96,10.73,130,0
255.08,10.72,130,0
255.21,10.73,130,0
255.33,10.73,130,0
255.45,10.73,130,0
255.57,10.72,130,0
255.69,10.72,130,0
255.82,10.72,130,0
255.94,10.71,130,0
256.06,10.72,130,0
256.18,10.71,130,0
256.31,10.71,130,0
256.43,10.72,130,0
256.55,10.71,130,0
256.67,10.72,130,0
256.79,10.71,130,0
256.92,10.71,130,0
257.04,10.71,130,0
257.16,10.72,130,0
257.28,10.7,130,0
257.41,10.7,130,0
257.53,10.7,130,0
257.65,10.69,130,0
257.77,10.69,130,0
257.89,10.7,130,0
258.02,10.69,130,0
258.14,10.69,130,0
258.26,10.69,130,0
258.38,10.69,130,0
258.51,10.69,130,0
258.63,10.68,130,0
258.75,10.69,130,0
258.87,10.68,130,0
259.0,10.66,130,0
259.12,10.68,130,0
259.24,10.67,130,0
259.36,10.68,130,0
259.48,10.67,130,0
259.61,10.66,130,0
259.73,10.66,130,0
259.85,10.67,130,0
259.97,10.66,130,0
260.1,10.66,130,0
260.22,10.68,130,0
260.34,10.65,130,0
260.46,10.65,130,0
260.58,10.66,130,0
260.71,10.66,130,0
260.83,10.65,130,0
260.95,10.65,130,0
261.07,10.65,130,0
261.2,10.65,130,0
261.32,10.65,130,0
261.44,10.65,130,0
261.56,10.65,130,0
261.69,10.65,130,0
261.81,10.65,130,0
261.93,10.64,130,0
262.05,10.63,130,0
262.17,10.64,130,0
262.3,10.64,130,0
262.42,10.64,130,0
262.54,10.64,130,0
262.66,10.63,130,0
262.79,10.63,130,0
262.91,10.64,130,0
263.03,10.63,130,0
263.15,10.65,130,0
263.27,10.63,130,0
263.4,10.63,130,0
263.52,10.62,130,0
263.64,10.63,130,0
263.76,10.63,130,0
263.89,10.62,130,0
264.01,10.63,130,0
264.13,10.62,130,0
264.25,10.62,130,0
264.38,10.62,130,0
264.5,10.63,130,0
264.62,10.62,130,0
264.74,10.62,130,0
264.86,10.61,130,0
264.99,10.62,130,0
265.11,10.61,130,0
265.23,10.61,130,0
265.35,10.62,130,0
265.48,10.62,130,0
265.6,10.6,130,0
265.72,10.61,130,0
265.84,10.61,130,0
265.96,10.61,130,0
266.09,10.61,130,0
266.21,10.61,130,0
266.33,10.6,130,0
266.45,10.59,130,0
266.58,10.59,130,0
266.7,10.6,130,0
266.82,10.6,130,0
266.94,10.58,130,0
267.07,10.61,130,0
267.19,10.59,130,0
267.31,10.59,130,0
267.43,10.6,130,0
267.55,10.59,130,0
267.68,10.59,130,0
267.8,10.59,130,0
267.92,10.59,130,0
268.04,10.59,130,0
268.17,10.59,130,0
268.29,10.59,130,0
268.41,10.58,130,0
268.53,10.59,130,0
268.65,10.58,130,0
268.78,10.58,130,0
268.9,10.57,130,0
269.02,10.58,130,0
269.14,10.58,130,0
269.27,10.57,130,0
269.39,10.57,130,0
269.51,10.57,130,0
269.63,10.56,130,0
269.76,10.56,130,0
269.88,10.56,130,0
270.0,10.57,130,0
270.12,10.57,130,0
270.24,10.56,130,0
270.37,10.56,130,0
270.49,10.56,130,0
270.61,10.56,130,0
270.73,10.56,130,0
270.86,10.56,130,0
270.98,10.55,130,0
271.1,10.55,130,0
271.22,10.55,130,0
271.34,10.55,130,0
271.47,10.55,130,0
271.59,10.55,130,0
271.71,10.55,130,0
271.83,10.55,130,0
271.95,10.55,130,0
272.08,10.54,130,0
272.2,10.54,130,0
272.32,10.54,130,0
272.44,10.55,130,0
272.57,10.53,130,0
272.69,10.54,130,0
272.81,10.53,130,0
272.93,10.53,130,0
273.05,10.53,130,0
273.18,10.53,130,0
273.3,10.53,130,0
273.42,10.51,130,0
273.55,10.52,130,0
273.67,10.54,130,0
273.79,10.53,130,0
273.91,10.52,130,0
274.03,10.52,130,0
274.16,10.51,130,0
274.28,10.52,130,0
274.4,10.52,130,0
274.52,10.52,130,0
274.64,10.51,130,0
274.77,10.51,130,0
274.89,10.51,130,0
275.01,10.52,130,0
275.13,10.51,130,0
275.26,10.51,130,0
275.38,10.51,130,0
275.5,10.5,130,0
275.62,10.51,130,0
275.75,10.51,130,0
275.87,10.51,130,0
275.99,10.51,130,0
276.11,10.5,130,0
276.23,10.5,130,0
276.36,10.5,130,0
276.48,10.49,130,0
276.6,10.5,130,0
276.72,10.5,130,0
276.85,10.5,130,0
276.97,10.49,130,0
277.09,10.49,130,0
277.21,10.5,130,0
277.33,10.49,130,0
277.46,10.5,130,0
277.58,10.5,130,0
277.7,10.5,130,0
277.82,10.5,130,0
277.95,10.5,130,0
278.07,10.49,130,0
278.19,10.5,130,0
278.31,10.49,130,0
278.43,10.49,130,0
278.56,10.49,130,0
278.68,10.49,130,0
278.8,10.5,130,0
278.92,10.48,130,0
279.05,10.49,130,0
279.17,10.5,130,0
279.29,10.49,130,0
279.41,10.47,130,0
279.54,10.48,130,0
279.66,10.49,130,0
279.78,10.48,130,0
279.9,10.49,130,0
280.02,10.48,130,0
280.15,10.49,130,0
280.27,10.48,130,0
280.39,10.49,130,0
280.51,10.48,130,0
280.64,10.48,130,0
280.76,10.48,130,0
280.88,10.48,130,0
281.0,10.48,130,0
281.12,10.5,130,0
281.25,10.48,130,0
281.37,10.48,130,0
281.49,10.47,130,0
281.61,10.47,130,0
281.74,10.47,130,0
281.86,10.47,130,0
281.98,10.47,130,0
282.1,10.47,130,0
282.22,10.47,130,0
282.35,10.47,130,0
282.47,10.47,130,0
282.59,10.47,130,0
282.71,10.47,130,0
282.83,10.46,130,0
282.96,10.47,130,0
283.08,10.47,130,0
283.2,10.48,130,0
283.33,10.47,130,0
283.45,10.46,130,0
283.57,10.47,130,0
283.69,10.46,130,0
283.81,10.46,130,0
283.94,10.46,130,0
284.06,10.47,130,0
284.18,10.46,130,0
284.3,10.46,130,0
284.42,10.45,130,0
284.55,10.45,130,0
284.67,10.45,130,0
284.79,10.46,130,0
284.91,10.46,130,0
285.04,10.44,130,0
285.16,10.46,130,0
285.28,10.45,130,0
285.4,10.45,130,0
285.53,10.43,130,0
285.65,10.46,130,0
285.77,10.45,130,0
285.89,10.45,130,0
286.02,10.44,130,0
286.14,10.44,130,0
286.26,10.43,130,0
286.38,10.44,130,0
286.5,10.43,130,0
286.63,10.44,130,0
286.75,10.44,130,0
286.87,10.43,130,0
286.99,10.43,130,0
287.11,10.44,130,0
287.24,10.43,130,0
287.36,10.43,130,0
287.48,10.43,130,0
287.6,10.43,130,0
287.73,10.43,130,0
287.85,10.43,130,0
287.97,10.42,130,0
288.09,10.42,130,0
288.22,10.43,130,0
288.34,10.43,130,0
288.46,10.41,130,0
288.58,10.42,130,0
288.7,10.42,130,0
288.83,10.43,130,0
288.95,10.43,130,0
289.07,10.42,130,0
289.19,10.41,130,0
289.32,10.41,130,0
289.44,10.42,130,0
289.56,10.42,130,0
289.68,10.41,130,0
289.8,10.42,130,0
289.93,10.41,130,0
290.05,10.42,130,0
290.17,10.42,130,0
290.29,10.41,130,0
290.42,10.41,130,0
290.54,10.41,130,0
290.66,10.41,130,0
290.78,10.41,130,0
290.91,10.41,130,0
291.03,10.42,130,0
291.15,10.4,130,0
291.27,10.4,130,0
291.39,10.41,130,0
291.52,10.41,130,0
291.64,10.41,130,0
291.76,10.41,130,0
291.88,10.41,130,0
292.01,10.41,130,0
292.13,10.41,130,0
292.25,10.4,130,0
292.37,10.4,130,0
292.5,10.41,130,0
292.62,10.41,130,0
292.74,10.4,130,0
292.86,10.4,130,0
292.98,10.4,130,0
293.11,10.4,130,0
293.23,10.4,130,0
293.35,10.41,130,0
293.47,10.4,130,0
293.6,10.39,130,0
293.72,10.39,130,0
293.84,10.39,130,0
293.96,10.39,130,0
294.08,10.39,130,0
294.21,10.38,130,0
294.33,10.4,130,0
294.45,10.39,130,0
294.57,10.39,130,0
294.7,10.37,130,0
294.82,10.4,130,0
294.94,10.39,130,0
295.06,10.39,130,0
295.18,10.38,130,0
295.31,10.39,130,0
295.43,10.39,130,0
295.55,10.39,130,0
295.67,10.39,130,0
295.8,10.38,130,0
295.92,10.38,130,0
296.04,10.38,130,0
296.16,10.39,130,0
296.29,10.38,130,0
296.41,10.38,130,0
296.53,10.38,130,0
296.65,10.38,130,0
296.77,10.38,130,0
296.9,10.38,130,0
297.02,10.38,130,0
297.14,10.37,130,0
297.26,10.38,130,0
297.38,10.37,130,0
297.51,10.37,130,0
297.63,10.37,130,0
297.75,10.38,130,0
297.87,10.37,130,0
298.0,10.37,130,0
298.12,10.37,130,0
298.24,10.37,130,0
298.36,10.37,130,0
298.48,10.37,130,0
298.61,10.37,130,0
298.73,10.36,130,0
298.85,10.36,130,0
298.97,10.37,130,0
299.1,10.37,130,0
299.22,10.37,130,0
299.34,10.36,130,0
299.46,10.36,130,0
299.58,10.38,130,0
299.71,10.36,130,0
299.83,10.36,130,0
299.95,10.35,130,0
300.08,10.35,130,0
300.2,10.36,130,0
300.32,10.35,130,0
300.44,10.35,130,0
300.56,10.35,130,0
300.69,10.35,130,0
300.81,10.35,130,0
300.93,10.35,130,0
301.05,10.35,130,0
301.17,10.36,130,0
301.3,10.35,130,0
301.42,10.35,130,0
301.54,10.35,130,0
301.66,10.35,130,0
301.79,10.35,130,0
301.91,10.36,130,0
302.03,10.35,130,0
302.15,10.36,130,0
302.27,10.34,130,0
302.4,10.35,130,0
302.52,10.35,130,0
302.64,10.37,130,0
302.77,10.35,130,0
302.89,10.34,130,0
303.01,10.35,130,0
303.13,10.35,130,0
303.25,10.35,130,0
303.38,10.34,130,0
303.5,10.34,130,0
303.62,10.34,130,0
303.74,10.35,130,0
303.86,10.34,130,0
303.99,10.35,130,0
304.11,10.33,130,0
304.23,10.34,130,0
304.35,10.34,130,0
304.48,10.35,130,0
304.6,10.34,130,0
304.72,10.34,130,0
304.84,10.34,130,0
304.97,10.34,130,0
305.09,10.33,130,0
305.21,10.34,130,0
305.33,10.34,130,0
305.45,10.34,130,0
305.58,10.34,130,0
305.7,10.34,130,0
305.82,10.33,130,0
305.94,10.33,130,0
306.07,10.33,130,0
306.19,10.33,130,0
306.31,10.33,130,0
306.43,10.34,130,0
306.55,10.33,130,0
306.68,10.33,130,0
306.8,10.33,130,0
306.92,10.34,130,0
307.04,10.33,130,0
307.17,10.33,130,0
307.29,10.33,130,0
307.41,10.33,130,0
307.53,10.33,130,0
307.66,10.33,130,0
307.78,10.33,130,0
307.9,10.33,130,0
308.02,10.33,130,0
308.14,10.33,130,0
308.27,10.33,130,0
308.39,10.33,130,0
308.51,10.33,130,0
308.63,10.34,130,0
308.76,10.33,130,0
308.88,10.32,130,0
309.0,10.33,130,0
309.12,10.32,130,0
309.24,10.33,130,0
309.37,10.32,130,0
309.49,10.32,130,0
309.61,10.31,130,0
309.73,10.32,130,0
309.86,10.32,130,0
309.98,10.32,130,0
310.1,10.32,130,0
310.22,10.32,130,0
310.35,10.33,130,0
310.47,10.32,130,0
310.59,10.32,130,0
310.71,10.32,130,0
310.83,10.32,130,0
310.96,10.32,130,0
311.08,10.32,130,0
311.2,10.32,130,0
311.32,10.32,130,0
311.45,10.31,130,0
311.57,10.32,130,0
311.69,10.32,130,0
311.81,10.31,130,0
311.93,10.31,130,0
312.06,10.31,130,0
312.18,10.31,130,0
312.3,10.31,130,0
312.42,10.31,130,0
312.55,10.32,130,0
312.67,10.31,130,0
312.79,10.3,130,0
312.91,10.31,130,0
313.03,10.32,130,0
313.16,10.31,130,0
313.28,10.31,130,0
313.4,10.31,130,0
313.52,10.3,130,0
313.65,10.3,130,0
313.77,10.31,130,0
313.89,10.31,130,0
314.01,10.31,130,0
314.14,10.3,130,0
314.26,10.3,130,0
314.38,10.31,130,0
314.5,10.3,130,0
314.63,10.3,130,0
314.75,10.31,130,0
314.87,10.3,130,0
314.99,10.31,130,0
315.11,10.3,130,0
315.23,10.3,130,0
315.36,10.3,130,0
315.48,10.29,130,0
315.6,10.31,130,0
315.72,10.28,130,0
315.85,10.3,130,0
315.97,10.31,130,0
316.09,10.3,130,0
316.21,10.3,130,0
316.34,10.29,130,0
316.46,10.3,130,0
316.58,10.29,130,0
316.7,10.3,130,0
316.82,10.29,130,0
316.95,10.3,130,0
317.07,10.3,130,0
317.19,10.3,130,0
317.31,10.29,130,0
317.44,10.3,130,0
317.56,10.3,130,0
317.68,10.3,130,0
317.8,10.3,130,0
317.92,10.3,130,0
318.05,10.29,130,0
318.17,10.28,130,0
318.29,10.28,130,0
318.41,10.3,130,0
318.54,10.28,130,0
318.66,10.29,130,0
318.78,10.28,130,0
318.9,10.29,130,0
319.02,10.29,130,0
319.15,10.28,130,0
319.27,10.29,130,0
319.39,10.29,130,0
319.51,10.27,130,0
319.64,10.28,130,0
319.76,10.28,130,0
319.88,10.3,130,0
320.0,10.28,130,0
320.13,10.29,130,0
320.25,10.29,130,0
320.37,10.29,130,0
320.49,10.29,130,0
320.61,10.29,130,0
320.74,10.28,130,0
320.86,10.29,130,0
320.98,10.28,130,0
321.1,10.29,130,0
321.23,10.27,130,0
321.35,10.28,130,0
321.47,10.28,130,0
321.59,10.28,130,0
321.71,10.28,130,0
321.84,10.29,130,0
321.96,10.27,130,0
322.08,10.27,130,0
322.2,10.29,130,0
322.33,10.28,130,0
322.45,10.28,130,0
322.57,10.29,130,0
322.69,10.27,130,0
322.81,10.29,130,0
322.94,10.28,130,0
323.06,10.29,130,0
323.18,10.29,130,0
323.3,10.29,130,0
323.43,10.28,130,0
323.55,10.28,130,0
323.67,10.3,130,0
323.79,10.27,130,0
323.91,10.28,130,0
324.04,10.29,130,0
324.16,10.27,130,0
324.28,10.29,130,0
324.4,10.28,130,0
324.53,10.26,130,0
324.65,10.27,130,0
324.77,10.28,130,0
324.89,10.29,130,0
325.02,10.27,130,0
325.14,10.26,130,0
325.26,10.28,130,0
325.38,10.28,130,0
325.5,10.27,130,0
325.63,10.28,130,0
325.75,10.27,130,0
325.87,10.27,130,0
325.99,10.28,130,0
326.11,10.29,130,0
326.24,10.27,130,0
326.36,10.26,130,0
326.48,10.27,130,0
326.6,10.29,130,0
326.73,10.27,130,0
326.85,10.26,130,0
326.97,10.27,130,0
327.09,10.26,130,0
327.22,10.28,130,0
327.34,10.26,130,0
327.46,10.26,130,0
327.58,10.26,130,0
327.7,10.27,130,0
327.83,10.25,130,0
327.95,10.26,130,0
328.07,10.26,130,0
328.19,10.25,130,0
328.32,10.26,130,0
328.44,10.27,130,0
328.56,10.27,130,0
328.68,10.27,130,0
328.8,10.27,130,0
328.93,10.25,130,0
329.05,10.25,130,0
329.17,10.27,130,0
329.29,10.26,130,0
329.42,10.28,130,0
329.54,10.26,130,0
329.66,10.25,130,0
329.78,10.25,130,0
329.91,10.27,130,0
330.03,10.25,130,0
330.15,10.25,130,0
330.27,10.25,130,0
330.39,10.26,130,0
330.52,10.26,130,0
330.64,10.25,130,0
330.76,10.28,130,0
330.88,10.26,130,0
331.0,10.25,130,0
331.13,10.25,130,0
331.25,10.26,130,0
331.37,10.24,130,0
331.49,10.26,130,0
331.62,10.27,130,0
331.74,10.27,130,0
331.86,10.27,130,0
331.98,10.27,130,0
332.11,10.26,130,0
332.23,10.26,130,0
332.35,10.26,130,0
332.47,10.25,130,0
332.59,10.27,130,0
332.72,10.27,130,0
332.84,10.27,130,0
332.96,10.26,130,0
333.08,10.26,130,0
333.2,10.26,130,0
333.33,10.24,130,0
333.45,10.28,130,0
333.57,10.27,130,0
333.69,10.26,130,0
333.82,10.26,130,0
333.94,10.27,130,0
334.06,10.26,130,0
334.18,10.27,130,0
334.31,10.25,130,0
334.43,10.27,130,0
334.55,10.27,130,0
334.67,10.27,130,0
334.79,10.26,130,0
334.92,10.27,130,0
